dataset,target_id,target_label,target_apis,target_sanitizers,demo_rank,demo_id,demo_label,demo_apis,demo_sanitizers,code_similarity,graph_similarity,hybrid_score,api_similarity,sanitizer_similarity,memory_similarity,security_similarity,retrieval_case
reveal,-1929262071302712016_0,0,,2,1,-1929262071302712016_823,0,,3,0.4583,0.2352,0.3914,1.0,0.6667,0.6667,0.8,Case A (Good)
reveal,-1929262071302712016_0,0,,2,2,-2325305888478261876_456,0,,2,0.3036,0.4617,0.351,1.0,1.0,0.6667,0.9,Case A (Good)
reveal,-1929262071302712016_0,0,,2,3,-3889154245145551951_2522,0,,2,0.3276,0.4,0.3493,1.0,1.0,1.0,1.0,Case A (Good)
reveal,-1929262071302712016_0,0,,2,4,-3889154245145551951_314,0,,1,0.2727,0.011,0.1942,1.0,0.5,0.6667,0.75,Case A (Good)
reveal,-1929262071302712016_0,0,,2,5,1182028467273264883_773,0,,1,0.2,0.0091,0.1427,1.0,0.5,0.6667,0.75,Case D (Missed Security Similarity)
reveal,4496746249504396521_1,0,,1,1,3922590808198483791_1598,0,,2,0.3077,0.5863,0.3913,1.0,0.5,1.0,0.85,Case A (Good)
reveal,4496746249504396521_1,0,,1,2,5357882892791796049_689,0,,1,0.3061,0.4153,0.3389,1.0,1.0,0.6667,0.9,Case A (Good)
reveal,4496746249504396521_1,0,,1,3,-7019074708255236794_657,0,,1,0.3148,0.3834,0.3354,1.0,1.0,1.0,1.0,Case A (Good)
reveal,4496746249504396521_1,0,,1,4,-6216181551924087864_2111,0,calloc,3,0.3,0.2838,0.2951,0.0,0.3333,0.3333,0.2,Case B (Superficially Similar)
reveal,4496746249504396521_1,0,,1,5,5357882892791796049_1036,0,,1,0.2857,0.2854,0.2856,1.0,1.0,0.3333,0.8,Case A (Good)
reveal,2636502839178711655_2,1,,2,1,5976900907644301719_2187,0,,1,0.1868,0.6008,0.311,1.0,0.5,1.0,0.85,Case D (Missed Security Similarity)
reveal,2636502839178711655_2,1,,2,2,8637588907624249958_249,0,,1,0.1837,0.3088,0.2212,1.0,0.5,0.6667,0.75,Case D (Missed Security Similarity)
reveal,2636502839178711655_2,1,,2,3,-8919449269326401539_969,0,,1,0.1634,0.347,0.2185,1.0,0.5,0.6667,0.75,Case D (Missed Security Similarity)
reveal,2636502839178711655_2,1,,2,4,-5082285935423529157_2501,0,,2,0.1866,0.1278,0.1689,1.0,1.0,0.6667,0.9,Case D (Missed Security Similarity)
reveal,2636502839178711655_2,1,,2,5,-5082285935423529157_2159,0,,2,0.1825,0.1278,0.1661,1.0,1.0,0.6667,0.9,Case D (Missed Security Similarity)
reveal,-8556362624908896577_3,0,,1,1,-5262394088289559608_2428,0,,1,0.3947,0.5426,0.4391,1.0,1.0,1.0,1.0,Case A (Good)
reveal,-8556362624908896577_3,0,,1,2,-2915908172644760936_1536,0,,1,0.3636,0.2741,0.3368,1.0,1.0,0.6667,0.9,Case A (Good)
reveal,-8556362624908896577_3,0,,1,3,2713698759296604855_1523,0,,1,0.2558,0.3884,0.2956,1.0,1.0,1.0,1.0,Case A (Good)
reveal,-8556362624908896577_3,0,,1,4,-6119142299306266167_900,0,,1,0.2097,0.2055,0.2084,1.0,1.0,0.3333,0.8,Case D (Missed Security Similarity)
reveal,-8556362624908896577_3,0,,1,5,-8933711118846965366_2006,0,,1,0.26,0.0091,0.1847,1.0,1.0,0.6667,0.9,Case A (Good)
reveal,8801969307247112896_4,0,memcpy,2,1,8801969307247112896_1704,0,memcpy,3,0.3033,0.3271,0.3105,1.0,0.6667,1.0,0.9,Case A (Good)
reveal,8801969307247112896_4,0,memcpy,2,2,8801969307247112896_2385,0,memcpy,3,0.3033,0.3271,0.3105,1.0,0.6667,1.0,0.9,Case A (Good)
reveal,8801969307247112896_4,0,memcpy,2,3,8801969307247112896_438,0,memcpy,3,0.2749,0.3271,0.2906,1.0,0.6667,1.0,0.9,Case A (Good)
reveal,8801969307247112896_4,0,memcpy,2,4,8801969307247112896_1211,0,,2,0.3659,0.0139,0.2603,0.0,1.0,1.0,0.6,Case A (Good)
reveal,8801969307247112896_4,0,memcpy,2,5,-6627217369018123590_941,0,,0,0.0632,0.0366,0.0552,0.0,0.0,0.3333,0.1,Uncorrelated / Low Similarity
reveal,-2591112946600337077_5,0,memcpy,2,1,-4106680724983638989_1660,1,memcpy,2,0.292,0.6721,0.4061,1.0,1.0,0.6667,0.9,Case C (Dangerous - Label Mismatch)
reveal,-2591112946600337077_5,0,memcpy,2,2,252275190935145023_1177,0,,1,0.2658,0.4066,0.308,0.0,0.5,0.6667,0.35,Case B (Superficially Similar)
reveal,-2591112946600337077_5,0,memcpy,2,3,-1283648210945038844_2374,0,,1,0.2967,0.3009,0.298,0.0,0.5,1.0,0.45,Case B (Superficially Similar)
reveal,-2591112946600337077_5,0,memcpy,2,4,-1283648210945038844_2483,0,,1,0.2857,0.3235,0.297,0.0,0.5,1.0,0.45,Case B (Superficially Similar)
reveal,-2591112946600337077_5,0,memcpy,2,5,-3740862514502467070_1688,0,calloc|malloc|free|memset,3,0.218,0.0105,0.1558,0.0,0.6667,0.3333,0.3,Uncorrelated / Low Similarity
reveal,-769658847024738738_6,0,,1,1,-769658847024738738_708,1,fprintf|realloc,2,0.3376,0.6239,0.4235,0.0,0.5,0.3333,0.25,Case C (Dangerous - Label Mismatch)
reveal,-769658847024738738_6,0,,1,2,-769658847024738738_1085,0,strcpy|malloc|free|realloc,1,0.3267,0.5747,0.4011,0.0,1.0,0.3333,0.4,Case B (Superficially Similar)
reveal,-769658847024738738_6,0,,1,3,-3889154245145551951_191,0,read|free,1,0.2034,0.6368,0.3334,0.0,1.0,0.3333,0.4,Uncorrelated / Low Similarity
reveal,-769658847024738738_6,0,,1,4,3919646340804521652_444,0,strcmp|fgets,2,0.1748,0.6681,0.3228,0.0,0.0,1.0,0.3,Uncorrelated / Low Similarity
reveal,-769658847024738738_6,0,,1,5,-2386031673786599357_1236,0,strcpy|malloc|free,2,0.2677,0.3933,0.3054,0.0,0.5,0.3333,0.25,Case B (Superficially Similar)
reveal,847431771831526026_7,0,,2,1,3887066622454352196_635,1,,2,0.2308,0.3582,0.269,1.0,1.0,0.6667,0.9,Case D (Missed Security Similarity)
reveal,847431771831526026_7,0,,2,2,-8365810778652022218_413,0,,2,0.1639,0.4596,0.2526,1.0,0.3333,0.3333,0.6,Case D (Missed Security Similarity)
reveal,847431771831526026_7,0,,2,3,-2222463888415249941_2815,0,,1,0.2,0.303,0.2309,1.0,0.5,1.0,0.85,Case D (Missed Security Similarity)
reveal,847431771831526026_7,0,,2,4,-8365810778652022218_345,0,,1,0.2,0.2086,0.2026,1.0,0.5,0.3333,0.65,Case D (Missed Security Similarity)
reveal,847431771831526026_7,0,,2,5,-1315695702746584250_423,0,,1,0.2143,0.0096,0.1529,1.0,0.5,0.3333,0.65,Case D (Missed Security Similarity)
reveal,4423867112908498696_8,1,,2,1,4423867112908498696_2937,1,,1,0.5833,0.4604,0.5464,1.0,0.5,1.0,0.85,Case A (Good)
reveal,4423867112908498696_8,1,,2,2,-7117046864335130087_1027,1,,1,0.2069,0.4937,0.2929,1.0,0.5,0.3333,0.65,Case D (Missed Security Similarity)
reveal,4423867112908498696_8,1,,2,3,-7117046864335130087_1274,0,,1,0.2,0.2928,0.2279,1.0,0.5,0.6667,0.75,Case D (Missed Security Similarity)
reveal,4423867112908498696_8,1,,2,4,4180964683905830761_2072,0,,1,0.1212,0.4471,0.219,1.0,0.5,0.3333,0.65,Case D (Missed Security Similarity)
reveal,4423867112908498696_8,1,,2,5,-7117046864335130087_365,0,,1,0.2132,0.1296,0.1881,1.0,0.5,0.6667,0.75,Case D (Missed Security Similarity)
reveal,1182028467273264883_9,0,strcmp,1,1,1182028467273264883_451,0,,2,0.4432,0.4491,0.445,0.0,0.5,1.0,0.45,Case B (Superficially Similar)
reveal,1182028467273264883_9,0,strcmp,1,2,1182028467273264883_505,0,memcpy|write,2,0.2667,0.3414,0.2891,0.0,0.5,1.0,0.45,Case B (Superficially Similar)
reveal,1182028467273264883_9,0,strcmp,1,3,1182028467273264883_2459,1,popen|strncmp|fgets,3,0.2469,0.013,0.1767,0.0,0.3333,1.0,0.4,Uncorrelated / Low Similarity
reveal,1182028467273264883_9,0,strcmp,1,4,3804373597256531021_2595,0,,3,0.1391,0.2603,0.1755,0.0,0.3333,1.0,0.4,Uncorrelated / Low Similarity
reveal,1182028467273264883_9,0,strcmp,1,5,1182028467273264883_1365,0,,1,0.2388,0.01,0.1702,0.0,1.0,0.6667,0.5,Case D (Missed Security Similarity)
reveal,-3740862514502467070_10,0,,1,1,-3740862514502467070_1362,0,,1,0.4394,0.4369,0.4387,1.0,1.0,1.0,1.0,Case A (Good)
reveal,-3740862514502467070_10,0,,1,2,-9028269206303312561_1788,0,,1,0.3117,0.6259,0.406,1.0,1.0,1.0,1.0,Case A (Good)
reveal,-3740862514502467070_10,0,,1,3,-3740862514502467070_1690,0,strcpy|fclose|fprintf|open|free|malloc|fopen,2,0.3267,0.5105,0.3819,0.0,0.5,0.6667,0.35,Case B (Superficially Similar)
reveal,-3740862514502467070_10,0,,1,4,3649198920984613385_1298,0,,1,0.1395,0.4179,0.223,1.0,1.0,0.6667,0.9,Case D (Missed Security Similarity)
reveal,-3740862514502467070_10,0,,1,5,5611940141018433728_2464,0,,1,0.3077,0.0114,0.2188,1.0,1.0,1.0,1.0,Case A (Good)
reveal,-2908211205972632000_11,0,,2,1,-2908211205972632000_1582,0,,2,0.4878,0.6475,0.5357,1.0,1.0,1.0,1.0,Case A (Good)
reveal,-2908211205972632000_11,0,,2,2,-4555950263653671147_154,0,,3,0.2034,0.4502,0.2774,1.0,0.6667,1.0,0.9,Case D (Missed Security Similarity)
reveal,-2908211205972632000_11,0,,2,3,1760449185745615462_2090,0,,0,0.2273,0.3682,0.2695,1.0,0.0,0.6667,0.6,Case D (Missed Security Similarity)
reveal,-2908211205972632000_11,0,,2,4,6336384260629386331_2407,0,,2,0.22,0.369,0.2647,1.0,1.0,0.6667,0.9,Case D (Missed Security Similarity)
reveal,-2908211205972632000_11,0,,2,5,-4885528830177756816_2752,0,memcpy,2,0.1897,0.3058,0.2245,0.0,0.3333,1.0,0.4,Uncorrelated / Low Similarity
reveal,7399683071036018868_12,0,strcmp|read,1,1,1223258652239369123_1078,1,,3,0.2676,1.0,0.4873,0.0,0.3333,0.6667,0.3,Case C (Dangerous - Label Mismatch)
reveal,7399683071036018868_12,0,strcmp|read,1,2,7399683071036018868_520,0,strcmp,2,0.4247,0.5556,0.4639,0.5,0.5,0.6667,0.55,Case A (Good)
reveal,7399683071036018868_12,0,strcmp|read,1,3,7399683071036018868_2633,0,strcmp,2,0.3867,0.4651,0.4102,0.5,0.5,0.6667,0.55,Case A (Good)
reveal,7399683071036018868_12,0,strcmp|read,1,4,7399683071036018868_1079,0,,2,0.2329,0.4651,0.3025,0.0,0.5,1.0,0.45,Uncorrelated / Low Similarity
reveal,7399683071036018868_12,0,strcmp|read,1,5,2895622461494525400_1828,0,printf,1,0.1831,0.0382,0.1396,0.0,1.0,0.6667,0.5,Case D (Missed Security Similarity)
reveal,-4558261210024070448_13,0,,3,1,-4558261210024070448_464,0,,2,0.4222,0.3762,0.4084,1.0,0.6667,1.0,0.9,Case A (Good)
reveal,-4558261210024070448_13,0,,3,2,-4558261210024070448_2211,1,,2,0.4222,0.3762,0.4084,1.0,0.6667,1.0,0.9,Case C (Dangerous - Label Mismatch)
reveal,-4558261210024070448_13,0,,3,3,-4558261210024070448_2209,0,,2,0.3659,0.2186,0.3217,1.0,0.6667,1.0,0.9,Case A (Good)
reveal,-4558261210024070448_13,0,,3,4,-1055531103257174901_1110,0,,2,0.2692,0.3126,0.2823,1.0,0.6667,1.0,0.9,Case A (Good)
reveal,-4558261210024070448_13,0,,3,5,-5615323818347734353_370,0,,2,0.2449,0.3329,0.2713,1.0,0.6667,1.0,0.9,Case D (Missed Security Similarity)
reveal,2388171415474875762_14,0,,1,1,2388171415474875762_704,0,,0,0.4789,0.8831,0.6001,1.0,0.0,1.0,0.7,Case A (Good)
reveal,2388171415474875762_14,0,,1,2,2388171415474875762_311,0,,0,0.7077,0.0933,0.5234,1.0,0.0,1.0,0.7,Case A (Good)
reveal,2388171415474875762_14,0,,1,3,2388171415474875762_1532,0,,0,0.5417,0.0177,0.3845,1.0,0.0,1.0,0.7,Case A (Good)
reveal,2388171415474875762_14,0,,1,4,2388171415474875762_1797,0,,0,0.5224,0.053,0.3816,1.0,0.0,1.0,0.7,Case A (Good)
reveal,2388171415474875762_14,0,,1,5,2388171415474875762_2357,0,,0,0.52,0.0222,0.3707,1.0,0.0,1.0,0.7,Case A (Good)
reveal,8170016074494868282_15,0,,1,1,8170016074494868282_1263,0,send,2,0.4068,0.0358,0.2955,0.0,0.5,0.6667,0.35,Case B (Superficially Similar)
reveal,8170016074494868282_15,0,,1,2,6099731296275586910_2420,1,strcmp,2,0.3059,0.0435,0.2272,0.0,0.5,1.0,0.45,Case C (Dangerous - Label Mismatch)
reveal,8170016074494868282_15,0,,1,3,-8041308796088637266_273,0,fprintf,0,0.1591,0.0306,0.1206,0.0,0.0,0.3333,0.1,Uncorrelated / Low Similarity
reveal,8170016074494868282_15,0,,1,4,2895622461494525400_2489,0,printf,2,0.1222,0.037,0.0966,0.0,0.5,0.3333,0.25,Uncorrelated / Low Similarity
reveal,8170016074494868282_15,0,,1,5,-7136186224744987223_171,1,memcpy|strcmp|snprintf|malloc|read|free|memmove,3,0.0562,0.0282,0.0478,0.0,0.3333,0.6667,0.3,Uncorrelated / Low Similarity
reveal,-1315695702746584250_16,0,,0,1,-1315695702746584250_1723,0,,0,0.7317,0.9926,0.81,1.0,1.0,1.0,1.0,Case A (Good)
reveal,-1315695702746584250_16,0,,0,2,-1315695702746584250_1279,0,,0,0.7317,0.9926,0.81,1.0,1.0,1.0,1.0,Case A (Good)
reveal,-1315695702746584250_16,0,,0,3,-1315695702746584250_2516,0,,0,0.7317,0.9926,0.81,1.0,1.0,1.0,1.0,Case A (Good)
reveal,-1315695702746584250_16,0,,0,4,-1315695702746584250_1898,0,,0,0.7317,0.9926,0.81,1.0,1.0,1.0,1.0,Case A (Good)
reveal,-1315695702746584250_16,0,,0,5,-1315695702746584250_2942,0,,0,0.3913,0.7787,0.5075,1.0,1.0,1.0,1.0,Case A (Good)
reveal,455172021572601154_17,0,memmove|memcpy,2,1,8971837418146377192_488,1,strcpy|memcpy,2,0.2588,0.661,0.3795,0.3333,1.0,0.6667,0.6333,Case C (Dangerous - Label Mismatch)
reveal,455172021572601154_17,0,memmove|memcpy,2,2,3426991998365732450_522,1,memcpy,1,0.2687,0.5563,0.3549,0.5,0.5,0.3333,0.45,Case C (Dangerous - Label Mismatch)
reveal,455172021572601154_17,0,memmove|memcpy,2,3,378220832151730865_1759,0,,1,0.24,0.4826,0.3128,0.0,0.5,0.6667,0.35,Uncorrelated / Low Similarity
reveal,455172021572601154_17,0,memmove|memcpy,2,4,378220832151730865_842,1,,2,0.2137,0.5042,0.3008,0.0,1.0,0.3333,0.4,Uncorrelated / Low Similarity
reveal,455172021572601154_17,0,memmove|memcpy,2,5,378220832151730865_996,0,,2,0.213,0.5,0.2991,0.0,1.0,0.3333,0.4,Uncorrelated / Low Similarity
reveal,7092216800726729686_18,0,,0,1,4489017523191997023_2642,0,,0,0.7778,1.0,0.8444,1.0,1.0,1.0,1.0,Case A (Good)
reveal,7092216800726729686_18,0,,0,2,7092216800726729686_1807,0,,0,0.7778,1.0,0.8444,1.0,1.0,1.0,1.0,Case A (Good)
reveal,7092216800726729686_18,0,,0,3,4489017523191997023_1823,0,,0,0.7778,1.0,0.8444,1.0,1.0,1.0,1.0,Case A (Good)
reveal,7092216800726729686_18,0,,0,4,4489017523191997023_952,0,,0,0.7778,1.0,0.8444,1.0,1.0,1.0,1.0,Case A (Good)
reveal,7092216800726729686_18,0,,0,5,4489017523191997023_936,0,,0,0.7778,1.0,0.8444,1.0,1.0,1.0,1.0,Case A (Good)
reveal,4206838170759624883_19,0,,2,1,-1315695702746584250_1685,0,,2,0.2143,0.4633,0.289,1.0,1.0,1.0,1.0,Case D (Missed Security Similarity)
reveal,4206838170759624883_19,0,,2,2,1760449185745615462_1563,0,,1,0.1467,0.5137,0.2568,1.0,0.5,1.0,0.85,Case D (Missed Security Similarity)
reveal,4206838170759624883_19,0,,2,3,9176142195250515812_269,0,,2,0.1553,0.4783,0.2522,1.0,1.0,1.0,1.0,Case D (Missed Security Similarity)
reveal,4206838170759624883_19,0,,2,4,1760449185745615462_2026,0,,1,0.1493,0.3337,0.2046,1.0,0.5,1.0,0.85,Case D (Missed Security Similarity)
reveal,4206838170759624883_19,0,,2,5,3935234056444097745_2188,0,,0,0.1852,0.212,0.1932,1.0,0.0,0.6667,0.6,Case D (Missed Security Similarity)
reveal,-3889154245145551951_20,0,free,2,1,2521579609370336371_2839,0,memcpy,2,0.1497,0.5942,0.2831,0.0,1.0,0.6667,0.5,Case D (Missed Security Similarity)
reveal,-3889154245145551951_20,0,free,2,2,6709099320123900016_1243,0,memset|memcpy|strncmp,3,0.1387,0.507,0.2492,0.0,0.6667,0.6667,0.4,Uncorrelated / Low Similarity
reveal,-3889154245145551951_20,0,free,2,3,136942900289772931_2857,0,,1,0.1282,0.1717,0.1412,0.0,0.5,0.6667,0.35,Uncorrelated / Low Similarity
reveal,-3889154245145551951_20,0,free,2,4,-2607754285145856562_807,0,memmove|memcpy|malloc,2,0.1595,0.0948,0.1401,0.0,1.0,1.0,0.6,Case D (Missed Security Similarity)
reveal,-3889154245145551951_20,0,free,2,5,5400542917484463750_1178,1,,1,0.0935,0.1406,0.1076,0.0,0.5,0.3333,0.25,Uncorrelated / Low Similarity
reveal,131568608762928706_21,0,strncpy|close|open|fprintf|write,3,1,1949916022780590905_1644,0,,2,0.2157,0.4489,0.2856,0.0,0.6667,1.0,0.5,Case D (Missed Security Similarity)
reveal,131568608762928706_21,0,strncpy|close|open|fprintf|write,3,2,2713698759296604855_357,0,,2,0.2473,0.2547,0.2495,0.0,0.6667,1.0,0.5,Case D (Missed Security Similarity)
reveal,131568608762928706_21,0,strncpy|close|open|fprintf|write,3,3,-6216181551924087864_2111,0,calloc,3,0.2286,0.2581,0.2374,0.0,1.0,0.6667,0.5,Case D (Missed Security Similarity)
reveal,131568608762928706_21,0,strncpy|close|open|fprintf|write,3,4,-341028540041678099_2461,0,fprintf|strcmp,1,0.1983,0.2619,0.2174,0.1667,0.3333,1.0,0.4667,Uncorrelated / Low Similarity
reveal,131568608762928706_21,0,strncpy|close|open|fprintf|write,3,5,-5992472514718425579_2262,0,,0,0.1319,0.3142,0.1866,0.0,0.0,0.3333,0.1,Uncorrelated / Low Similarity
reveal,229962612204196999_22,0,fprintf|free,1,1,-3740862514502467070_1548,0,,2,0.2381,0.4934,0.3147,0.0,0.5,0.3333,0.25,Uncorrelated / Low Similarity
reveal,229962612204196999_22,0,fprintf|free,1,2,-3740862514502467070_383,0,,2,0.2289,0.4766,0.3032,0.0,0.5,0.3333,0.25,Uncorrelated / Low Similarity
reveal,229962612204196999_22,0,fprintf|free,1,3,6595989226414083189_264,0,,1,0.1842,0.3895,0.2458,0.0,1.0,0.6667,0.5,Case D (Missed Security Similarity)
reveal,229962612204196999_22,0,fprintf|free,1,4,-8815658870890288443_1683,1,,1,0.0882,0.0298,0.0707,0.0,1.0,0.3333,0.4,Uncorrelated / Low Similarity
reveal,229962612204196999_22,0,fprintf|free,1,5,7823043019110226810_864,0,,0,0.0845,0.0298,0.0681,0.0,0.0,0.3333,0.1,Uncorrelated / Low Similarity
reveal,7092216800726729686_23,0,,2,1,4489017523191997023_782,1,,2,0.6667,1.0,0.7667,1.0,1.0,1.0,1.0,Case C (Dangerous - Label Mismatch)
reveal,7092216800726729686_23,0,,2,2,4489017523191997023_1634,0,,2,0.48,1.0,0.636,1.0,1.0,1.0,1.0,Case A (Good)
reveal,7092216800726729686_23,0,,2,3,4489017523191997023_2895,1,,2,0.4615,1.0,0.6231,1.0,1.0,1.0,1.0,Case C (Dangerous - Label Mismatch)
reveal,7092216800726729686_23,0,,2,4,4489017523191997023_789,1,,2,0.5102,0.6897,0.564,1.0,1.0,1.0,1.0,Case C (Dangerous - Label Mismatch)
reveal,7092216800726729686_23,0,,2,5,4489017523191997023_2061,0,,1,0.5714,0.4516,0.5355,1.0,0.5,0.6667,0.75,Case A (Good)
reveal,3246343243711264189_24,0,fprintf,2,1,3246343243711264189_1113,0,read,2,0.6292,0.7257,0.6582,0.0,1.0,1.0,0.6,Case A (Good)
reveal,3246343243711264189_24,0,fprintf,2,2,4180964683905830761_549,0,strcpy,1,0.2072,0.4528,0.2809,0.0,0.5,0.3333,0.25,Uncorrelated / Low Similarity
reveal,3246343243711264189_24,0,fprintf,2,3,-3740862514502467070_865,0,,2,0.2222,0.3908,0.2728,0.0,0.3333,0.6667,0.3,Uncorrelated / Low Similarity
reveal,3246343243711264189_24,0,fprintf,2,4,6790518433053241091_833,0,,3,0.2404,0.3037,0.2594,0.0,0.6667,1.0,0.5,Case D (Missed Security Similarity)
reveal,3246343243711264189_24,0,fprintf,2,5,9046191708840218774_1071,0,memcpy,1,0.1818,0.2745,0.2096,0.0,0.5,0.6667,0.35,Uncorrelated / Low Similarity
reveal,-1055531103257174901_25,0,,1,1,-7777331401175181229_921,0,,1,0.4375,0.1946,0.3646,1.0,1.0,1.0,1.0,Case A (Good)
reveal,-1055531103257174901_25,0,,1,2,4206838170759624883_2527,0,,2,0.4545,0.1217,0.3547,1.0,0.5,1.0,0.85,Case A (Good)
reveal,-1055531103257174901_25,0,,1,3,-9028269206303312561_1791,0,,0,0.2439,0.3399,0.2727,1.0,0.0,1.0,0.7,Case D (Missed Security Similarity)
reveal,-1055531103257174901_25,0,,1,4,2546373479020365143_1803,0,,0,0.25,0.1985,0.2345,1.0,0.0,1.0,0.7,Case A (Good)
reveal,-1055531103257174901_25,0,,1,5,-3975292313894439939_2917,0,,0,0.2368,0.0331,0.1757,1.0,0.0,1.0,0.7,Case D (Missed Security Similarity)
reveal,-5018199117312371093_26,0,,1,1,-7555034601056330007_2989,0,,0,0.1304,0.347,0.1954,1.0,0.0,0.6667,0.6,Case D (Missed Security Similarity)
reveal,-5018199117312371093_26,0,,1,2,-5537985723411439312_1087,0,,1,0.1731,0.1979,0.1805,1.0,0.0,0.6667,0.6,Case D (Missed Security Similarity)
reveal,-5018199117312371093_26,0,,1,3,-3499560027604042885_542,0,,0,0.1522,0.1882,0.163,1.0,0.0,0.6667,0.6,Case D (Missed Security Similarity)
reveal,-5018199117312371093_26,0,,1,4,-341028540041678099_571,0,,0,0.1607,0.1533,0.1585,1.0,0.0,0.6667,0.6,Case D (Missed Security Similarity)
reveal,-5018199117312371093_26,0,,1,5,5835074581393329621_2245,0,,1,0.2,0.013,0.1439,1.0,1.0,1.0,1.0,Case D (Missed Security Similarity)
reveal,7092216800726729686_27,0,,0,1,4489017523191997023_2642,0,,0,0.7778,1.0,0.8444,1.0,1.0,1.0,1.0,Case A (Good)
reveal,7092216800726729686_27,0,,0,2,7092216800726729686_1807,0,,0,0.7778,1.0,0.8444,1.0,1.0,1.0,1.0,Case A (Good)
reveal,7092216800726729686_27,0,,0,3,4489017523191997023_1823,0,,0,0.7778,1.0,0.8444,1.0,1.0,1.0,1.0,Case A (Good)
reveal,7092216800726729686_27,0,,0,4,4489017523191997023_952,0,,0,0.7778,1.0,0.8444,1.0,1.0,1.0,1.0,Case A (Good)
reveal,7092216800726729686_27,0,,0,5,4489017523191997023_936,0,,0,0.7778,1.0,0.8444,1.0,1.0,1.0,1.0,Case A (Good)
reveal,174091092490434632_28,0,send,1,1,4537091194729139981_1139,0,,1,0.2239,0.2373,0.2279,0.0,1.0,1.0,0.6,Case D (Missed Security Similarity)
reveal,174091092490434632_28,0,send,1,2,355220887711506893_2123,0,,0,0.1429,0.2373,0.1712,0.0,0.0,0.6667,0.2,Uncorrelated / Low Similarity
reveal,174091092490434632_28,0,send,1,3,8849962823026424130_371,0,,1,0.1887,0.0899,0.159,0.0,1.0,1.0,0.6,Case D (Missed Security Similarity)
reveal,174091092490434632_28,0,send,1,4,6458694302493204858_990,0,,2,0.1528,0.0263,0.1148,0.0,0.5,1.0,0.45,Uncorrelated / Low Similarity
reveal,174091092490434632_28,0,send,1,5,-5420171864670538459_1772,1,,0,0.12,0.0583,0.1015,0.0,0.0,0.6667,0.2,Uncorrelated / Low Similarity
reveal,-5689214734378699681_29,0,,1,1,252275190935145023_1177,0,,1,0.4286,0.7242,0.5173,1.0,1.0,0.6667,0.9,Case A (Good)
reveal,-5689214734378699681_29,0,,1,2,8320716512483418415_2411,1,,1,0.4545,0.4306,0.4474,1.0,1.0,1.0,1.0,Case C (Dangerous - Label Mismatch)
reveal,-5689214734378699681_29,0,,1,3,8320716512483418415_467,0,,1,0.4444,0.355,0.4176,1.0,1.0,1.0,1.0,Case A (Good)
reveal,-5689214734378699681_29,0,,1,4,-1283648210945038844_2483,0,,1,0.3276,0.3341,0.3295,1.0,1.0,1.0,1.0,Case A (Good)
reveal,-5689214734378699681_29,0,,1,5,-1283648210945038844_2374,0,,1,0.322,0.2908,0.3127,1.0,1.0,1.0,1.0,Case A (Good)
reveal,4489017523191997023_30,0,,0,1,4489017523191997023_550,0,,0,0.7692,1.0,0.8385,1.0,1.0,1.0,1.0,Case A (Good)
reveal,4489017523191997023_30,0,,0,2,4489017523191997023_2784,0,,0,0.7692,1.0,0.8385,1.0,1.0,1.0,1.0,Case A (Good)
reveal,4489017523191997023_30,0,,0,3,4489017523191997023_598,0,,0,0.7692,1.0,0.8385,1.0,1.0,1.0,1.0,Case A (Good)
reveal,4489017523191997023_30,0,,0,4,7092216800726729686_155,0,,0,0.7692,1.0,0.8385,1.0,1.0,1.0,1.0,Case A (Good)
reveal,4489017523191997023_30,0,,0,5,4489017523191997023_560,0,,0,0.7407,1.0,0.8185,1.0,1.0,1.0,1.0,Case A (Good)
reveal,1891617106617090004_31,0,,1,1,-7049333455584635197_2189,1,,1,0.7742,1.0,0.8419,1.0,1.0,1.0,1.0,Case C (Dangerous - Label Mismatch)
reveal,1891617106617090004_31,0,,1,2,313627013719508831_1887,0,,1,0.28,0.4097,0.3189,1.0,1.0,1.0,1.0,Case A (Good)
reveal,1891617106617090004_31,0,,1,3,-6024601983167898950_1896,0,,0,0.2791,0.3389,0.297,1.0,0.0,0.6667,0.6,Case A (Good)
reveal,1891617106617090004_31,0,,1,4,-1483849844579170895_466,0,,0,0.2857,0.2872,0.2862,1.0,0.0,0.6667,0.6,Case A (Good)
reveal,1891617106617090004_31,0,,1,5,6249489553242542670_112,0,,0,0.2683,0.2465,0.2618,1.0,0.0,0.6667,0.6,Case A (Good)
reveal,1788300783882316916_32,0,,1,1,7607805321589710329_2823,0,,0,0.104,0.3567,0.1798,1.0,0.0,0.3333,0.5,Case D (Missed Security Similarity)
reveal,1788300783882316916_32,0,,1,2,-2901388205723537271_1863,0,close,0,0.0741,0.186,0.1077,0.0,0.0,0.3333,0.1,Uncorrelated / Low Similarity
reveal,1788300783882316916_32,0,,1,3,927123821003322045_259,0,,1,0.0723,0.085,0.0761,1.0,1.0,0.6667,0.9,Case D (Missed Security Similarity)
reveal,1788300783882316916_32,0,,1,4,927123821003322045_223,0,,1,0.0657,0.0333,0.056,1.0,1.0,0.6667,0.9,Case D (Missed Security Similarity)
reveal,1788300783882316916_32,0,,1,5,-770464550770502023_1986,0,,1,0.0615,0.0333,0.0531,1.0,1.0,0.6667,0.9,Case D (Missed Security Similarity)
reveal,4489017523191997023_33,0,,1,1,7092216800726729686_1883,0,,1,0.7857,1.0,0.85,1.0,1.0,1.0,1.0,Case A (Good)
reveal,4489017523191997023_33,0,,1,2,7092216800726729686_1066,0,,1,0.7857,1.0,0.85,1.0,1.0,1.0,1.0,Case A (Good)
reveal,4489017523191997023_33,0,,1,3,7092216800726729686_561,0,,1,0.7857,1.0,0.85,1.0,1.0,1.0,1.0,Case A (Good)
reveal,4489017523191997023_33,0,,1,4,4489017523191997023_1615,0,,1,0.7857,1.0,0.85,1.0,1.0,1.0,1.0,Case A (Good)
reveal,4489017523191997023_33,0,,1,5,825216912438754622_246,0,,1,0.7778,1.0,0.8444,1.0,1.0,1.0,1.0,Case A (Good)
reveal,-1457977271973356031_34,0,,0,1,7279312193592248512_2144,0,,1,0.1277,0.0247,0.0968,1.0,0.0,0.3333,0.5,Case D (Missed Security Similarity)
reveal,-1457977271973356031_34,0,,0,2,-2625033791912996344_527,0,,1,0.1132,0.0246,0.0866,1.0,0.0,0.6667,0.6,Case D (Missed Security Similarity)
reveal,-1457977271973356031_34,0,,0,3,-7137859843679922870_1761,0,,2,0.1,0.0327,0.0798,1.0,0.0,0.3333,0.5,Case D (Missed Security Similarity)
reveal,-1457977271973356031_34,0,,0,4,-7137859843679922870_1877,0,,2,0.0896,0.0309,0.072,1.0,0.0,0.3333,0.5,Case D (Missed Security Similarity)
reveal,-1457977271973356031_34,0,,0,5,-1919011628477388936_537,0,,1,0.075,0.0237,0.0596,1.0,0.0,0.3333,0.5,Case D (Missed Security Similarity)
reveal,-1919011628477388936_35,0,,1,1,-5268859819325807498_2099,0,,1,0.3158,0.6007,0.4013,1.0,1.0,1.0,1.0,Case A (Good)
reveal,-1919011628477388936_35,0,,1,2,-7440595807730782314_2455,0,,0,0.3448,0.1867,0.2974,1.0,0.0,0.6667,0.6,Case A (Good)
reveal,-1919011628477388936_35,0,,1,3,-1929262071302712016_1443,0,,0,0.2727,0.2089,0.2536,1.0,0.0,0.6667,0.6,Case A (Good)
reveal,-1919011628477388936_35,0,,1,4,-1672864273235910388_2078,0,,0,0.2581,0.1769,0.2337,1.0,0.0,0.6667,0.6,Case A (Good)
reveal,-1919011628477388936_35,0,,1,5,-7434014980763120366_1400,0,,0,0.25,0.1695,0.2259,1.0,0.0,0.6667,0.6,Case A (Good)
reveal,6664609110189077049_36,0,,1,1,-5602110576334023565_1695,0,,1,0.28,0.5814,0.3704,1.0,1.0,0.6667,0.9,Case A (Good)
reveal,6664609110189077049_36,0,,1,2,-2915908172644760936_592,0,,1,0.2963,0.457,0.3445,1.0,1.0,1.0,1.0,Case A (Good)
reveal,6664609110189077049_36,0,,1,3,-2915908172644760936_1386,0,,1,0.2874,0.4492,0.3359,1.0,1.0,1.0,1.0,Case A (Good)
reveal,6664609110189077049_36,0,,1,4,-3591633859713840564_568,0,memmove|memcpy,4,0.2119,0.4129,0.2722,0.0,0.25,1.0,0.375,Uncorrelated / Low Similarity
reveal,6664609110189077049_36,0,,1,5,1742637512846796448_2580,0,,2,0.2289,0.3688,0.2709,1.0,0.5,0.6667,0.75,Case D (Missed Security Similarity)
reveal,-7884836206149374350_37,0,,0,1,-7884836206149374350_1109,0,,0,0.8235,1.0,0.8765,1.0,1.0,1.0,1.0,Case A (Good)
reveal,-7884836206149374350_37,0,,0,2,416708768813973469_1472,0,,0,0.24,1.0,0.468,1.0,1.0,1.0,1.0,Case D (Missed Security Similarity)
reveal,-7884836206149374350_37,0,,0,3,8461782184979846246_959,0,,1,0.2,1.0,0.44,1.0,0.0,0.6667,0.6,Case D (Missed Security Similarity)
reveal,-7884836206149374350_37,0,,0,4,9165901716987135402_272,0,,1,0.1875,1.0,0.4312,1.0,0.0,0.6667,0.6,Case D (Missed Security Similarity)
reveal,-7884836206149374350_37,0,,0,5,4952739496652083313_2418,0,,0,0.2759,0.4516,0.3286,1.0,1.0,1.0,1.0,Case A (Good)
reveal,1414661670117003749_38,0,,1,1,-8665368283409781704_402,1,,1,0.6389,0.5,0.5972,1.0,1.0,1.0,1.0,Case C (Dangerous - Label Mismatch)
reveal,1414661670117003749_38,0,,1,2,3919646340804521652_1112,0,,1,0.5278,0.316,0.4643,1.0,1.0,1.0,1.0,Case A (Good)
reveal,1414661670117003749_38,0,,1,3,8461266595329035000_653,0,,2,0.2429,0.6473,0.3642,1.0,0.5,1.0,0.85,Case D (Missed Security Similarity)
reveal,1414661670117003749_38,0,,1,4,8461266595329035000_1816,0,,2,0.3333,0.1631,0.2823,1.0,0.5,1.0,0.85,Case A (Good)
reveal,1414661670117003749_38,0,,1,5,8461266595329035000_666,0,,2,0.2857,0.2144,0.2643,1.0,0.5,1.0,0.85,Case A (Good)
reveal,-4885528830177756816_39,0,,1,1,-4885528830177756816_1228,0,,1,0.2679,0.176,0.2403,1.0,1.0,0.6667,0.9,Case A (Good)
reveal,-4885528830177756816_39,0,,1,2,1760449185745615462_418,0,,1,0.0973,0.4838,0.2133,1.0,1.0,0.6667,0.9,Case D (Missed Security Similarity)
reveal,-4885528830177756816_39,0,,1,3,1760449185745615462_321,0,,1,0.121,0.3431,0.1876,1.0,1.0,0.6667,0.9,Case D (Missed Security Similarity)
reveal,-4885528830177756816_39,0,,1,4,1760449185745615462_642,0,,1,0.1066,0.341,0.1769,1.0,1.0,0.6667,0.9,Case D (Missed Security Similarity)
reveal,-4885528830177756816_39,0,,1,5,-5268859819325807498_685,0,,2,0.1167,0.2575,0.1589,1.0,0.5,0.6667,0.75,Case D (Missed Security Similarity)
reveal,-8638406710431929037_40,0,,1,1,-5697857125570093892_431,1,,3,0.2821,0.6681,0.3979,1.0,0.3333,0.6667,0.7,Case C (Dangerous - Label Mismatch)
reveal,-8638406710431929037_40,0,,1,2,-5697857125570093892_972,0,,2,0.2558,0.4839,0.3242,1.0,0.5,0.3333,0.65,Case A (Good)
reveal,-8638406710431929037_40,0,,1,3,378220832151730865_996,0,,2,0.2615,0.4598,0.321,1.0,0.5,1.0,0.85,Case A (Good)
reveal,-8638406710431929037_40,0,,1,4,-8925552398357902286_2617,0,,1,0.2625,0.3141,0.278,1.0,1.0,0.6667,0.9,Case A (Good)
reveal,-8638406710431929037_40,0,,1,5,8084418997489372457_1031,0,,1,0.2131,0.2208,0.2154,1.0,1.0,0.6667,0.9,Case D (Missed Security Similarity)
reveal,1760449185745615462_41,0,,1,1,-3889154245145551951_1424,0,,0,0.2571,0.5236,0.3371,1.0,0.0,0.6667,0.6,Case A (Good)
reveal,1760449185745615462_41,0,,1,2,5704453449583823009_724,0,memcpy,1,0.3158,0.3255,0.3187,0.0,1.0,1.0,0.6,Case A (Good)
reveal,1760449185745615462_41,0,,1,3,-3805791263064294216_1689,0,,0,0.2895,0.1991,0.2624,1.0,0.0,0.6667,0.6,Case A (Good)
reveal,1760449185745615462_41,0,,1,4,5704453449583823009_792,1,memcpy,2,0.25,0.1905,0.2321,0.0,0.5,1.0,0.45,Case C (Dangerous - Label Mismatch)
reveal,1760449185745615462_41,0,,1,5,4976989049001279223_2084,0,,1,0.1905,0.227,0.2014,1.0,1.0,0.6667,0.9,Case D (Missed Security Similarity)
reveal,6249489553242542670_42,0,memset,3,1,378220832151730865_996,0,,2,0.1553,0.3288,0.2073,0.0,0.6667,0.6667,0.4,Uncorrelated / Low Similarity
reveal,6249489553242542670_42,0,memset,3,2,1182028467273264883_569,0,,1,0.1652,0.2992,0.2054,0.0,0.3333,1.0,0.4,Uncorrelated / Low Similarity
reveal,6249489553242542670_42,0,memset,3,3,-8620097311326519087_1625,0,,1,0.1,0.1824,0.1247,0.0,0.3333,1.0,0.4,Uncorrelated / Low Similarity
reveal,6249489553242542670_42,0,memset,3,4,378220832151730865_1759,0,,1,0.1385,0.0083,0.0994,0.0,0.3333,0.3333,0.2,Uncorrelated / Low Similarity
reveal,6249489553242542670_42,0,memset,3,5,-2971164434690241379_2058,0,snprintf,1,0.125,0.0087,0.0901,0.0,0.3333,0.3333,0.2,Uncorrelated / Low Similarity
reveal,-4960438251319819237_43,0,,2,1,-8620097311326519087_1625,0,,1,0.1957,0.4514,0.2724,1.0,0.5,0.6667,0.75,Case D (Missed Security Similarity)
reveal,-4960438251319819237_43,0,,2,2,-2971164434690241379_2058,0,snprintf,1,0.3043,0.1904,0.2702,0.0,0.0,0.6667,0.2,Case B (Superficially Similar)
reveal,-4960438251319819237_43,0,,2,3,6595989226414083189_104,0,,0,0.2857,0.1523,0.2457,1.0,0.0,0.3333,0.5,Case A (Good)
reveal,-4960438251319819237_43,0,,2,4,6595989226414083189_2885,0,,0,0.2857,0.1523,0.2457,1.0,0.0,0.3333,0.5,Case A (Good)
reveal,-4960438251319819237_43,0,,2,5,378220832151730865_1759,0,,1,0.3016,0.009,0.2138,1.0,0.5,0.6667,0.75,Case A (Good)
reveal,-2908211205972632000_44,0,,2,1,-6333668321124139371_2834,0,,2,0.3929,0.5551,0.4415,1.0,1.0,0.6667,0.9,Case A (Good)
reveal,-2908211205972632000_44,0,,2,2,-5268859819325807498_1029,0,,2,0.4194,0.3677,0.4039,1.0,1.0,1.0,1.0,Case A (Good)
reveal,-2908211205972632000_44,0,,2,3,-5268859819325807498_2775,0,,2,0.4194,0.3677,0.4039,1.0,1.0,1.0,1.0,Case A (Good)
reveal,-2908211205972632000_44,0,,2,4,-5268859819325807498_866,0,,2,0.4286,0.2012,0.3604,1.0,1.0,1.0,1.0,Case A (Good)
reveal,-2908211205972632000_44,0,,2,5,-2908211205972632000_2110,0,,2,0.3846,0.0123,0.2729,1.0,1.0,1.0,1.0,Case A (Good)
reveal,-3740862514502467070_45,0,,2,1,-3740862514502467070_1180,0,,1,0.1849,0.4544,0.2657,1.0,0.5,1.0,0.85,Case D (Missed Security Similarity)
reveal,-3740862514502467070_45,0,,2,2,6700989317311037906_1724,1,,1,0.133,0.4651,0.2326,1.0,0.5,1.0,0.85,Case D (Missed Security Similarity)
reveal,-3740862514502467070_45,0,,2,3,-3740862514502467070_1943,0,fprintf|sprintf|free,2,0.1618,0.3864,0.2292,0.0,1.0,0.6667,0.5,Case D (Missed Security Similarity)
reveal,-3740862514502467070_45,0,,2,4,-3740862514502467070_1362,0,,1,0.1984,0.2883,0.2254,1.0,0.5,1.0,0.85,Case D (Missed Security Similarity)
reveal,-3740862514502467070_45,0,,2,5,-3740862514502467070_1450,0,,2,0.1885,0.1645,0.1813,1.0,1.0,0.6667,0.9,Case D (Missed Security Similarity)
reveal,9176142195250515812_46,0,,1,1,-3889154245145551951_612,0,,1,0.2609,0.6235,0.3697,1.0,1.0,0.6667,0.9,Case A (Good)
reveal,9176142195250515812_46,0,,1,2,40954549083559181_1870,0,,2,0.1923,0.527,0.2927,1.0,0.5,0.6667,0.75,Case D (Missed Security Similarity)
reveal,9176142195250515812_46,0,,1,3,-1321749842392027937_2442,0,,2,0.2,0.3514,0.2454,1.0,0.5,0.6667,0.75,Case D (Missed Security Similarity)
reveal,9176142195250515812_46,0,,1,4,-3889154245145551951_88,0,free,1,0.2222,0.2559,0.2323,0.0,1.0,0.3333,0.4,Uncorrelated / Low Similarity
reveal,9176142195250515812_46,0,,1,5,-1321749842392027937_2475,0,,2,0.16,0.2446,0.1854,1.0,0.5,0.6667,0.75,Case D (Missed Security Similarity)
reveal,252275190935145023_47,0,,1,1,252275190935145023_1177,0,,1,0.619,0.9897,0.7302,1.0,1.0,1.0,1.0,Case A (Good)
reveal,252275190935145023_47,0,,1,2,-1283648210945038844_2483,0,,1,0.3281,0.3421,0.3323,1.0,1.0,0.6667,0.9,Case A (Good)
reveal,252275190935145023_47,0,,1,3,-4106680724983638989_1660,1,memcpy,2,0.2809,0.4,0.3166,0.0,0.5,1.0,0.45,Case C (Dangerous - Label Mismatch)
reveal,252275190935145023_47,0,,1,4,-1283648210945038844_2374,0,,1,0.3231,0.2955,0.3148,1.0,1.0,0.6667,0.9,Case A (Good)
reveal,252275190935145023_47,0,,1,5,-3740862514502467070_1688,0,calloc|malloc|free|memset,3,0.215,0.363,0.2594,0.0,0.3333,0.6667,0.3,Uncorrelated / Low Similarity
reveal,-8884965407551053630_48,0,free,2,1,1949916022780590905_668,0,,1,0.1368,0.7299,0.3147,0.0,0.5,0.6667,0.35,Uncorrelated / Low Similarity
reveal,-8884965407551053630_48,0,free,2,2,-8721757784652752372_2631,1,,1,0.13,0.4465,0.2249,0.0,0.5,0.6667,0.35,Uncorrelated / Low Similarity
reveal,-8884965407551053630_48,0,free,2,3,6755873269946787742_1127,0,,2,0.1102,0.4632,0.2161,0.0,1.0,0.6667,0.5,Case D (Missed Security Similarity)
reveal,-8884965407551053630_48,0,free,2,4,6458694302493204858_850,0,,2,0.1318,0.378,0.2056,0.0,1.0,0.6667,0.5,Case D (Missed Security Similarity)
reveal,-8884965407551053630_48,0,free,2,5,1773163316021227217_1408,0,,2,0.1277,0.2814,0.1738,0.0,1.0,0.6667,0.5,Case D (Missed Security Similarity)
reveal,6250095321513210169_49,0,,0,1,-276630365815954771_1434,0,,0,0.4375,0.6126,0.49,1.0,1.0,1.0,1.0,Case A (Good)
reveal,6250095321513210169_49,0,,0,2,-8018308356928846483_2783,0,,0,0.4375,0.6126,0.49,1.0,1.0,1.0,1.0,Case A (Good)
reveal,6250095321513210169_49,0,,0,3,-7555034601056330007_1594,0,,0,0.4375,0.6126,0.49,1.0,1.0,1.0,1.0,Case A (Good)
reveal,6250095321513210169_49,0,,0,4,-8665368283409781704_1757,0,,0,0.3684,0.3002,0.3479,1.0,1.0,1.0,1.0,Case A (Good)
reveal,6250095321513210169_49,0,,0,5,1760449185745615462_1722,0,,1,0.2667,0.0117,0.1902,1.0,0.0,1.0,0.7,Case A (Good)
reveal,6675626110148442062_50,0,memset|memcpy,2,1,6675626110148442062_786,0,,1,0.3455,0.3,0.3318,0.0,0.5,0.6667,0.35,Case B (Superficially Similar)
reveal,6675626110148442062_50,0,memset|memcpy,2,2,373200843854506734_2255,0,,2,0.2316,0.5251,0.3196,0.0,0.3333,0.6667,0.3,Uncorrelated / Low Similarity
reveal,6675626110148442062_50,0,memset|memcpy,2,3,6675626110148442062_1481,0,,1,0.2881,0.2597,0.2796,0.0,0.5,0.3333,0.25,Case B (Superficially Similar)
reveal,6675626110148442062_50,0,memset|memcpy,2,4,-7019074708255236794_1537,0,,0,0.2344,0.2743,0.2463,0.0,0.0,0.3333,0.1,Uncorrelated / Low Similarity
reveal,6675626110148442062_50,0,memset|memcpy,2,5,-5689214734378699681_551,0,,2,0.2,0.1745,0.1924,0.0,0.3333,0.6667,0.3,Uncorrelated / Low Similarity
reveal,4489017523191997023_51,0,,0,1,4489017523191997023_2642,0,,0,0.7143,1.0,0.8,1.0,1.0,1.0,1.0,Case A (Good)
reveal,4489017523191997023_51,0,,0,2,7092216800726729686_1807,0,,0,0.7143,1.0,0.8,1.0,1.0,1.0,1.0,Case A (Good)
reveal,4489017523191997023_51,0,,0,3,4489017523191997023_1823,0,,0,0.7143,1.0,0.8,1.0,1.0,1.0,1.0,Case A (Good)
reveal,4489017523191997023_51,0,,0,4,4489017523191997023_952,0,,0,0.7143,1.0,0.8,1.0,1.0,1.0,1.0,Case A (Good)
reveal,4489017523191997023_51,0,,0,5,4489017523191997023_936,0,,0,0.7143,1.0,0.8,1.0,1.0,1.0,1.0,Case A (Good)
reveal,1020583704101101585_52,1,,1,1,8127806390163862344_1979,0,,2,0.2419,0.3881,0.2858,1.0,0.5,1.0,0.85,Case D (Missed Security Similarity)
reveal,1020583704101101585_52,1,,1,2,-7724655445309867912_2292,0,,1,0.24,0.2594,0.2458,1.0,1.0,1.0,1.0,Case D (Missed Security Similarity)
reveal,1020583704101101585_52,1,,1,3,3528176083733952042_12,1,,1,0.2,0.2258,0.2077,1.0,1.0,0.6667,0.9,Case D (Missed Security Similarity)
reveal,1020583704101101585_52,1,,1,4,-5420171864670538459_2126,1,fprintf|read,1,0.1833,0.2569,0.2054,0.0,1.0,1.0,0.6,Case D (Missed Security Similarity)
reveal,1020583704101101585_52,1,,1,5,-7455544248455991006_2472,0,,2,0.1646,0.2123,0.1789,1.0,0.5,0.6667,0.75,Case D (Missed Security Similarity)
reveal,7092216800726729686_53,0,,0,1,7092216800726729686_1827,0,,0,0.7419,1.0,0.8194,1.0,1.0,1.0,1.0,Case A (Good)
reveal,7092216800726729686_53,0,,0,2,7092216800726729686_2406,0,,0,0.7419,1.0,0.8194,1.0,1.0,1.0,1.0,Case A (Good)
reveal,7092216800726729686_53,0,,0,3,7092216800726729686_2986,0,,0,0.6875,1.0,0.7812,1.0,1.0,1.0,1.0,Case A (Good)
reveal,7092216800726729686_53,0,,0,4,7092216800726729686_534,0,,0,0.6875,1.0,0.7812,1.0,1.0,1.0,1.0,Case A (Good)
reveal,7092216800726729686_53,0,,0,5,7092216800726729686_1013,0,,1,0.6562,1.0,0.7594,1.0,0.0,1.0,0.7,Case A (Good)
reveal,4837267551952413506_54,0,memcpy,1,1,-6068976579504840746_2610,0,memcpy,1,0.2911,0.4367,0.3348,1.0,1.0,1.0,1.0,Case A (Good)
reveal,4837267551952413506_54,0,memcpy,1,2,-3889154245145551951_695,0,,1,0.2203,0.3905,0.2714,0.0,1.0,1.0,0.6,Case D (Missed Security Similarity)
reveal,4837267551952413506_54,0,memcpy,1,3,-5537985723411439312_1087,0,,1,0.1587,0.2115,0.1746,0.0,0.0,1.0,0.3,Uncorrelated / Low Similarity
reveal,4837267551952413506_54,0,memcpy,1,4,3919646340804521652_2852,0,,0,0.1967,0.0148,0.1422,0.0,0.0,0.6667,0.2,Uncorrelated / Low Similarity
reveal,4837267551952413506_54,0,memcpy,1,5,-3499560027604042885_542,0,,0,0.1404,0.0123,0.1019,0.0,0.0,1.0,0.3,Uncorrelated / Low Similarity
reveal,1182028467273264883_55,0,strcmp,3,1,1182028467273264883_2470,0,send|write,2,0.1818,0.6908,0.3345,0.0,0.6667,0.6667,0.4,Uncorrelated / Low Similarity
reveal,1182028467273264883_55,0,strcmp,3,2,1182028467273264883_2693,0,strncmp|strcmp,3,0.2356,0.5381,0.3263,0.5,1.0,1.0,0.8,Case D (Missed Security Similarity)
reveal,1182028467273264883_55,0,strcmp,3,3,6667142528452941476_761,0,fprintf|strcmp,2,0.1504,0.5647,0.2747,0.5,0.6667,0.6667,0.6,Case D (Missed Security Similarity)
reveal,1182028467273264883_55,0,strcmp,3,4,-2724676033474964439_1778,0,memset,3,0.1377,0.5147,0.2508,0.0,1.0,1.0,0.6,Case D (Missed Security Similarity)
reveal,1182028467273264883_55,0,strcmp,3,5,7191899184788440065_2161,0,,1,0.1534,0.3727,0.2192,0.0,0.3333,0.6667,0.3,Uncorrelated / Low Similarity
reveal,-8028756826159773630_56,0,,2,1,3599206110384554647_1145,0,,1,0.2353,0.4341,0.2949,1.0,0.5,0.3333,0.65,Case D (Missed Security Similarity)
reveal,-8028756826159773630_56,0,,2,2,2713698759296604855_357,0,,2,0.2838,0.2918,0.2862,1.0,0.3333,0.6667,0.7,Case A (Good)
reveal,-8028756826159773630_56,0,,2,3,-2962765967726327820_2827,0,,2,0.2414,0.1379,0.2103,1.0,0.3333,0.3333,0.6,Case D (Missed Security Similarity)
reveal,-8028756826159773630_56,0,,2,4,2820551931453396101_1317,0,,1,0.2667,0.0102,0.1897,1.0,0.5,1.0,0.85,Case A (Good)
reveal,-8028756826159773630_56,0,,2,5,3035587999006680483_2554,0,,2,0.2319,0.0106,0.1655,1.0,1.0,0.3333,0.8,Case D (Missed Security Similarity)
reveal,4489017523191997023_57,0,,1,1,7092216800726729686_1883,0,,1,0.7857,1.0,0.85,1.0,1.0,1.0,1.0,Case A (Good)
reveal,4489017523191997023_57,0,,1,2,7092216800726729686_1066,0,,1,0.7857,1.0,0.85,1.0,1.0,1.0,1.0,Case A (Good)
reveal,4489017523191997023_57,0,,1,3,7092216800726729686_561,0,,1,0.7857,1.0,0.85,1.0,1.0,1.0,1.0,Case A (Good)
reveal,4489017523191997023_57,0,,1,4,4489017523191997023_1615,0,,1,0.7857,1.0,0.85,1.0,1.0,1.0,1.0,Case A (Good)
reveal,4489017523191997023_57,0,,1,5,825216912438754622_246,0,,1,0.7778,1.0,0.8444,1.0,1.0,1.0,1.0,Case A (Good)
reveal,-4527380754569407959_58,1,calloc,2,1,1760449185745615462_1900,0,,1,0.3125,0.6012,0.3991,0.0,0.0,0.3333,0.1,Case C (Dangerous - Label Mismatch)
reveal,-4527380754569407959_58,1,calloc,2,2,-16551315108292821_1460,0,,2,0.3061,0.4162,0.3391,0.0,0.3333,0.3333,0.2,Case C (Dangerous - Label Mismatch)
reveal,-4527380754569407959_58,1,calloc,2,3,4372812923566076695_2498,0,,2,0.2,0.4769,0.2831,0.0,0.3333,0.3333,0.2,Uncorrelated / Low Similarity
reveal,-4527380754569407959_58,1,calloc,2,4,-8301849797259977267_1587,0,,0,0.2667,0.2217,0.2532,0.0,0.0,0.6667,0.2,Case C (Dangerous - Label Mismatch)
reveal,-4527380754569407959_58,1,calloc,2,5,-3231032419759162058_145,0,,1,0.1161,0.265,0.1608,0.0,0.0,0.0,0.0,Uncorrelated / Low Similarity
reveal,3599206110384554647_59,0,,1,1,-341028540041678099_571,0,,0,0.2941,0.608,0.3883,1.0,0.0,0.6667,0.6,Case A (Good)
reveal,3599206110384554647_59,0,,1,2,-7555034601056330007_2989,0,,0,0.2917,0.5652,0.3737,1.0,0.0,0.6667,0.6,Case A (Good)
reveal,3599206110384554647_59,0,,1,3,2578089348587614328_2194,0,,0,0.3333,0.3441,0.3366,1.0,0.0,0.6667,0.6,Case A (Good)
reveal,3599206110384554647_59,0,,1,4,1760449185745615462_1147,0,,1,0.2903,0.365,0.3127,1.0,1.0,1.0,1.0,Case A (Good)
reveal,3599206110384554647_59,0,,1,5,-4421762461659142174_2391,0,,1,0.3214,0.1582,0.2725,1.0,1.0,1.0,1.0,Case A (Good)
reveal,7295169435648525618_60,0,,3,1,4180964683905830761_2072,0,,1,0.1333,0.7113,0.3067,1.0,0.3333,0.6667,0.7,Case D (Missed Security Similarity)
reveal,7295169435648525618_60,0,,3,2,-7795592811940874822_2260,1,,2,0.1053,0.6957,0.2824,1.0,0.6667,0.6667,0.8,Case D (Missed Security Similarity)
reveal,7295169435648525618_60,0,,3,3,-7683902591435073306_424,0,,2,0.1048,0.3706,0.1846,1.0,0.6667,0.6667,0.8,Case D (Missed Security Similarity)
reveal,7295169435648525618_60,0,,3,4,2895622461494525400_2747,0,sprintf|printf,1,0.1017,0.3627,0.18,0.0,0.3333,0.6667,0.3,Uncorrelated / Low Similarity
reveal,7295169435648525618_60,0,,3,5,-3740862514502467070_1450,0,,2,0.1212,0.1594,0.1327,1.0,0.6667,0.6667,0.8,Case D (Missed Security Similarity)
reveal,-8721757784652752372_61,0,memset,2,1,-8721757784652752372_680,0,,2,0.1933,0.8921,0.4029,0.0,1.0,1.0,0.6,Case D (Missed Security Similarity)
reveal,-8721757784652752372_61,0,memset,2,2,-341028540041678099_165,0,snprintf,2,0.0901,0.7276,0.2813,0.0,1.0,0.6667,0.5,Case D (Missed Security Similarity)
reveal,-8721757784652752372_61,0,memset,2,3,6600620671673714486_353,0,,2,0.0647,0.386,0.1611,0.0,0.3333,0.6667,0.3,Uncorrelated / Low Similarity
reveal,-8721757784652752372_61,0,memset,2,4,-8054970867770516573_2466,0,,1,0.0621,0.2429,0.1163,0.0,0.5,0.3333,0.25,Uncorrelated / Low Similarity
reveal,-8721757784652752372_61,0,memset,2,5,6600620671673714486_1371,0,,2,0.055,0.2513,0.1139,0.0,1.0,0.6667,0.5,Case D (Missed Security Similarity)
reveal,-7990991774694156606_62,0,,1,1,-305162769887579921_193,0,,1,0.3148,0.2887,0.307,1.0,1.0,1.0,1.0,Case A (Good)
reveal,-7990991774694156606_62,0,,1,2,-4534372572324105488_2268,0,,1,0.1308,0.4536,0.2277,1.0,1.0,0.6667,0.9,Case D (Missed Security Similarity)
reveal,-7990991774694156606_62,0,,1,3,5357882892791796049_349,0,,1,0.1443,0.3556,0.2077,1.0,1.0,0.6667,0.9,Case D (Missed Security Similarity)
reveal,-7990991774694156606_62,0,,1,4,-2901388205723537271_1863,0,close,0,0.1019,0.1926,0.1291,0.0,0.0,0.3333,0.1,Uncorrelated / Low Similarity
reveal,-7990991774694156606_62,0,,1,5,-5861712607647761763_2935,0,,2,0.0909,0.1569,0.1107,1.0,0.5,0.6667,0.75,Case D (Missed Security Similarity)
reveal,1760449185745615462_63,0,,2,1,-3165961362620712443_1126,0,,0,0.28,0.6076,0.3783,1.0,0.0,1.0,0.7,Case A (Good)
reveal,1760449185745615462_63,0,,2,2,1760449185745615462_321,0,,1,0.3333,0.2348,0.3038,1.0,0.5,0.6667,0.75,Case A (Good)
reveal,1760449185745615462_63,0,,2,3,-5268859819325807498_685,0,,2,0.2286,0.1911,0.2173,1.0,1.0,0.6667,0.9,Case D (Missed Security Similarity)
reveal,1760449185745615462_63,0,,2,4,1760449185745615462_642,0,,1,0.2222,0.1899,0.2125,1.0,0.5,0.6667,0.75,Case D (Missed Security Similarity)
reveal,1760449185745615462_63,0,,2,5,-4885528830177756816_1228,0,,1,0.186,0.2274,0.1985,1.0,0.5,0.6667,0.75,Case D (Missed Security Similarity)
reveal,-5780611388839125875_64,0,,1,1,-5780611388839125875_1309,0,,1,0.7,1.0,0.79,1.0,1.0,1.0,1.0,Case A (Good)
reveal,-5780611388839125875_64,0,,1,2,-5780611388839125875_563,0,,1,0.7,1.0,0.79,1.0,1.0,1.0,1.0,Case A (Good)
reveal,-5780611388839125875_64,0,,1,3,-5780611388839125875_465,0,,1,0.7,1.0,0.79,1.0,1.0,1.0,1.0,Case A (Good)
reveal,-5780611388839125875_64,0,,1,4,-5780611388839125875_1606,0,,1,0.6667,1.0,0.7667,1.0,1.0,1.0,1.0,Case A (Good)
reveal,-5780611388839125875_64,0,,1,5,-7555034601056330007_1405,0,,1,0.3913,0.6348,0.4644,1.0,1.0,1.0,1.0,Case A (Good)
reveal,-1315695702746584250_65,0,,0,1,-1315695702746584250_1052,0,,0,0.3529,0.7363,0.4679,1.0,1.0,1.0,1.0,Case A (Good)
reveal,-1315695702746584250_65,0,,0,2,-1315695702746584250_2286,0,,0,0.2667,0.4886,0.3332,1.0,1.0,1.0,1.0,Case A (Good)
reveal,-1315695702746584250_65,0,,0,3,-1315695702746584250_2387,0,,0,0.25,0.381,0.2893,1.0,1.0,1.0,1.0,Case A (Good)
reveal,-1315695702746584250_65,0,,0,4,-1315695702746584250_2009,0,,0,0.3095,0.2256,0.2844,1.0,1.0,1.0,1.0,Case A (Good)
reveal,-1315695702746584250_65,0,,0,5,-1315695702746584250_2759,0,,1,0.2708,0.1806,0.2438,1.0,0.0,0.6667,0.6,Case A (Good)
reveal,5505129039893037501_66,0,,1,1,5505129039893037501_1419,0,,1,0.7255,1.0,0.8078,1.0,1.0,1.0,1.0,Case A (Good)
reveal,5505129039893037501_66,0,,1,2,5505129039893037501_1451,0,,1,0.4231,1.0,0.5962,1.0,1.0,1.0,1.0,Case A (Good)
reveal,5505129039893037501_66,0,,1,3,1245821301839614810_414,0,,2,0.1429,0.0266,0.108,1.0,0.5,1.0,0.85,Case D (Missed Security Similarity)
reveal,5505129039893037501_66,0,,1,4,3309252579593081468_2021,0,,1,0.127,0.028,0.0973,1.0,1.0,1.0,1.0,Case D (Missed Security Similarity)
reveal,5505129039893037501_66,0,,1,5,-6024601983167898950_1062,0,,0,0.0732,0.0271,0.0594,1.0,0.0,0.6667,0.6,Case D (Missed Security Similarity)
reveal,-7283224897680777091_67,0,,2,1,-3740862514502467070_1548,0,,2,0.234,0.6522,0.3595,1.0,0.3333,1.0,0.8,Case D (Missed Security Similarity)
reveal,-7283224897680777091_67,0,,2,2,-3740862514502467070_383,0,,2,0.2128,0.3684,0.2594,1.0,0.3333,1.0,0.8,Case D (Missed Security Similarity)
reveal,-7283224897680777091_67,0,,2,3,-8028756826159773630_2748,0,,0,0.1279,0.3368,0.1906,1.0,0.0,0.3333,0.5,Case D (Missed Security Similarity)
reveal,-7283224897680777091_67,0,,2,4,-954364585377557207_28,0,,1,0.213,0.0107,0.1523,1.0,0.5,1.0,0.85,Case D (Missed Security Similarity)
reveal,-7283224897680777091_67,0,,2,5,5991533509192663951_531,0,,2,0.2,0.0089,0.1427,1.0,0.3333,0.6667,0.7,Case D (Missed Security Similarity)
reveal,-5420171864670538459_68,0,,1,1,-5420171864670538459_2949,0,,1,0.4483,0.4168,0.4388,1.0,1.0,1.0,1.0,Case A (Good)
reveal,-5420171864670538459_68,0,,1,2,-5420171864670538459_564,0,,2,0.3889,0.1993,0.332,1.0,0.5,1.0,0.85,Case A (Good)
reveal,-5420171864670538459_68,0,,1,3,-5420171864670538459_1341,0,,1,0.3846,0.1966,0.3282,1.0,1.0,1.0,1.0,Case A (Good)
reveal,-5420171864670538459_68,0,,1,4,-7455544248455991006_1212,0,,1,0.2973,0.3063,0.3,1.0,1.0,1.0,1.0,Case A (Good)
reveal,-5420171864670538459_68,0,,1,5,9155638497612715289_2086,0,,1,0.2927,0.231,0.2742,1.0,1.0,0.6667,0.9,Case A (Good)
reveal,-3725939782329394029_69,0,,2,1,5524055408114021500_619,0,,2,0.3065,0.4537,0.3506,1.0,1.0,0.3333,0.8,Case A (Good)
reveal,-3725939782329394029_69,0,,2,2,136942900289772931_2857,0,,1,0.197,0.3254,0.2355,1.0,0.5,0.3333,0.65,Case D (Missed Security Similarity)
reveal,-3725939782329394029_69,0,,2,3,5400542917484463750_1178,1,,1,0.25,0.1422,0.2177,1.0,0.5,0.6667,0.75,Case C (Dangerous - Label Mismatch)
reveal,-3725939782329394029_69,0,,2,4,-8925552398357902286_2617,0,,1,0.3,0.0102,0.2131,1.0,0.5,0.6667,0.75,Case A (Good)
reveal,-3725939782329394029_69,0,,2,5,-8365810778652022218_345,0,,1,0.2125,0.197,0.2078,1.0,0.5,0.6667,0.75,Case D (Missed Security Similarity)
reveal,-1111775978048960297_70,0,,0,1,9165901716987135402_1299,0,,1,0.1429,1.0,0.4,1.0,0.0,0.6667,0.6,Case D (Missed Security Similarity)
reveal,-1111775978048960297_70,0,,0,2,6862887795439011210_2725,0,,1,0.1154,0.6897,0.2877,1.0,0.0,0.6667,0.6,Case D (Missed Security Similarity)
reveal,-1111775978048960297_70,0,,0,3,1339575514457462426_605,0,,1,0.1233,0.4516,0.2218,1.0,0.0,0.6667,0.6,Case D (Missed Security Similarity)
reveal,-1111775978048960297_70,0,,0,4,-2994308217034422906_557,0,,0,0.1515,0.3652,0.2156,1.0,1.0,1.0,1.0,Case D (Missed Security Similarity)
reveal,-1111775978048960297_70,0,,0,5,6263651552746807254_2968,0,,1,0.102,0.1653,0.121,1.0,0.0,0.6667,0.6,Case D (Missed Security Similarity)
reveal,9046191708840218774_71,0,,1,1,9046191708840218774_1241,0,memset|memcpy,1,0.2769,0.7696,0.4247,0.0,1.0,1.0,0.6,Case A (Good)
reveal,9046191708840218774_71,0,,1,2,3309252579593081468_1817,0,,1,0.26,0.2728,0.2639,1.0,1.0,1.0,1.0,Case A (Good)
reveal,9046191708840218774_71,0,,1,3,-1672864273235910388_2479,0,,2,0.2264,0.3237,0.2556,1.0,0.5,1.0,0.85,Case D (Missed Security Similarity)
reveal,9046191708840218774_71,0,,1,4,-1672864273235910388_308,0,,1,0.1429,0.4468,0.234,1.0,1.0,1.0,1.0,Case D (Missed Security Similarity)
reveal,9046191708840218774_71,0,,1,5,9009378236683657160_1204,0,,1,0.2353,0.1609,0.213,1.0,1.0,0.6667,0.9,Case D (Missed Security Similarity)
reveal,8460430819945784394_72,0,,2,1,-2127895299879503273_2715,0,,1,0.3784,0.5993,0.4447,1.0,0.5,0.6667,0.75,Case A (Good)
reveal,8460430819945784394_72,0,,2,2,8460430819945784394_393,0,,2,0.3095,0.4437,0.3498,1.0,1.0,1.0,1.0,Case A (Good)
reveal,8460430819945784394_72,0,,2,3,5360072031850965731_835,0,,1,0.2368,0.5397,0.3277,1.0,0.5,1.0,0.85,Case D (Missed Security Similarity)
reveal,8460430819945784394_72,0,,2,4,369115599810341094_2655,0,,1,0.2857,0.3982,0.3195,1.0,0.5,0.6667,0.75,Case A (Good)
reveal,8460430819945784394_72,0,,2,5,-398565394354770780_240,0,,1,0.2308,0.2456,0.2352,1.0,0.5,0.6667,0.75,Case D (Missed Security Similarity)
reveal,-1950979830238945732_73,0,memset|memcpy,1,1,5991533509192663951_2,0,,1,0.1895,0.6894,0.3395,0.0,1.0,0.6667,0.5,Case D (Missed Security Similarity)
reveal,-1950979830238945732_73,0,memset|memcpy,1,2,2335222688263906532_1376,0,,1,0.2727,0.3703,0.302,0.0,1.0,1.0,0.6,Case A (Good)
reveal,-1950979830238945732_73,0,memset|memcpy,1,3,2419147764757351618_2590,0,,1,0.1818,0.3498,0.2322,0.0,1.0,1.0,0.6,Case D (Missed Security Similarity)
reveal,-1950979830238945732_73,0,memset|memcpy,1,4,-4078760840682683657_665,0,,1,0.1912,0.1567,0.1808,0.0,1.0,1.0,0.6,Case D (Missed Security Similarity)
reveal,-1950979830238945732_73,0,memset|memcpy,1,5,3766491362463647945_1151,0,,1,0.1739,0.1886,0.1783,0.0,1.0,1.0,0.6,Case D (Missed Security Similarity)
reveal,6595989226414083189_74,0,,0,1,2930500905204315787_1339,1,,0,0.4583,0.6688,0.5215,1.0,1.0,1.0,1.0,Case C (Dangerous - Label Mismatch)
reveal,6595989226414083189_74,0,,0,2,-6435087038712482873_819,0,,1,0.1481,0.2081,0.1661,1.0,0.0,0.6667,0.6,Case D (Missed Security Similarity)
reveal,6595989226414083189_74,0,,0,3,-6105298668491046960_2136,0,,1,0.125,0.2081,0.1499,1.0,0.0,0.6667,0.6,Case D (Missed Security Similarity)
reveal,6595989226414083189_74,0,,0,4,355220887711506893_1955,0,,3,0.1139,0.1714,0.1312,1.0,0.0,0.6667,0.6,Case D (Missed Security Similarity)
reveal,6595989226414083189_74,0,,0,5,5357882892791796049_2549,0,,1,0.1591,0.0134,0.1154,1.0,0.0,0.3333,0.5,Case D (Missed Security Similarity)
reveal,-16551315108292821_75,0,,1,1,378220832151730865_996,0,,2,0.1802,0.2633,0.2051,1.0,0.5,0.3333,0.65,Case D (Missed Security Similarity)
reveal,-16551315108292821_75,0,,1,2,-954364585377557207_1691,0,,1,0.1169,0.281,0.1661,1.0,1.0,0.3333,0.8,Case D (Missed Security Similarity)
reveal,-16551315108292821_75,0,,1,3,378220832151730865_1759,0,,1,0.2078,0.0113,0.1488,1.0,1.0,0.6667,0.9,Case D (Missed Security Similarity)
reveal,-16551315108292821_75,0,,1,4,-8620097311326519087_1625,0,,1,0.1379,0.1176,0.1318,1.0,1.0,0.6667,0.9,Case D (Missed Security Similarity)
reveal,-16551315108292821_75,0,,1,5,-2607754285145856562_807,0,memmove|memcpy|malloc,2,0.129,0.1033,0.1213,0.0,0.5,0.0,0.15,Uncorrelated / Low Similarity
reveal,8461266595329035000_76,0,,0,1,-7555034601056330007_2989,0,,0,0.4375,0.8018,0.5468,1.0,1.0,1.0,1.0,Case A (Good)
reveal,8461266595329035000_76,0,,0,2,-4421762461659142174_2391,0,,1,0.3182,0.5802,0.3968,1.0,0.0,0.6667,0.6,Case A (Good)
reveal,8461266595329035000_76,0,,0,3,1760449185745615462_1009,0,,1,0.2692,0.4897,0.3354,1.0,0.0,0.6667,0.6,Case A (Good)
reveal,8461266595329035000_76,0,,0,4,1760449185745615462_1147,0,,1,0.28,0.3853,0.3116,1.0,0.0,0.6667,0.6,Case A (Good)
reveal,8461266595329035000_76,0,,0,5,1760449185745615462_2765,0,,1,0.2963,0.0123,0.2111,1.0,0.0,1.0,0.7,Case A (Good)
reveal,-4527380754569407959_77,1,,0,1,-4527380754569407959_2270,1,,0,0.9111,1.0,0.9378,1.0,1.0,1.0,1.0,Case A (Good)
reveal,-4527380754569407959_77,1,,0,2,-4527380754569407959_1932,0,calloc|free,2,0.7258,0.9889,0.8047,0.0,0.0,0.6667,0.2,Case C (Dangerous - Label Mismatch)
reveal,-4527380754569407959_77,1,,0,3,-4527380754569407959_1395,0,calloc|free,2,0.6949,0.9889,0.7831,0.0,0.0,0.6667,0.2,Case C (Dangerous - Label Mismatch)
reveal,-4527380754569407959_77,1,,0,4,-7795592811940874822_185,0,,1,0.1692,0.5333,0.2785,1.0,0.0,0.6667,0.6,Case D (Missed Security Similarity)
reveal,-4527380754569407959_77,1,,0,5,-8228664527580018723_1143,0,,0,0.1333,0.0986,0.1229,1.0,1.0,1.0,1.0,Case D (Missed Security Similarity)
reveal,3487452046891662469_78,0,,0,1,3487452046891662469_663,0,,0,0.7,1.0,0.79,1.0,1.0,1.0,1.0,Case A (Good)
reveal,3487452046891662469_78,0,,0,2,-5420171864670538459_2930,0,,0,0.3571,0.7314,0.4694,1.0,1.0,1.0,1.0,Case A (Good)
reveal,3487452046891662469_78,0,,0,3,-8958254313220732728_2422,0,,1,0.3438,0.4412,0.373,1.0,0.0,0.6667,0.6,Case A (Good)
reveal,3487452046891662469_78,0,,0,4,-2958879419462198519_2996,0,,2,0.2727,0.2008,0.2511,1.0,0.0,0.6667,0.6,Case A (Good)
reveal,3487452046891662469_78,0,,0,5,-2661809302248698892_1764,1,memset,1,0.11,0.1871,0.1331,0.0,0.0,0.6667,0.2,Uncorrelated / Low Similarity
reveal,-7019074708255236794_79,0,memcpy,2,1,2755982813601944893_1716,0,,1,0.4444,0.4479,0.4455,0.0,0.5,1.0,0.45,Case B (Superficially Similar)
reveal,-7019074708255236794_79,0,memcpy,2,2,2755982813601944893_2977,0,,1,0.3684,0.587,0.434,0.0,0.5,0.6667,0.35,Case B (Superficially Similar)
reveal,-7019074708255236794_79,0,memcpy,2,3,-46053003459728034_2035,0,,1,0.3617,0.5128,0.407,0.0,0.5,1.0,0.45,Case B (Superficially Similar)
reveal,-7019074708255236794_79,0,memcpy,2,4,2755982813601944893_2820,0,,1,0.3108,0.5168,0.3726,0.0,0.5,0.6667,0.35,Case B (Superficially Similar)
reveal,-7019074708255236794_79,0,memcpy,2,5,5838244232542871853_2315,0,,0,0.1111,0.0271,0.0859,0.0,0.0,0.6667,0.2,Uncorrelated / Low Similarity
reveal,-6333668321124139371_80,0,,2,1,-1338403456839869183_803,0,memcpy,3,0.1892,0.1077,0.1648,0.0,0.6667,1.0,0.5,Case D (Missed Security Similarity)
reveal,-6333668321124139371_80,0,,2,2,3584320764213684062_671,0,,2,0.148,0.0191,0.1094,1.0,1.0,0.6667,0.9,Case D (Missed Security Similarity)
reveal,-6333668321124139371_80,0,,2,3,6336384260629386331_297,0,,2,0.1338,0.0195,0.0995,1.0,1.0,0.6667,0.9,Case D (Missed Security Similarity)
reveal,-6333668321124139371_80,0,,2,4,4876100961671882393_2117,0,,2,0.1092,0.0701,0.0975,1.0,1.0,0.3333,0.8,Case D (Missed Security Similarity)
reveal,-6333668321124139371_80,0,,2,5,-5082285935423529157_487,0,,1,0.0962,0.0616,0.0858,1.0,0.5,0.3333,0.65,Case D (Missed Security Similarity)
reveal,1223258652239369123_81,0,,1,1,1223258652239369123_2751,0,,2,0.4524,0.6897,0.5236,1.0,0.5,1.0,0.85,Case A (Good)
reveal,1223258652239369123_81,0,,1,2,1223258652239369123_1344,0,,2,0.1468,0.2642,0.182,1.0,0.5,0.6667,0.75,Case D (Missed Security Similarity)
reveal,1223258652239369123_81,0,,1,3,1223258652239369123_988,0,read,2,0.2099,0.0737,0.169,0.0,0.5,1.0,0.45,Uncorrelated / Low Similarity
reveal,1223258652239369123_81,0,,1,4,1223258652239369123_2718,0,fscanf,2,0.1523,0.1835,0.1617,0.0,0.5,0.6667,0.35,Uncorrelated / Low Similarity
reveal,1223258652239369123_81,0,,1,5,1223258652239369123_2611,1,read,3,0.2025,0.0406,0.1539,0.0,0.3333,0.6667,0.3,Uncorrelated / Low Similarity
reveal,-9032389459913766398_82,0,,1,1,8572106347813672436_1914,0,,0,0.45,0.6008,0.4952,1.0,0.0,0.6667,0.6,Case A (Good)
reveal,-9032389459913766398_82,0,,1,2,-9032389459913766398_93,0,,0,0.45,0.6008,0.4952,1.0,0.0,0.6667,0.6,Case A (Good)
reveal,-9032389459913766398_82,0,,1,3,8572106347813672436_2896,0,,0,0.3913,0.6528,0.4698,1.0,0.0,0.6667,0.6,Case A (Good)
reveal,-9032389459913766398_82,0,,1,4,4180964683905830761_1041,0,,1,0.36,0.2451,0.3255,1.0,0.0,0.6667,0.6,Case A (Good)
reveal,-9032389459913766398_82,0,,1,5,4180964683905830761_764,0,,0,0.3,0.2175,0.2753,1.0,0.0,0.6667,0.6,Case A (Good)
reveal,4511225370772574632_83,0,,1,1,583170025160259883_2300,0,,2,0.3091,0.0175,0.2216,1.0,0.5,1.0,0.85,Case A (Good)
reveal,4511225370772574632_83,0,,1,2,-7670127399145950875_2363,0,,0,0.2889,0.0541,0.2184,1.0,0.0,0.6667,0.6,Case A (Good)
reveal,4511225370772574632_83,0,,1,3,1760449185745615462_1910,0,,1,0.2857,0.0538,0.2161,1.0,1.0,1.0,1.0,Case A (Good)
reveal,4511225370772574632_83,0,,1,4,6667142528452941476_2909,0,,0,0.2826,0.0539,0.214,1.0,0.0,0.6667,0.6,Case A (Good)
reveal,4511225370772574632_83,0,,1,5,3804373597256531021_1070,0,,1,0.2059,0.0757,0.1668,1.0,1.0,0.3333,0.8,Case D (Missed Security Similarity)
reveal,-320658364442495927_84,0,,1,1,8320716512483418415_467,0,,1,0.3548,0.4848,0.3938,1.0,1.0,1.0,1.0,Case A (Good)
reveal,-320658364442495927_84,0,,1,2,252275190935145023_1177,0,,1,0.339,0.4736,0.3794,1.0,1.0,0.6667,0.9,Case A (Good)
reveal,-320658364442495927_84,0,,1,3,8320716512483418415_496,0,,1,0.3833,0.3529,0.3742,1.0,1.0,1.0,1.0,Case A (Good)
reveal,-320658364442495927_84,0,,1,4,-1283648210945038844_2483,0,,1,0.3333,0.315,0.3278,1.0,1.0,1.0,1.0,Case A (Good)
reveal,-320658364442495927_84,0,,1,5,-1283648210945038844_2374,0,,1,0.3472,0.2764,0.326,1.0,1.0,1.0,1.0,Case A (Good)
reveal,-2386031673786599357_85,0,,2,1,-2386031673786599357_1311,0,,2,0.5303,0.8682,0.6317,1.0,1.0,0.6667,0.9,Case A (Good)
reveal,-2386031673786599357_85,0,,2,2,8849962823026424130_355,0,,2,0.172,0.6944,0.3287,1.0,1.0,0.6667,0.9,Case D (Missed Security Similarity)
reveal,-2386031673786599357_85,0,,2,3,-8690690140780652452_0,0,,1,0.1972,0.6039,0.3192,1.0,0.5,0.3333,0.65,Case D (Missed Security Similarity)
reveal,-2386031673786599357_85,0,,2,4,3616225660295849566_2906,0,,1,0.1923,0.469,0.2753,1.0,0.5,0.6667,0.75,Case D (Missed Security Similarity)
reveal,-2386031673786599357_85,0,,2,5,-6529313662352494663_2133,0,,1,0.1884,0.1461,0.1757,1.0,0.5,0.6667,0.75,Case D (Missed Security Similarity)
reveal,7749168290238234888_86,0,,1,1,-1983921383858884161_2451,1,,2,0.1714,0.4425,0.2528,1.0,0.5,0.6667,0.75,Case D (Missed Security Similarity)
reveal,7749168290238234888_86,0,,1,2,-1983921383858884161_1603,0,,2,0.1667,0.4425,0.2494,1.0,0.5,0.6667,0.75,Case D (Missed Security Similarity)
reveal,7749168290238234888_86,0,,1,3,-6474315190511670247_2869,0,,0,0.1613,0.3798,0.2268,1.0,0.0,0.3333,0.5,Case D (Missed Security Similarity)
reveal,7749168290238234888_86,0,,1,4,3502077845611765963_1703,0,,1,0.2188,0.1521,0.1987,1.0,1.0,0.3333,0.8,Case D (Missed Security Similarity)
reveal,7749168290238234888_86,0,,1,5,2820551931453396101_2941,0,,2,0.193,0.1138,0.1692,1.0,0.5,0.3333,0.65,Case D (Missed Security Similarity)
reveal,-1270180049246846366_87,0,free,1,1,-4432585791636767127_2634,0,free,0,0.3333,0.6341,0.4236,1.0,0.0,0.6667,0.6,Case A (Good)
reveal,-1270180049246846366_87,0,free,1,2,-2607754285145856562_4,0,free,1,0.5263,0.0155,0.3731,1.0,1.0,1.0,1.0,Case A (Good)
reveal,-1270180049246846366_87,0,free,1,3,-3819889754140204145_2515,0,free,1,0.4348,0.0132,0.3083,1.0,1.0,1.0,1.0,Case A (Good)
reveal,-1270180049246846366_87,0,free,1,4,-7076754245473579218_493,0,free,2,0.2903,0.0157,0.208,1.0,0.5,1.0,0.85,Case A (Good)
reveal,-1270180049246846366_87,0,free,1,5,-3819889754140204145_2014,0,free,1,0.1667,0.0428,0.1295,1.0,1.0,1.0,1.0,Case D (Missed Security Similarity)
reveal,-8933711118846965366_88,0,,1,1,-8933711118846965366_1487,0,,1,0.381,0.3383,0.3682,1.0,1.0,0.6667,0.9,Case A (Good)
reveal,-8933711118846965366_88,0,,1,2,6302861533225984845_1293,0,,1,0.2857,0.3029,0.2909,1.0,1.0,0.6667,0.9,Case A (Good)
reveal,-8933711118846965366_88,0,,1,3,6302861533225984845_2550,0,,1,0.25,0.3436,0.2781,1.0,1.0,0.6667,0.9,Case A (Good)
reveal,-8933711118846965366_88,0,,1,4,8127806390163862344_2214,0,,1,0.2381,0.325,0.2642,1.0,1.0,0.6667,0.9,Case D (Missed Security Similarity)
reveal,-8933711118846965366_88,0,,1,5,-8934524072451888241_1705,0,send,1,0.1882,0.0807,0.156,0.0,1.0,1.0,0.6,Case D (Missed Security Similarity)
reveal,-6357438421920978642_89,0,free,2,1,-6357438421920978642_2738,0,read,1,0.2773,0.675,0.3966,0.0,0.5,0.3333,0.25,Case B (Superficially Similar)
reveal,-6357438421920978642_89,0,free,2,2,-7248963932691286231_621,0,memset|close,3,0.1754,0.5894,0.2996,0.0,0.6667,0.6667,0.4,Uncorrelated / Low Similarity
reveal,-6357438421920978642_89,0,free,2,3,-7855974557509681261_1613,0,,1,0.1519,0.4711,0.2477,0.0,0.5,0.6667,0.35,Uncorrelated / Low Similarity
reveal,-6357438421920978642_89,0,free,2,4,-5912543978015782596_1252,0,memmove|recv|system|memcpy,3,0.104,0.3556,0.1794,0.0,0.6667,0.3333,0.3,Uncorrelated / Low Similarity
reveal,-6357438421920978642_89,0,free,2,5,1245821301839614810_218,0,read,2,0.1183,0.1056,0.1145,0.0,1.0,0.6667,0.5,Case D (Missed Security Similarity)
reveal,2687336064028423153_90,0,,2,1,8947170728280515149_2638,0,,2,0.4333,0.6372,0.4945,1.0,1.0,1.0,1.0,Case A (Good)
reveal,2687336064028423153_90,0,,2,2,-4558261210024070448_2414,1,,2,0.275,0.343,0.2954,1.0,1.0,1.0,1.0,Case C (Dangerous - Label Mismatch)
reveal,2687336064028423153_90,0,,2,3,-7262742957929857695_1240,0,memset|malloc,3,0.2609,0.2677,0.2629,0.0,0.6667,0.6667,0.4,Case B (Superficially Similar)
reveal,2687336064028423153_90,0,,2,4,2100112064176019294_2665,0,memset|malloc,3,0.2558,0.2677,0.2594,0.0,0.6667,0.6667,0.4,Case B (Superficially Similar)
reveal,2687336064028423153_90,0,,2,5,2100112064176019294_2359,1,memset|malloc,3,0.2444,0.2655,0.2508,0.0,0.6667,0.6667,0.4,Uncorrelated / Low Similarity
reveal,-2915908172644760936_91,0,,1,1,8588713512322173474_729,1,memset,1,0.2917,0.6423,0.3969,0.0,1.0,0.6667,0.5,Case C (Dangerous - Label Mismatch)
reveal,-2915908172644760936_91,0,,1,2,6664609110189077049_2979,1,memcpy,2,0.2652,0.4583,0.3231,0.0,0.5,0.6667,0.35,Case C (Dangerous - Label Mismatch)
reveal,-2915908172644760936_91,0,,1,3,-6435087038712482873_2884,0,,1,0.25,0.4772,0.3182,1.0,1.0,1.0,1.0,Case A (Good)
reveal,-2915908172644760936_91,0,,1,4,-6435087038712482873_381,0,memset,1,0.1523,0.3095,0.1995,0.0,1.0,0.6667,0.5,Case D (Missed Security Similarity)
reveal,-2915908172644760936_91,0,,1,5,8672904772426696383_1793,1,,1,0.1915,0.0107,0.1373,1.0,1.0,0.6667,0.9,Case D (Missed Security Similarity)
reveal,-331579171381918893_92,1,,0,1,3728341105073176576_2146,1,,0,0.9245,1.0,0.9472,1.0,1.0,1.0,1.0,Case A (Good)
reveal,-331579171381918893_92,1,,0,2,-331579171381918893_2736,1,,0,0.7288,1.0,0.8102,1.0,1.0,1.0,1.0,Case A (Good)
reveal,-331579171381918893_92,1,,0,3,3728341105073176576_1781,1,,0,0.7101,1.0,0.7971,1.0,1.0,1.0,1.0,Case A (Good)
reveal,-331579171381918893_92,1,,0,4,-331579171381918893_125,1,,0,0.678,1.0,0.7746,1.0,1.0,1.0,1.0,Case A (Good)
reveal,-331579171381918893_92,1,,0,5,-1315695702746584250_2402,0,,1,0.1475,0.0289,0.112,1.0,0.0,1.0,0.7,Case D (Missed Security Similarity)
reveal,1223258652239369123_93,1,,1,1,1223258652239369123_263,1,,1,0.5263,1.0,0.6684,1.0,1.0,1.0,1.0,Case A (Good)
reveal,1223258652239369123_93,1,,1,2,8445816931248660591_837,0,,1,0.4865,1.0,0.6405,1.0,1.0,1.0,1.0,Case C (Dangerous - Label Mismatch)
reveal,1223258652239369123_93,1,,1,3,1223258652239369123_2751,0,,2,0.3673,0.6897,0.464,1.0,0.5,1.0,0.85,Case C (Dangerous - Label Mismatch)
reveal,1223258652239369123_93,1,,1,4,1223258652239369123_1946,0,,1,0.4091,0.4516,0.4218,1.0,1.0,0.6667,0.9,Case C (Dangerous - Label Mismatch)
reveal,1223258652239369123_93,1,,1,5,1223258652239369123_511,0,memset,3,0.2586,0.6897,0.3879,0.0,0.3333,1.0,0.4,Case C (Dangerous - Label Mismatch)
reveal,-8228664527580018723_94,0,,0,1,2578089348587614328_1653,0,,0,0.4,0.8711,0.5413,1.0,1.0,1.0,1.0,Case A (Good)
reveal,-8228664527580018723_94,0,,0,2,2578089348587614328_164,0,,0,0.3462,0.9093,0.5151,1.0,1.0,1.0,1.0,Case A (Good)
reveal,-8228664527580018723_94,0,,0,3,1245821301839614810_2945,0,,0,0.4074,0.4844,0.4305,1.0,1.0,1.0,1.0,Case A (Good)
reveal,-8228664527580018723_94,0,,0,4,-6024601983167898950_644,0,,0,0.2667,0.2337,0.2568,1.0,1.0,1.0,1.0,Case A (Good)
reveal,-8228664527580018723_94,0,,0,5,-6024601983167898950_434,0,,1,0.25,0.201,0.2353,1.0,0.0,0.6667,0.6,Case A (Good)
reveal,2895622461494525400_95,0,fprintf,2,1,2895622461494525400_664,0,,0,0.1944,0.9136,0.4102,0.0,0.0,0.3333,0.1,Uncorrelated / Low Similarity
reveal,2895622461494525400_95,0,fprintf,2,2,2895622461494525400_325,0,,1,0.2318,0.7055,0.3739,0.0,0.5,0.3333,0.25,Uncorrelated / Low Similarity
reveal,2895622461494525400_95,0,fprintf,2,3,2895622461494525400_405,0,,0,0.1566,0.8455,0.3633,0.0,0.0,0.3333,0.1,Uncorrelated / Low Similarity
reveal,2895622461494525400_95,0,fprintf,2,4,2895622461494525400_2177,0,,1,0.1418,0.8031,0.3402,0.0,0.5,0.6667,0.35,Uncorrelated / Low Similarity
reveal,2895622461494525400_95,0,fprintf,2,5,2895622461494525400_741,0,sprintf,0,0.1538,0.4886,0.2543,0.0,0.0,0.6667,0.2,Uncorrelated / Low Similarity
reveal,-8919449269326401539_96,0,,1,1,-3135212895432241239_83,0,,0,0.4286,0.0514,0.3154,1.0,0.0,1.0,0.7,Case A (Good)
reveal,-8919449269326401539_96,0,,1,2,6336384260629386331_1002,0,,0,0.4,0.0491,0.2947,1.0,0.0,1.0,0.7,Case A (Good)
reveal,-8919449269326401539_96,0,,1,3,6336384260629386331_1819,0,,0,0.3721,0.0184,0.266,1.0,0.0,1.0,0.7,Case A (Good)
reveal,-8919449269326401539_96,0,,1,4,6336384260629386331_1568,0,,0,0.3556,0.0491,0.2636,1.0,0.0,1.0,0.7,Case A (Good)
reveal,-8919449269326401539_96,0,,1,5,-7236893719053583356_1049,0,,1,0.2951,0.0658,0.2263,1.0,0.0,0.6667,0.6,Case A (Good)
reveal,5917118798851365454_97,0,,0,1,3584320764213684062_2901,0,,1,0.6333,1.0,0.7433,1.0,0.0,0.6667,0.6,Case A (Good)
reveal,5917118798851365454_97,0,,0,2,7039307292471244756_2055,0,,0,0.5152,1.0,0.6606,1.0,1.0,1.0,1.0,Case A (Good)
reveal,5917118798851365454_97,0,,0,3,4489017523191997023_1336,0,,0,0.5,1.0,0.65,1.0,1.0,1.0,1.0,Case A (Good)
reveal,5917118798851365454_97,0,,0,4,-2648356651055439484_1303,0,,0,0.4194,1.0,0.5935,1.0,1.0,1.0,1.0,Case A (Good)
reveal,5917118798851365454_97,0,,0,5,-2648356651055439484_2732,0,,0,0.4194,1.0,0.5935,1.0,1.0,1.0,1.0,Case A (Good)
reveal,6323824267898511453_98,0,,1,1,6120640898537304364_1030,0,,2,0.4333,0.6691,0.5041,1.0,0.5,1.0,0.85,Case A (Good)
reveal,6323824267898511453_98,0,,1,2,5452557062588481527_59,0,,1,0.2895,0.5765,0.3756,1.0,1.0,1.0,1.0,Case A (Good)
reveal,6323824267898511453_98,0,,1,3,6323824267898511453_1351,0,,2,0.2979,0.481,0.3528,1.0,0.5,1.0,0.85,Case A (Good)
reveal,6323824267898511453_98,0,,1,4,6323824267898511453_2368,0,,1,0.303,0.2007,0.2723,1.0,1.0,1.0,1.0,Case A (Good)
reveal,6323824267898511453_98,0,,1,5,1700977331036764538_950,0,,0,0.2857,0.1689,0.2507,1.0,0.0,0.6667,0.6,Case A (Good)
reveal,-2386031673786599357_99,0,free,2,1,-2386031673786599357_1236,0,strcpy|malloc|free,2,0.3519,0.7097,0.4592,0.3333,1.0,0.6667,0.6333,Case A (Good)
reveal,-2386031673786599357_99,0,free,2,2,-769658847024738738_1085,0,strcpy|malloc|free|realloc,1,0.2796,0.6096,0.3786,0.25,0.5,0.6667,0.45,Case B (Superficially Similar)
reveal,-2386031673786599357_99,0,free,2,3,-1145838621747570454_375,0,,1,0.2329,0.6447,0.3564,0.0,0.5,0.6667,0.35,Uncorrelated / Low Similarity
reveal,-2386031673786599357_99,0,free,2,4,-769658847024738738_708,1,fprintf|realloc,2,0.1747,0.6351,0.3128,0.0,1.0,0.6667,0.5,Case D (Missed Security Similarity)
reveal,-2386031673786599357_99,0,free,2,5,1760449185745615462_820,0,,1,0.1846,0.1822,0.1839,0.0,0.5,0.6667,0.35,Uncorrelated / Low Similarity
reveal,3896936900447628930_100,0,strcmp,1,1,3896936900447628930_2148,0,,2,0.3662,0.5471,0.4205,0.0,0.5,0.6667,0.35,Case B (Superficially Similar)
reveal,3896936900447628930_100,0,strcmp,1,2,-7795592811940874822_185,0,,1,0.2667,0.6317,0.3762,0.0,1.0,1.0,0.6,Case A (Good)
reveal,3896936900447628930_100,0,strcmp,1,3,8484475213808847345_134,0,strcmp,2,0.2679,0.3738,0.2996,1.0,0.5,1.0,0.85,Case A (Good)
reveal,3896936900447628930_100,0,strcmp,1,4,1760449185745615462_289,0,,1,0.2059,0.4385,0.2757,0.0,1.0,0.3333,0.4,Uncorrelated / Low Similarity
reveal,3896936900447628930_100,0,strcmp,1,5,-649112636673899765_1385,0,strcmp,2,0.1503,0.3053,0.1968,1.0,0.5,0.6667,0.75,Case D (Missed Security Similarity)
reveal,-7117046864335130087_101,0,,1,1,-7117046864335130087_1274,0,,1,0.4776,0.7202,0.5504,1.0,1.0,1.0,1.0,Case A (Good)
reveal,-7117046864335130087_101,0,,1,2,-4960438251319819237_1589,0,,1,0.2951,0.5176,0.3619,1.0,1.0,1.0,1.0,Case A (Good)
reveal,-7117046864335130087_101,0,,1,3,6700989317311037906_2601,0,,1,0.4151,0.012,0.2942,1.0,1.0,0.6667,0.9,Case A (Good)
reveal,-7117046864335130087_101,0,,1,4,-7117046864335130087_636,0,,1,0.2571,0.2721,0.2616,1.0,1.0,0.6667,0.9,Case A (Good)
reveal,-7117046864335130087_101,0,,1,5,7719745392319831548_2712,0,,1,0.2319,0.0326,0.1721,1.0,1.0,0.6667,0.9,Case D (Missed Security Similarity)
reveal,-6126432314261451839_102,0,,1,1,8484475213808847345_2362,0,,1,0.2041,0.4422,0.2755,1.0,1.0,1.0,1.0,Case D (Missed Security Similarity)
reveal,-6126432314261451839_102,0,,1,2,2777995095263460833_2793,0,,2,0.101,0.6056,0.2524,1.0,0.5,0.6667,0.75,Case D (Missed Security Similarity)
reveal,-6126432314261451839_102,0,,1,3,5918484636148310736_1906,0,,1,0.24,0.2506,0.2432,1.0,1.0,1.0,1.0,Case D (Missed Security Similarity)
reveal,-6126432314261451839_102,0,,1,4,-6126432314261451839_2091,0,,1,0.2553,0.1525,0.2245,1.0,1.0,1.0,1.0,Case A (Good)
reveal,-6126432314261451839_102,0,,1,5,5918484636148310736_98,0,,1,0.2206,0.1655,0.2041,1.0,1.0,1.0,1.0,Case D (Missed Security Similarity)
reveal,-3053641395158209010_103,0,,0,1,-3053641395158209010_2106,0,,0,0.9828,1.0,0.9879,1.0,1.0,1.0,1.0,Case A (Good)
reveal,-3053641395158209010_103,0,,0,2,-3053641395158209010_1715,0,,0,0.8906,1.0,0.9234,1.0,1.0,1.0,1.0,Case A (Good)
reveal,-3053641395158209010_103,0,,0,3,-3053641395158209010_18,0,,0,0.8596,1.0,0.9018,1.0,1.0,1.0,1.0,Case A (Good)
reveal,-3053641395158209010_103,0,,0,4,-3053641395158209010_233,0,,0,0.8143,1.0,0.87,1.0,1.0,1.0,1.0,Case A (Good)
reveal,-3053641395158209010_103,0,,0,5,-3053641395158209010_2320,0,,0,0.7037,1.0,0.7926,1.0,1.0,1.0,1.0,Case A (Good)
reveal,-7131177824150194183_104,0,,1,1,-7131177824150194183_1850,0,,1,0.3951,0.4691,0.4173,1.0,1.0,1.0,1.0,Case A (Good)
reveal,-7131177824150194183_104,0,,1,2,9040629826477849200_2395,0,memset,1,0.3214,0.4544,0.3613,0.0,1.0,0.3333,0.4,Case B (Superficially Similar)
reveal,-7131177824150194183_104,0,,1,3,9040629826477849200_2222,0,memset,1,0.3086,0.4566,0.353,0.0,1.0,0.3333,0.4,Case B (Superficially Similar)
reveal,-7131177824150194183_104,0,,1,4,-6435087038712482873_1032,0,,1,0.3222,0.3404,0.3277,1.0,1.0,0.6667,0.9,Case A (Good)
reveal,-7131177824150194183_104,0,,1,5,6393050609822897742_667,0,,1,0.1616,0.2557,0.1899,1.0,1.0,0.6667,0.9,Case D (Missed Security Similarity)
reveal,2895622461494525400_105,0,,0,1,2895622461494525400_664,0,,0,0.2985,0.7787,0.4426,1.0,1.0,1.0,1.0,Case A (Good)
reveal,2895622461494525400_105,0,,0,2,2895622461494525400_405,0,,0,0.2299,0.8575,0.4182,1.0,1.0,1.0,1.0,Case D (Missed Security Similarity)
reveal,2895622461494525400_105,0,,0,3,2895622461494525400_2177,0,,1,0.283,0.5573,0.3653,1.0,0.0,0.6667,0.6,Case A (Good)
reveal,2895622461494525400_105,0,,0,4,2895622461494525400_2747,0,sprintf|printf,1,0.1485,0.4936,0.2521,0.0,0.0,0.6667,0.2,Uncorrelated / Low Similarity
reveal,2895622461494525400_105,0,,0,5,4180964683905830761_2072,0,,1,0.1562,0.4435,0.2424,1.0,0.0,0.6667,0.6,Case D (Missed Security Similarity)
reveal,-1102844685921778700_106,0,,0,1,-1102844685921778700_2629,0,,0,0.8462,1.0,0.8923,1.0,1.0,1.0,1.0,Case A (Good)
reveal,-1102844685921778700_106,0,,0,2,-5018199117312371093_319,0,,0,0.4,0.375,0.3925,1.0,1.0,1.0,1.0,Case A (Good)
reveal,-1102844685921778700_106,0,,0,3,-7795592811940874822_208,0,,0,0.3462,0.4324,0.372,1.0,1.0,1.0,1.0,Case A (Good)
reveal,-1102844685921778700_106,0,,0,4,-5537985723411439312_1087,0,,1,0.28,0.4272,0.3242,1.0,0.0,1.0,0.7,Case A (Good)
reveal,-1102844685921778700_106,0,,0,5,-7795592811940874822_482,0,,0,0.3,0.1669,0.2601,1.0,1.0,1.0,1.0,Case A (Good)
reveal,2895622461494525400_107,0,memset|fprintf,2,1,2895622461494525400_1361,0,memset|fprintf,2,0.7967,0.9941,0.8559,1.0,1.0,1.0,1.0,Case A (Good)
reveal,2895622461494525400_107,0,memset|fprintf,2,2,2895622461494525400_2886,0,memset|sprintf,3,0.2919,0.8249,0.4518,0.3333,0.6667,1.0,0.6333,Case A (Good)
reveal,2895622461494525400_107,0,memset|fprintf,2,3,2895622461494525400_2806,0,memset|fprintf,2,0.3906,0.5577,0.4408,1.0,1.0,1.0,1.0,Case A (Good)
reveal,2895622461494525400_107,0,memset|fprintf,2,4,2895622461494525400_1153,0,memset|fprintf|strcmp|strncmp,2,0.319,0.6996,0.4332,0.5,1.0,1.0,0.8,Case A (Good)
reveal,2895622461494525400_107,0,memset|fprintf,2,5,2895622461494525400_138,0,memset,2,0.2547,0.5166,0.3333,0.5,1.0,1.0,0.8,Case A (Good)
reveal,7493853980473701704_108,0,,0,1,5360072031850965731_1747,0,,1,0.3514,0.567,0.416,1.0,0.0,1.0,0.7,Case A (Good)
reveal,7493853980473701704_108,0,,0,2,5360072031850965731_835,0,,1,0.3514,0.567,0.416,1.0,0.0,1.0,0.7,Case A (Good)
reveal,7493853980473701704_108,0,,0,3,-7187272991279783781_1225,0,,0,0.52,0.1659,0.4138,1.0,1.0,1.0,1.0,Case A (Good)
reveal,7493853980473701704_108,0,,0,4,6302861533225984845_279,0,printf,1,0.3529,0.5006,0.3972,0.0,0.0,0.3333,0.1,Case B (Superficially Similar)
reveal,7493853980473701704_108,0,,0,5,-866921002076081979_1794,0,snprintf,3,0.125,0.2129,0.1514,0.0,0.0,0.3333,0.1,Uncorrelated / Low Similarity
reveal,9118387177353441960_109,0,,1,1,2546373479020365143_1364,0,,2,0.3704,0.572,0.4309,1.0,0.5,0.6667,0.75,Case A (Good)
reveal,9118387177353441960_109,0,,1,2,-649112636673899765_622,0,memcpy,1,0.2763,0.3164,0.2883,0.0,1.0,0.6667,0.5,Case A (Good)
reveal,9118387177353441960_109,0,,1,3,3804373597256531021_1766,0,strcmp|write,1,0.2054,0.4655,0.2834,0.0,1.0,0.6667,0.5,Case D (Missed Security Similarity)
reveal,9118387177353441960_109,0,,1,4,6393050609822897742_1770,0,,2,0.2381,0.3403,0.2687,1.0,0.5,0.6667,0.75,Case D (Missed Security Similarity)
reveal,9118387177353441960_109,0,,1,5,7191899184788440065_2615,0,,1,0.3509,0.0089,0.2483,1.0,1.0,1.0,1.0,Case A (Good)
reveal,-2607754285145856562_110,0,memcpy,2,1,1949916022780590905_733,0,memset|memmove|memcpy|strncmp,1,0.2906,0.7222,0.4201,0.25,0.5,1.0,0.55,Case A (Good)
reveal,-2607754285145856562_110,0,memcpy,2,2,-2607754285145856562_807,0,memmove|memcpy|malloc,2,0.2749,0.2352,0.263,0.3333,0.3333,0.6667,0.4333,Case B (Superficially Similar)
reveal,-2607754285145856562_110,0,memcpy,2,3,-2607754285145856562_521,1,memcpy|malloc,2,0.2667,0.2374,0.2579,0.5,0.3333,0.6667,0.5,Case C (Dangerous - Label Mismatch)
reveal,-2607754285145856562_110,0,memcpy,2,4,-2971164434690241379_2058,0,snprintf,1,0.2128,0.2722,0.2306,0.0,0.5,0.6667,0.35,Uncorrelated / Low Similarity
reveal,-2607754285145856562_110,0,memcpy,2,5,378220832151730865_1759,0,,1,0.2143,0.0086,0.1526,0.0,0.5,0.6667,0.35,Uncorrelated / Low Similarity
reveal,-331579171381918893_111,1,,2,1,-4555950263653671147_2102,0,,1,0.3226,0.3684,0.3363,1.0,0.5,1.0,0.85,Case C (Dangerous - Label Mismatch)
reveal,-331579171381918893_111,1,,2,2,-5268859819325807498_685,0,,2,0.3421,0.2441,0.3127,1.0,1.0,1.0,1.0,Case C (Dangerous - Label Mismatch)
reveal,-331579171381918893_111,1,,2,3,-4885528830177756816_1228,0,,1,0.2292,0.4615,0.2989,1.0,0.5,1.0,0.85,Case D (Missed Security Similarity)
reveal,-331579171381918893_111,1,,2,4,-1315695702746584250_1685,0,,2,0.2708,0.2807,0.2738,1.0,1.0,1.0,1.0,Case C (Dangerous - Label Mismatch)
reveal,-331579171381918893_111,1,,2,5,6393050609822897742_667,0,,1,0.2241,0.2124,0.2206,1.0,0.5,0.6667,0.75,Case D (Missed Security Similarity)
reveal,-5706788925640467782_112,1,,1,1,-7019074708255236794_71,0,,1,0.1727,0.3162,0.2157,1.0,1.0,0.6667,0.9,Case D (Missed Security Similarity)
reveal,-5706788925640467782_112,1,,1,2,3887066622454352196_2430,1,,3,0.2381,0.0152,0.1712,1.0,0.3333,1.0,0.8,Case D (Missed Security Similarity)
reveal,-5706788925640467782_112,1,,1,3,-7990991774694156606_2687,0,,1,0.2044,0.0931,0.171,1.0,1.0,1.0,1.0,Case D (Missed Security Similarity)
reveal,-5706788925640467782_112,1,,1,4,-4106680724983638989_1660,1,memcpy,2,0.1954,0.0928,0.1646,0.0,0.5,1.0,0.45,Uncorrelated / Low Similarity
reveal,-5706788925640467782_112,1,,1,5,3887066622454352196_2865,0,,4,0.1638,0.0326,0.1244,1.0,0.25,1.0,0.775,Case D (Missed Security Similarity)
reveal,-5268859819325807498_113,0,,2,1,-5268859819325807498_2532,0,,2,0.4559,0.7374,0.5403,1.0,1.0,1.0,1.0,Case A (Good)
reveal,-5268859819325807498_113,0,,2,2,-5268859819325807498_147,0,,2,0.4098,0.7505,0.512,1.0,1.0,1.0,1.0,Case A (Good)
reveal,-5268859819325807498_113,0,,2,3,-5268859819325807498_685,0,,2,0.4222,0.2644,0.3749,1.0,1.0,1.0,1.0,Case A (Good)
reveal,-5268859819325807498_113,0,,2,4,1202634027547122397_1655,0,,2,0.1538,0.7937,0.3458,1.0,1.0,1.0,1.0,Case D (Missed Security Similarity)
reveal,-5268859819325807498_113,0,,2,5,-1445906809722253218_2285,0,,1,0.122,0.2473,0.1595,1.0,0.5,0.6667,0.75,Case D (Missed Security Similarity)
reveal,-303065274055369342_114,1,,2,1,-4885528830177756816_2184,0,,1,0.2031,0.0621,0.1608,1.0,0.5,1.0,0.85,Case D (Missed Security Similarity)
reveal,-303065274055369342_114,1,,2,2,-305162769887579921_193,0,,1,0.1923,0.0791,0.1584,1.0,0.5,0.6667,0.75,Case D (Missed Security Similarity)
reveal,-303065274055369342_114,1,,2,3,5357882892791796049_349,0,,1,0.1698,0.0929,0.1467,1.0,0.5,0.3333,0.65,Case D (Missed Security Similarity)
reveal,-303065274055369342_114,1,,2,4,-2901388205723537271_1863,0,close,0,0.1667,0.0708,0.1379,0.0,0.0,0.6667,0.2,Uncorrelated / Low Similarity
reveal,-303065274055369342_114,1,,2,5,7607805321589710329_2823,0,,0,0.1887,0.0178,0.1374,1.0,0.0,0.6667,0.6,Case D (Missed Security Similarity)
reveal,2335222688263906532_115,0,,1,1,2335222688263906532_2057,0,,1,0.3922,0.7267,0.4925,1.0,1.0,1.0,1.0,Case A (Good)
reveal,2335222688263906532_115,0,,1,2,2713698759296604855_1527,0,,1,0.2766,0.7574,0.4208,1.0,1.0,1.0,1.0,Case A (Good)
reveal,2335222688263906532_115,0,,1,3,-305162769887579921_983,0,,1,0.3182,0.5367,0.3837,1.0,1.0,1.0,1.0,Case A (Good)
reveal,2335222688263906532_115,0,,1,4,8436997111466619903_855,0,,1,0.2989,0.3322,0.3089,1.0,1.0,1.0,1.0,Case A (Good)
reveal,2335222688263906532_115,0,,1,5,2772622454795674000_1061,0,,2,0.2378,0.0202,0.1726,1.0,0.5,1.0,0.85,Case D (Missed Security Similarity)
reveal,9175972616340456250_116,1,,3,1,5611940141018433728_390,0,,1,0.2529,0.3216,0.2735,1.0,0.3333,1.0,0.8,Case C (Dangerous - Label Mismatch)
reveal,9175972616340456250_116,1,,3,2,-1283648210945038844_2374,0,,1,0.2604,0.282,0.2669,1.0,0.3333,0.6667,0.7,Case C (Dangerous - Label Mismatch)
reveal,9175972616340456250_116,1,,3,3,-2908211205972632000_1063,0,,0,0.186,0.3594,0.238,1.0,0.0,0.3333,0.5,Case D (Missed Security Similarity)
reveal,9175972616340456250_116,1,,3,4,-1929262071302712016_1941,0,,2,0.1524,0.4332,0.2366,1.0,0.6667,0.6667,0.8,Case D (Missed Security Similarity)
reveal,9175972616340456250_116,1,,3,5,-7690167309709817279_2982,0,,1,0.2043,0.286,0.2288,1.0,0.3333,0.6667,0.7,Case D (Missed Security Similarity)
reveal,3887066622454352196_117,1,,2,1,6323824267898511453_1351,0,,2,0.1528,0.3476,0.2112,1.0,0.3333,0.6667,0.7,Case D (Missed Security Similarity)
reveal,3887066622454352196_117,1,,2,2,6323824267898511453_2368,0,,1,0.1818,0.2335,0.1973,1.0,0.5,0.6667,0.75,Case D (Missed Security Similarity)
reveal,3887066622454352196_117,1,,2,3,1700977331036764538_950,0,,0,0.16,0.1816,0.1665,1.0,0.0,0.3333,0.5,Case D (Missed Security Similarity)
reveal,3887066622454352196_117,1,,2,4,6120640898537304364_2976,0,,1,0.1325,0.2278,0.1611,1.0,0.0,0.3333,0.5,Case D (Missed Security Similarity)
reveal,3887066622454352196_117,1,,2,5,5452557062588481527_59,0,,1,0.2034,0.009,0.1451,1.0,0.5,0.6667,0.75,Case D (Missed Security Similarity)
reveal,-4239386405881995323_118,0,memcpy,3,1,-6986708248145981986_2537,0,memset,3,0.1845,0.7478,0.3535,0.0,1.0,0.6667,0.5,Case D (Missed Security Similarity)
reveal,-4239386405881995323_118,0,memcpy,3,2,3919646340804521652_2447,0,read|free,1,0.2289,0.5919,0.3378,0.0,0.3333,0.3333,0.2,Uncorrelated / Low Similarity
reveal,-4239386405881995323_118,0,memcpy,3,3,-6986708248145981986_1413,0,memcpy,2,0.1825,0.5963,0.3066,1.0,0.6667,0.6667,0.8,Case D (Missed Security Similarity)
reveal,-4239386405881995323_118,0,memcpy,3,4,-6704066512670389306_2031,0,close,1,0.2476,0.3454,0.2769,0.0,0.3333,1.0,0.4,Uncorrelated / Low Similarity
reveal,-4239386405881995323_118,0,memcpy,3,5,-8575765905118000367_1805,1,memcpy|strcmp|strncpy|strncmp|free|malloc,2,0.1975,0.3289,0.2369,0.1667,0.6667,0.6667,0.4667,Uncorrelated / Low Similarity
reveal,4722923622195275414_119,0,,1,1,-8556362624908896577_281,0,,1,0.3816,0.5362,0.428,1.0,1.0,0.6667,0.9,Case A (Good)
reveal,4722923622195275414_119,0,,1,2,-6231193035097909837_2341,0,memcpy,2,0.3563,0.2831,0.3344,0.0,0.5,0.6667,0.35,Case B (Superficially Similar)
reveal,4722923622195275414_119,0,,1,3,2335222688263906532_440,0,,1,0.3143,0.3295,0.3189,1.0,1.0,0.3333,0.8,Case A (Good)
reveal,4722923622195275414_119,0,,1,4,1182028467273264883_2859,0,,2,0.1562,0.1885,0.1659,1.0,0.5,0.3333,0.65,Case D (Missed Security Similarity)
reveal,4722923622195275414_119,0,,1,5,4952739496652083313_2418,0,,0,0.1176,0.0818,0.1069,1.0,0.0,0.6667,0.6,Case D (Missed Security Similarity)
reveal,9176142195250515812_120,0,,2,1,5597027026426443709_1835,0,,1,0.2063,0.7694,0.3753,1.0,0.5,1.0,0.85,Case D (Missed Security Similarity)
reveal,9176142195250515812_120,0,,2,2,-789251383577298283_1498,0,,0,0.1515,0.5927,0.2839,1.0,0.0,0.6667,0.6,Case D (Missed Security Similarity)
reveal,9176142195250515812_120,0,,2,3,-3559021711340554904_943,0,,1,0.1447,0.5815,0.2758,1.0,0.5,1.0,0.85,Case D (Missed Security Similarity)
reveal,9176142195250515812_120,0,,2,4,-3559021711340554904_616,0,,1,0.1271,0.4477,0.2233,1.0,0.5,1.0,0.85,Case D (Missed Security Similarity)
reveal,9176142195250515812_120,0,,2,5,3887066622454352196_2458,0,,1,0.1683,0.1616,0.1663,1.0,0.5,0.6667,0.75,Case D (Missed Security Similarity)
reveal,8280197130498466782_121,0,,0,1,1223258652239369123_1078,1,,3,0.2281,0.4516,0.2951,1.0,0.0,0.3333,0.5,Case D (Missed Security Similarity)
reveal,8280197130498466782_121,0,,0,2,8445816931248660591_492,0,,1,0.3158,0.2373,0.2922,1.0,0.0,0.6667,0.6,Case A (Good)
reveal,8280197130498466782_121,0,,0,3,1742637512846796448_412,0,,1,0.2857,0.0318,0.2095,1.0,0.0,0.6667,0.6,Case A (Good)
reveal,8280197130498466782_121,0,,0,4,1223258652239369123_2064,0,,1,0.1875,0.2373,0.2024,1.0,0.0,0.6667,0.6,Case D (Missed Security Similarity)
reveal,8280197130498466782_121,0,,0,5,1760449185745615462_820,0,,1,0.2381,0.0292,0.1754,1.0,0.0,0.6667,0.6,Case D (Missed Security Similarity)
reveal,3599206110384554647_122,0,,0,1,3599206110384554647_2342,1,,0,0.9444,0.8761,0.9239,1.0,1.0,1.0,1.0,Case C (Dangerous - Label Mismatch)
reveal,3599206110384554647_122,0,,0,2,3599206110384554647_2412,1,,0,0.9775,0.738,0.9057,1.0,1.0,1.0,1.0,Case C (Dangerous - Label Mismatch)
reveal,3599206110384554647_122,0,,0,3,3599206110384554647_1799,1,,0,0.9222,0.1287,0.6842,1.0,1.0,1.0,1.0,Case C (Dangerous - Label Mismatch)
reveal,3599206110384554647_122,0,,0,4,3599206110384554647_2671,0,,0,0.7978,0.1128,0.5923,1.0,1.0,1.0,1.0,Case A (Good)
reveal,3599206110384554647_122,0,,0,5,3599206110384554647_958,1,,0,0.7667,0.1287,0.5753,1.0,1.0,1.0,1.0,Case C (Dangerous - Label Mismatch)
reveal,8947170728280515149_123,0,memset|memcpy,2,1,4489017523191997023_873,0,,1,0.3864,0.2895,0.3573,0.0,0.5,1.0,0.45,Case B (Superficially Similar)
reveal,8947170728280515149_123,0,memset|memcpy,2,2,7424930167238097621_2887,0,,2,0.3385,0.3927,0.3547,0.0,1.0,0.6667,0.5,Case A (Good)
reveal,8947170728280515149_123,0,memset|memcpy,2,3,5357882892791796049_1036,0,,1,0.2745,0.2568,0.2692,0.0,0.5,0.3333,0.25,Case B (Superficially Similar)
reveal,8947170728280515149_123,0,memset|memcpy,2,4,-303065274055369342_2307,0,,1,0.2787,0.137,0.2362,0.0,0.5,1.0,0.45,Case B (Superficially Similar)
reveal,8947170728280515149_123,0,memset|memcpy,2,5,-303065274055369342_2338,0,,1,0.2698,0.137,0.23,0.0,0.5,1.0,0.45,Case B (Superficially Similar)
reveal,-3740862514502467070_124,0,,1,1,-5280794106681745199_2317,0,read,2,0.1724,0.3204,0.2168,0.0,0.5,0.6667,0.35,Uncorrelated / Low Similarity
reveal,-3740862514502467070_124,0,,1,2,-2723830976796502611_1134,0,,1,0.2222,0.1658,0.2053,1.0,1.0,0.6667,0.9,Case D (Missed Security Similarity)
reveal,-3740862514502467070_124,0,,1,3,-341028540041678099_398,0,fprintf|memcpy,3,0.1591,0.3129,0.2052,0.0,0.3333,0.6667,0.3,Uncorrelated / Low Similarity
reveal,-3740862514502467070_124,0,,1,4,5357882892791796049_1383,0,,1,0.1935,0.1719,0.1871,1.0,1.0,0.3333,0.8,Case D (Missed Security Similarity)
reveal,-3740862514502467070_124,0,,1,5,-3384986069176965684_100,0,,0,0.2245,0.0108,0.1604,1.0,0.0,1.0,0.7,Case D (Missed Security Similarity)
reveal,9173748358801811781_125,0,,3,1,9173748358801811781_1337,1,,3,1.0,1.0,1.0,1.0,1.0,1.0,1.0,Case C (Dangerous - Label Mismatch)
reveal,9173748358801811781_125,0,,3,2,2687336064028423153_151,0,,2,0.0456,0.5587,0.1995,1.0,0.6667,0.6667,0.8,Case D (Missed Security Similarity)
reveal,9173748358801811781_125,0,,3,3,5991533509192663951_2,0,,1,0.0505,0.5237,0.1925,1.0,0.3333,1.0,0.8,Case D (Missed Security Similarity)
reveal,9173748358801811781_125,0,,3,4,2335222688263906532_1376,0,,1,0.0375,0.2688,0.1069,1.0,0.3333,0.6667,0.7,Case D (Missed Security Similarity)
reveal,9173748358801811781_125,0,,3,5,3766491362463647945_1151,0,,1,0.0225,0.1724,0.0674,1.0,0.3333,0.6667,0.7,Case D (Missed Security Similarity)
reveal,-3889154245145551951_126,0,,1,1,2419147764757351618_2590,0,,1,0.2941,0.3467,0.3099,1.0,1.0,0.6667,0.9,Case A (Good)
reveal,-3889154245145551951_126,0,,1,2,5991533509192663951_2,0,,1,0.254,0.3805,0.2919,1.0,1.0,0.3333,0.8,Case A (Good)
reveal,-3889154245145551951_126,0,,1,3,2335222688263906532_1376,0,,1,0.2549,0.3431,0.2814,1.0,1.0,0.6667,0.9,Case A (Good)
reveal,-3889154245145551951_126,0,,1,4,-4078760840682683657_665,0,,1,0.3429,0.1375,0.2813,1.0,1.0,0.6667,0.9,Case A (Good)
reveal,-3889154245145551951_126,0,,1,5,3766491362463647945_1151,0,,1,0.2703,0.0091,0.1919,1.0,1.0,0.6667,0.9,Case A (Good)
reveal,7863876744031385021_127,0,,2,1,6120640898537304364_1030,0,,2,0.4,0.5243,0.4373,1.0,1.0,1.0,1.0,Case A (Good)
reveal,7863876744031385021_127,0,,2,2,5452557062588481527_59,0,,1,0.3333,0.5137,0.3875,1.0,0.5,1.0,0.85,Case A (Good)
reveal,7863876744031385021_127,0,,2,3,1700977331036764538_950,0,,0,0.2963,0.5769,0.3805,1.0,0.0,0.6667,0.6,Case A (Good)
reveal,7863876744031385021_127,0,,2,4,6871081691104220210_1467,0,,2,0.2941,0.3693,0.3167,1.0,0.3333,1.0,0.8,Case A (Good)
reveal,7863876744031385021_127,0,,2,5,7863876744031385021_1524,0,,1,0.359,0.1867,0.3073,1.0,0.5,1.0,0.85,Case A (Good)
reveal,-6068399010699045437_128,0,,0,1,-7555034601056330007_2989,0,,0,0.3043,0.3907,0.3302,1.0,1.0,1.0,1.0,Case A (Good)
reveal,-6068399010699045437_128,0,,0,2,5835074581393329621_2245,0,,1,0.2667,0.478,0.3301,1.0,0.0,0.6667,0.6,Case A (Good)
reveal,-6068399010699045437_128,0,,0,3,-7853481279968318488_255,0,,1,0.3438,0.284,0.3258,1.0,0.0,1.0,0.7,Case A (Good)
reveal,-6068399010699045437_128,0,,0,4,-7853481279968318488_910,1,,1,0.3793,0.1665,0.3155,1.0,0.0,1.0,0.7,Case C (Dangerous - Label Mismatch)
reveal,-6068399010699045437_128,0,,0,5,1760449185745615462_1009,0,,1,0.25,0.3765,0.288,1.0,0.0,0.6667,0.6,Case A (Good)
reveal,-7855974557509681261_129,0,,1,1,-3165961362620712443_2723,0,,1,0.0719,0.5086,0.2029,1.0,1.0,0.6667,0.9,Case D (Missed Security Similarity)
reveal,-7855974557509681261_129,0,,1,2,-6245610163896160314_137,0,read|write,1,0.1193,0.2294,0.1523,0.0,1.0,0.6667,0.5,Case D (Missed Security Similarity)
reveal,-7855974557509681261_129,0,,1,3,-8018308356928846483_625,0,,2,0.1212,0.1641,0.1341,1.0,0.5,0.3333,0.65,Case D (Missed Security Similarity)
reveal,-7855974557509681261_129,0,,1,4,1223258652239369123_1280,1,,1,0.1471,0.092,0.1305,1.0,1.0,1.0,1.0,Case D (Missed Security Similarity)
reveal,-7855974557509681261_129,0,,1,5,1760449185745615462_1550,0,,1,0.1449,0.0126,0.1052,1.0,1.0,1.0,1.0,Case D (Missed Security Similarity)
reveal,8484475213808847345_130,0,,3,1,-5268859819325807498_685,0,,2,0.3256,0.2705,0.3091,1.0,0.6667,0.6667,0.8,Case A (Good)
reveal,8484475213808847345_130,0,,3,2,1760449185745615462_642,0,,1,0.234,0.2864,0.2497,1.0,0.3333,0.6667,0.7,Case D (Missed Security Similarity)
reveal,8484475213808847345_130,0,,3,3,1760449185745615462_321,0,,1,0.1923,0.2776,0.2179,1.0,0.3333,0.6667,0.7,Case D (Missed Security Similarity)
reveal,8484475213808847345_130,0,,3,4,-3165961362620712443_1126,0,,0,0.1795,0.2309,0.1949,1.0,0.0,0.3333,0.5,Case D (Missed Security Similarity)
reveal,8484475213808847345_130,0,,3,5,-4885528830177756816_1228,0,,1,0.1607,0.0115,0.1159,1.0,0.3333,0.6667,0.7,Case D (Missed Security Similarity)
reveal,-1335877942018854351_131,0,,0,1,1339575514457462426_605,0,,1,0.2121,1.0,0.4485,1.0,0.0,0.6667,0.6,Case D (Missed Security Similarity)
reveal,-1335877942018854351_131,0,,0,2,2487534775710400322_970,0,,1,0.1944,1.0,0.4361,1.0,0.0,0.6667,0.6,Case D (Missed Security Similarity)
reveal,-1335877942018854351_131,0,,0,3,5366785327268799421_2714,0,,1,0.2759,0.3111,0.2864,1.0,0.0,0.6667,0.6,Case A (Good)
reveal,-1335877942018854351_131,0,,0,4,9165901716987135402_1299,0,,1,0.1489,0.4516,0.2397,1.0,0.0,0.6667,0.6,Case D (Missed Security Similarity)
reveal,-1335877942018854351_131,0,,0,5,-673406620978847526_757,0,,1,0.0769,0.3111,0.1472,1.0,0.0,0.6667,0.6,Case D (Missed Security Similarity)
reveal,-8721757784652752372_132,0,,1,1,-954364585377557207_1691,0,,1,0.0993,0.5747,0.2419,1.0,1.0,0.3333,0.8,Case D (Missed Security Similarity)
reveal,-8721757784652752372_132,0,,1,2,-8925552398357902286_2617,0,,1,0.2917,0.0105,0.2073,1.0,1.0,0.6667,0.9,Case A (Good)
reveal,-8721757784652752372_132,0,,1,3,378220832151730865_996,0,,2,0.1468,0.3441,0.206,1.0,0.5,0.3333,0.65,Case D (Missed Security Similarity)
reveal,-8721757784652752372_132,0,,1,4,378220832151730865_1759,0,,1,0.2083,0.0107,0.1491,1.0,1.0,0.6667,0.9,Case D (Missed Security Similarity)
reveal,-8721757784652752372_132,0,,1,5,-8620097311326519087_1625,0,,1,0.1538,0.0104,0.1108,1.0,1.0,0.6667,0.9,Case D (Missed Security Similarity)
reveal,-5268859819325807498_133,0,,2,1,-5268859819325807498_147,0,,2,0.4068,0.7061,0.4966,1.0,1.0,1.0,1.0,Case A (Good)
reveal,-5268859819325807498_133,0,,2,2,-5268859819325807498_2532,0,,2,0.3913,0.6116,0.4574,1.0,1.0,1.0,1.0,Case A (Good)
reveal,-5268859819325807498_133,0,,2,3,-5268859819325807498_685,0,,2,0.4524,0.4261,0.4445,1.0,1.0,1.0,1.0,Case A (Good)
reveal,-5268859819325807498_133,0,,2,4,1760449185745615462_642,0,,1,0.24,0.363,0.2769,1.0,0.5,1.0,0.85,Case D (Missed Security Similarity)
reveal,-5268859819325807498_133,0,,2,5,-1445906809722253218_2285,0,,1,0.1266,0.229,0.1573,1.0,0.5,0.6667,0.75,Case D (Missed Security Similarity)
reveal,-7553540414561818627_134,0,,2,1,-5390559971540708342_998,0,memset,3,0.2791,0.1763,0.2482,0.0,0.6667,0.6667,0.4,Case B (Superficially Similar)
reveal,-7553540414561818627_134,0,,2,2,6250095321513210169_2312,0,memcpy,1,0.175,0.3192,0.2183,0.0,0.5,0.3333,0.25,Uncorrelated / Low Similarity
reveal,-7553540414561818627_134,0,,2,3,-3996653205403580145_1686,0,,1,0.2549,0.0899,0.2054,1.0,0.5,1.0,0.85,Case A (Good)
reveal,-7553540414561818627_134,0,,2,4,-2943582541244387919_2294,0,,0,0.125,0.3722,0.1992,1.0,0.0,0.6667,0.6,Case D (Missed Security Similarity)
reveal,-7553540414561818627_134,0,,2,5,-2943582541244387919_967,0,,0,0.1158,0.2407,0.1533,1.0,0.0,0.6667,0.6,Case D (Missed Security Similarity)
reveal,1859256631654516868_135,0,,3,1,-3569070884878445567_1667,0,memset,2,0.2428,0.4472,0.3041,0.0,0.6667,1.0,0.5,Case D (Missed Security Similarity)
reveal,1859256631654516868_135,0,,3,2,-1658505547857059267_2987,0,,2,0.1589,0.5147,0.2657,1.0,0.25,1.0,0.775,Case D (Missed Security Similarity)
reveal,1859256631654516868_135,0,,3,3,-3569070884878445567_1709,0,memset|memcpy,2,0.1615,0.4174,0.2382,0.0,0.6667,1.0,0.5,Case D (Missed Security Similarity)
reveal,1859256631654516868_135,0,,3,4,1859256631654516868_499,0,,2,0.1225,0.3962,0.2046,1.0,0.6667,1.0,0.9,Case D (Missed Security Similarity)
reveal,1859256631654516868_135,0,,3,5,1760449185745615462_2212,0,,1,0.0408,0.0092,0.0313,1.0,0.3333,0.3333,0.6,Case D (Missed Security Similarity)
reveal,-2751047985690578371_136,0,memcpy,2,1,-5018199117312371093_917,0,,1,0.225,0.9914,0.4549,0.0,0.5,0.6667,0.35,Uncorrelated / Low Similarity
reveal,-2751047985690578371_136,0,memcpy,2,2,-5018199117312371093_1971,0,,1,0.2205,0.9895,0.4512,0.0,0.5,0.6667,0.35,Uncorrelated / Low Similarity
reveal,-2751047985690578371_136,0,memcpy,2,3,-2751047985690578371_111,0,,1,0.3495,0.52,0.4007,0.0,0.5,1.0,0.45,Case B (Superficially Similar)
reveal,-2751047985690578371_136,0,memcpy,2,4,-2751047985690578371_121,0,,1,0.2473,0.4174,0.2983,0.0,0.5,1.0,0.45,Uncorrelated / Low Similarity
reveal,-2751047985690578371_136,0,memcpy,2,5,3502077845611765963_1703,0,,1,0.1717,0.1198,0.1561,0.0,0.5,0.6667,0.35,Uncorrelated / Low Similarity
reveal,-2928324134072492299_137,0,,2,1,-2928324134072492299_226,0,,2,0.7674,1.0,0.8372,1.0,1.0,1.0,1.0,Case A (Good)
reveal,-2928324134072492299_137,0,,2,2,-2928324134072492299_2888,0,,2,0.7674,1.0,0.8372,1.0,1.0,1.0,1.0,Case A (Good)
reveal,-2928324134072492299_137,0,,2,3,-2928324134072492299_64,0,,2,0.7273,0.9953,0.8077,1.0,1.0,1.0,1.0,Case A (Good)
reveal,-2928324134072492299_137,0,,2,4,-2908211205972632000_1480,0,,2,0.3261,0.6257,0.416,1.0,1.0,0.6667,0.9,Case A (Good)
reveal,-2928324134072492299_137,0,,2,5,-1315695702746584250_1668,0,,1,0.2128,0.2323,0.2186,1.0,0.5,0.6667,0.75,Case D (Missed Security Similarity)
reveal,3599206110384554647_138,0,,1,1,3599206110384554647_448,0,,1,0.9683,1.0,0.9778,1.0,1.0,1.0,1.0,Case A (Good)
reveal,3599206110384554647_138,0,,1,2,3599206110384554647_1238,0,,1,0.8493,0.9864,0.8904,1.0,1.0,1.0,1.0,Case A (Good)
reveal,3599206110384554647_138,0,,1,3,3599206110384554647_186,0,,1,0.8235,1.0,0.8765,1.0,1.0,1.0,1.0,Case A (Good)
reveal,3599206110384554647_138,0,,1,4,1366214969540455677_1840,1,,0,0.1032,0.2838,0.1574,1.0,0.0,1.0,0.7,Case D (Missed Security Similarity)
reveal,3599206110384554647_138,0,,1,5,-7795592811940874822_185,0,,1,0.0608,0.0179,0.0479,1.0,1.0,0.6667,0.9,Case D (Missed Security Similarity)
reveal,-4271192073087306668_139,0,,1,1,-4456702502726364053_2719,0,,1,0.3333,0.2643,0.3126,1.0,1.0,1.0,1.0,Case A (Good)
reveal,-4271192073087306668_139,0,,1,2,1760449185745615462_2212,0,,1,0.1458,0.3447,0.2055,1.0,1.0,0.3333,0.8,Case D (Missed Security Similarity)
reveal,-4271192073087306668_139,0,,1,3,7279312193592248512_2809,0,,2,0.2778,0.0119,0.198,1.0,0.5,1.0,0.85,Case A (Good)
reveal,-4271192073087306668_139,0,,1,4,-1658505547857059267_2987,0,,2,0.1647,0.2271,0.1834,1.0,0.5,1.0,0.85,Case D (Missed Security Similarity)
reveal,-4271192073087306668_139,0,,1,5,1859256631654516868_1748,0,,1,0.2167,0.0146,0.1561,1.0,1.0,0.6667,0.9,Case D (Missed Security Similarity)
reveal,4537091194729139981_140,0,,1,1,4537091194729139981_1139,0,,1,0.7021,0.4516,0.627,1.0,1.0,1.0,1.0,Case A (Good)
reveal,4537091194729139981_140,0,,1,2,7563956670602033500_128,0,,1,0.1964,0.4516,0.273,1.0,1.0,1.0,1.0,Case D (Missed Security Similarity)
reveal,4537091194729139981_140,0,,1,3,355220887711506893_2123,0,,0,0.1489,0.4516,0.2397,1.0,0.0,0.6667,0.6,Case D (Missed Security Similarity)
reveal,4537091194729139981_140,0,,1,4,-8884965407551053630_1771,0,,1,0.1379,0.0668,0.1166,1.0,1.0,1.0,1.0,Case D (Missed Security Similarity)
reveal,4537091194729139981_140,0,,1,5,-2928324134072492299_161,0,,0,0.1176,0.0442,0.0956,1.0,0.0,0.6667,0.6,Case D (Missed Security Similarity)
reveal,-6126432314261451839_141,0,strcpy|open|strcmp|strcat,2,1,-6126432314261451839_1725,0,strcmp,2,0.5676,0.9875,0.6935,0.25,1.0,1.0,0.7,Case A (Good)
reveal,-6126432314261451839_141,0,strcpy|open|strcmp|strcat,2,2,8139827869427659905_2010,0,memcpy,2,0.1532,0.8485,0.3618,0.0,0.3333,0.6667,0.3,Uncorrelated / Low Similarity
reveal,-6126432314261451839_141,0,strcpy|open|strcmp|strcat,2,3,-6126432314261451839_2746,0,,2,0.2153,0.6637,0.3498,0.0,1.0,1.0,0.6,Case D (Missed Security Similarity)
reveal,-6126432314261451839_141,0,strcpy|open|strcmp|strcat,2,4,-6126432314261451839_2051,0,,1,0.1453,0.5216,0.2582,0.0,0.5,0.6667,0.35,Uncorrelated / Low Similarity
reveal,-6126432314261451839_141,0,strcpy|open|strcmp|strcat,2,5,5918484636148310736_1906,0,,1,0.114,0.2577,0.1571,0.0,0.5,0.6667,0.35,Uncorrelated / Low Similarity
reveal,3576240888172463140_142,0,memset,2,1,-8018308356928846483_625,0,,2,0.3171,0.163,0.2708,0.0,0.3333,1.0,0.4,Case B (Superficially Similar)
reveal,3576240888172463140_142,0,memset,2,2,1760449185745615462_1550,0,,1,0.2292,0.3568,0.2675,0.0,0.0,0.3333,0.1,Uncorrelated / Low Similarity
reveal,3576240888172463140_142,0,memset,2,3,1223258652239369123_1280,1,,1,0.2083,0.0946,0.1742,0.0,0.0,0.3333,0.1,Uncorrelated / Low Similarity
reveal,3576240888172463140_142,0,memset,2,4,-7019074708255236794_1952,0,,1,0.1692,0.1794,0.1723,0.0,0.0,0.6667,0.2,Uncorrelated / Low Similarity
reveal,3576240888172463140_142,0,memset,2,5,-6245610163896160314_137,0,read|write,1,0.1461,0.0096,0.1051,0.0,0.0,0.6667,0.2,Uncorrelated / Low Similarity
reveal,6393050609822897742_143,0,,1,1,3034544629554697948_411,0,strcmp,2,0.2472,0.3688,0.2837,0.0,0.5,1.0,0.45,Uncorrelated / Low Similarity
reveal,6393050609822897742_143,0,,1,2,-4106680724983638989_1133,0,,1,0.2316,0.3198,0.2581,1.0,1.0,1.0,1.0,Case D (Missed Security Similarity)
reveal,6393050609822897742_143,0,,1,3,5357882892791796049_1036,0,,1,0.1899,0.3767,0.2459,1.0,1.0,0.6667,0.9,Case D (Missed Security Similarity)
reveal,6393050609822897742_143,0,,1,4,7749168290238234888_2632,0,memset,1,0.2118,0.0133,0.1522,0.0,1.0,0.6667,0.5,Case D (Missed Security Similarity)
reveal,6393050609822897742_143,0,,1,5,5357882892791796049_689,0,,1,0.2093,0.014,0.1507,1.0,1.0,1.0,1.0,Case D (Missed Security Similarity)
reveal,1760449185745615462_144,0,,0,1,1760449185745615462_2383,0,,0,0.7037,0.9246,0.77,1.0,1.0,1.0,1.0,Case A (Good)
reveal,1760449185745615462_144,0,,0,2,1760449185745615462_2050,0,,1,0.3409,0.2062,0.3005,1.0,0.0,0.6667,0.6,Case A (Good)
reveal,1760449185745615462_144,0,,0,3,1760449185745615462_1529,0,,1,0.3617,0.011,0.2565,1.0,0.0,1.0,0.7,Case A (Good)
reveal,1760449185745615462_144,0,,0,4,1760449185745615462_406,0,,1,0.2143,0.2321,0.2196,1.0,0.0,0.6667,0.6,Case D (Missed Security Similarity)
reveal,1760449185745615462_144,0,,0,5,-1315695702746584250_2759,0,,1,0.2222,0.013,0.1595,1.0,0.0,0.6667,0.6,Case D (Missed Security Similarity)
reveal,1859256631654516868_145,0,memset,3,1,1859256631654516868_499,0,,2,0.3944,0.4238,0.4032,0.0,0.6667,1.0,0.5,Case A (Good)
reveal,1859256631654516868_145,0,memset,3,2,-1658505547857059267_2987,0,,2,0.2527,0.6121,0.3605,0.0,0.25,1.0,0.375,Case B (Superficially Similar)
reveal,1859256631654516868_145,0,memset,3,3,-3569070884878445567_1709,0,memset|memcpy,2,0.1307,0.4216,0.2179,0.5,0.6667,1.0,0.7,Case D (Missed Security Similarity)
reveal,1859256631654516868_145,0,memset,3,4,7279312193592248512_2809,0,,2,0.2174,0.0111,0.1555,0.0,0.6667,1.0,0.5,Case D (Missed Security Similarity)
reveal,1859256631654516868_145,0,memset,3,5,1760449185745615462_2212,0,,1,0.1111,0.0118,0.0813,0.0,0.3333,0.3333,0.2,Uncorrelated / Low Similarity
reveal,-5280794106681745199_146,0,read,2,1,-5280794106681745199_2876,0,read,2,0.265,0.4902,0.3325,1.0,1.0,1.0,1.0,Case A (Good)
reveal,-5280794106681745199_146,0,read,2,2,-6579823731174944595_2151,1,,0,0.1343,0.2083,0.1565,0.0,0.0,0.6667,0.2,Uncorrelated / Low Similarity
reveal,-5280794106681745199_146,0,read,2,3,-4886619136962902359_889,0,,1,0.0952,0.1511,0.112,0.0,0.5,0.6667,0.35,Uncorrelated / Low Similarity
reveal,-5280794106681745199_146,0,read,2,4,-649112636673899765_1191,0,,1,0.1412,0.0096,0.1017,0.0,0.5,0.6667,0.35,Uncorrelated / Low Similarity
reveal,-5280794106681745199_146,0,read,2,5,-2064332158282087279_1355,0,memcpy,1,0.141,0.0099,0.1017,0.0,0.5,1.0,0.45,Uncorrelated / Low Similarity
reveal,4489017523191997023_147,0,,0,1,4489017523191997023_2642,0,,0,0.7778,1.0,0.8444,1.0,1.0,1.0,1.0,Case A (Good)
reveal,4489017523191997023_147,0,,0,2,7092216800726729686_1807,0,,0,0.7778,1.0,0.8444,1.0,1.0,1.0,1.0,Case A (Good)
reveal,4489017523191997023_147,0,,0,3,4489017523191997023_1823,0,,0,0.7778,1.0,0.8444,1.0,1.0,1.0,1.0,Case A (Good)
reveal,4489017523191997023_147,0,,0,4,4489017523191997023_952,0,,0,0.7778,1.0,0.8444,1.0,1.0,1.0,1.0,Case A (Good)
reveal,4489017523191997023_147,0,,0,5,4489017523191997023_936,0,,0,0.7778,1.0,0.8444,1.0,1.0,1.0,1.0,Case A (Good)
reveal,-5082285935423529157_148,0,,1,1,-5082285935423529157_2167,0,,1,0.7931,1.0,0.8552,1.0,1.0,1.0,1.0,Case A (Good)
reveal,-5082285935423529157_148,0,,1,2,-5082285935423529157_2501,0,,2,0.6167,0.68,0.6357,1.0,0.5,1.0,0.85,Case A (Good)
reveal,-5082285935423529157_148,0,,1,3,-5082285935423529157_585,0,,2,0.6167,0.68,0.6357,1.0,0.5,1.0,0.85,Case A (Good)
reveal,-5082285935423529157_148,0,,1,4,-5082285935423529157_2054,0,,2,0.7419,0.0256,0.527,1.0,0.5,1.0,0.85,Case A (Good)
reveal,-5082285935423529157_148,0,,1,5,-5082285935423529157_76,0,,1,0.6618,0.025,0.4707,1.0,1.0,1.0,1.0,Case A (Good)
reveal,-7434385833116714871_149,0,,1,1,-7434385833116714871_2861,0,,0,0.52,0.3643,0.4733,1.0,0.0,1.0,0.7,Case A (Good)
reveal,-7434385833116714871_149,0,,1,2,-1672864273235910388_1324,0,,2,0.3226,0.1098,0.2587,1.0,0.5,0.6667,0.75,Case A (Good)
reveal,-7434385833116714871_149,0,,1,3,2578089348587614328_714,0,,2,0.2,0.172,0.1916,1.0,0.5,0.6667,0.75,Case D (Missed Security Similarity)
reveal,-7434385833116714871_149,0,,1,4,2578089348587614328_1588,0,,1,0.225,0.009,0.1602,1.0,1.0,0.6667,0.9,Case D (Missed Security Similarity)
reveal,-7434385833116714871_149,0,,1,5,-5018199117312371093_917,0,,1,0.1739,0.1003,0.1518,1.0,1.0,0.3333,0.8,Case D (Missed Security Similarity)
reveal,8445816931248660591_150,0,,2,1,-769658847024738738_2959,0,,2,0.4,0.6158,0.4647,1.0,1.0,1.0,1.0,Case A (Good)
reveal,8445816931248660591_150,0,,2,2,-1315695702746584250_1172,0,,2,0.4375,0.4054,0.4279,1.0,1.0,1.0,1.0,Case A (Good)
reveal,8445816931248660591_150,0,,2,3,-2908211205972632000_277,0,,2,0.2963,0.3075,0.2997,1.0,1.0,1.0,1.0,Case A (Good)
reveal,8445816931248660591_150,0,,2,4,-1929262071302712016_1328,0,,3,0.1892,0.3286,0.231,1.0,0.6667,0.6667,0.8,Case D (Missed Security Similarity)
reveal,8445816931248660591_150,0,,2,5,-1929262071302712016_1544,0,,3,0.2545,0.0108,0.1814,1.0,0.6667,1.0,0.9,Case A (Good)
reveal,-7468702064548611268_151,0,,2,1,-7775977291865552483_2761,0,,1,0.1429,0.4151,0.2245,1.0,0.5,0.6667,0.75,Case D (Missed Security Similarity)
reveal,-7468702064548611268_151,0,,2,2,-5268859819325807498_685,0,,2,0.1273,0.4487,0.2237,1.0,0.3333,0.6667,0.7,Case D (Missed Security Similarity)
reveal,-7468702064548611268_151,0,,2,3,1760449185745615462_642,0,,1,0.1161,0.3605,0.1894,1.0,0.5,0.6667,0.75,Case D (Missed Security Similarity)
reveal,-7468702064548611268_151,0,,2,4,1760449185745615462_321,0,,1,0.1217,0.2729,0.1671,1.0,0.5,0.6667,0.75,Case D (Missed Security Similarity)
reveal,-7468702064548611268_151,0,,2,5,-4885528830177756816_1228,0,,1,0.1282,0.1341,0.13,1.0,0.5,0.6667,0.75,Case D (Missed Security Similarity)
reveal,-7855974557509681261_152,0,,1,1,-7855974557509681261_1053,0,,1,0.8621,1.0,0.9034,1.0,1.0,1.0,1.0,Case A (Good)
reveal,-7855974557509681261_152,0,,1,2,-7855974557509681261_669,0,,2,0.5263,0.9884,0.665,1.0,0.5,1.0,0.85,Case A (Good)
reveal,-7855974557509681261_152,0,,1,3,-6024601983167898950_1323,0,,2,0.2381,0.7775,0.3999,1.0,0.5,1.0,0.85,Case D (Missed Security Similarity)
reveal,-7855974557509681261_152,0,,1,4,-3559021711340554904_1352,0,,1,0.25,0.4557,0.3117,1.0,1.0,1.0,1.0,Case A (Good)
reveal,-7855974557509681261_152,0,,1,5,-1768728156572022708_1190,0,,3,0.1264,0.4144,0.2128,1.0,0.3333,0.6667,0.7,Case D (Missed Security Similarity)
reveal,-7683902591435073306_153,0,,2,1,4180964683905830761_2072,0,,1,0.1944,0.5253,0.2937,1.0,0.5,1.0,0.85,Case D (Missed Security Similarity)
reveal,-7683902591435073306_153,0,,2,2,-7795592811940874822_2260,1,,2,0.1882,0.4803,0.2759,1.0,1.0,1.0,1.0,Case D (Missed Security Similarity)
reveal,-7683902591435073306_153,0,,2,3,-7683902591435073306_424,0,,2,0.25,0.3028,0.2658,1.0,1.0,1.0,1.0,Case A (Good)
reveal,-7683902591435073306_153,0,,2,4,4180964683905830761_1101,0,strcmp,1,0.1453,0.4051,0.2233,0.0,0.5,0.6667,0.35,Uncorrelated / Low Similarity
reveal,-7683902591435073306_153,0,,2,5,2895622461494525400_2747,0,sprintf|printf,1,0.1228,0.0124,0.0897,0.0,0.5,0.3333,0.25,Uncorrelated / Low Similarity
reveal,8388187431631506723_154,0,,1,1,8388187431631506723_2630,0,,1,0.7407,0.7991,0.7583,1.0,1.0,1.0,1.0,Case A (Good)
reveal,8388187431631506723_154,0,,1,2,8388187431631506723_2206,0,,1,0.7407,0.7991,0.7583,1.0,1.0,1.0,1.0,Case A (Good)
reveal,8388187431631506723_154,0,,1,3,8388187431631506723_1922,0,,1,0.7407,0.7991,0.7583,1.0,1.0,1.0,1.0,Case A (Good)
reveal,8388187431631506723_154,0,,1,4,8388187431631506723_2169,0,,1,0.6786,0.8608,0.7332,1.0,1.0,1.0,1.0,Case A (Good)
reveal,8388187431631506723_154,0,,1,5,-7455544248455991006_2472,0,,2,0.2424,0.3679,0.2801,1.0,0.5,0.6667,0.75,Case D (Missed Security Similarity)
reveal,-5706788925640467782_155,0,,1,1,1911881859629730975_684,1,,1,0.3056,0.8372,0.465,1.0,1.0,1.0,1.0,Case C (Dangerous - Label Mismatch)
reveal,-5706788925640467782_155,0,,1,2,5611940141018433728_1015,1,,2,0.3558,0.6903,0.4561,1.0,0.5,1.0,0.85,Case C (Dangerous - Label Mismatch)
reveal,-5706788925640467782_155,0,,1,3,-5706788925640467782_342,1,,1,0.3125,0.687,0.4248,1.0,1.0,1.0,1.0,Case C (Dangerous - Label Mismatch)
reveal,-5706788925640467782_155,0,,1,4,-4078760840682683657_2824,0,,2,0.3939,0.1267,0.3138,1.0,0.5,1.0,0.85,Case A (Good)
reveal,-5706788925640467782_155,0,,1,5,252275190935145023_2584,0,,1,0.2549,0.1423,0.2211,1.0,1.0,0.6667,0.9,Case A (Good)
reveal,2546373479020365143_156,0,,2,1,2546373479020365143_210,0,,2,0.3457,0.5087,0.3946,1.0,1.0,0.6667,0.9,Case A (Good)
reveal,2546373479020365143_156,0,,2,2,2546373479020365143_2340,0,memcpy,2,0.3059,0.1505,0.2593,0.0,1.0,1.0,0.6,Case A (Good)
reveal,2546373479020365143_156,0,,2,3,2546373479020365143_711,0,,1,0.2805,0.2049,0.2578,1.0,0.5,0.6667,0.75,Case A (Good)
reveal,2546373479020365143_156,0,,2,4,2546373479020365143_243,0,,1,0.1831,0.2518,0.2037,1.0,0.5,1.0,0.85,Case D (Missed Security Similarity)
reveal,2546373479020365143_156,0,,2,5,1760449185745615462_340,0,,1,0.1757,0.2604,0.2011,1.0,0.5,1.0,0.85,Case D (Missed Security Similarity)
reveal,4839943401171415484_157,0,,1,1,4839943401171415484_385,0,,1,0.7963,1.0,0.8574,1.0,1.0,1.0,1.0,Case A (Good)
reveal,4839943401171415484_157,0,,1,2,2487534775710400322_970,0,,1,0.2,1.0,0.44,1.0,1.0,0.6667,0.9,Case D (Missed Security Similarity)
reveal,4839943401171415484_157,0,,1,3,8206514580434225668_1614,0,,1,0.2222,0.4516,0.291,1.0,1.0,1.0,1.0,Case D (Missed Security Similarity)
reveal,4839943401171415484_157,0,,1,4,5366785327268799421_2714,0,,1,0.2,0.3111,0.2333,1.0,1.0,0.6667,0.9,Case D (Missed Security Similarity)
reveal,4839943401171415484_157,0,,1,5,-673406620978847526_757,0,,1,0.0992,0.3111,0.1628,1.0,1.0,0.6667,0.9,Case D (Missed Security Similarity)
reveal,4704178797381506498_158,0,free,2,1,-6986708248145981986_1413,0,memcpy,2,0.2865,0.713,0.4145,0.0,1.0,0.3333,0.4,Case B (Superficially Similar)
reveal,4704178797381506498_158,0,free,2,2,4704178797381506498_848,0,,2,0.2676,0.7137,0.4014,0.0,1.0,0.3333,0.4,Case B (Superficially Similar)
reveal,4704178797381506498_158,0,free,2,3,-6986708248145981986_2537,0,memset,3,0.2434,0.4646,0.3098,0.0,0.6667,0.3333,0.3,Uncorrelated / Low Similarity
reveal,4704178797381506498_158,0,free,2,4,-2607754285145856562_183,0,,2,0.1085,0.4764,0.2189,0.0,1.0,0.3333,0.4,Uncorrelated / Low Similarity
reveal,4704178797381506498_158,0,free,2,5,-6704066512670389306_2031,0,close,1,0.1314,0.2527,0.1678,0.0,0.5,0.6667,0.35,Uncorrelated / Low Similarity
reveal,7092216800726729686_159,0,,1,1,7092216800726729686_1883,0,,1,0.7857,1.0,0.85,1.0,1.0,1.0,1.0,Case A (Good)
reveal,7092216800726729686_159,0,,1,2,7092216800726729686_1066,0,,1,0.7857,1.0,0.85,1.0,1.0,1.0,1.0,Case A (Good)
reveal,7092216800726729686_159,0,,1,3,7092216800726729686_561,0,,1,0.7857,1.0,0.85,1.0,1.0,1.0,1.0,Case A (Good)
reveal,7092216800726729686_159,0,,1,4,4489017523191997023_1615,0,,1,0.7857,1.0,0.85,1.0,1.0,1.0,1.0,Case A (Good)
reveal,7092216800726729686_159,0,,1,5,825216912438754622_246,0,,1,0.7778,1.0,0.8444,1.0,1.0,1.0,1.0,Case A (Good)
reveal,-1102844685921778700_160,0,,2,1,-1102844685921778700_937,0,,2,0.5349,0.1588,0.4221,1.0,1.0,0.3333,0.8,Case A (Good)
reveal,-1102844685921778700_160,0,,2,2,1760449185745615462_406,0,,1,0.2237,0.3555,0.2632,1.0,0.5,0.6667,0.75,Case D (Missed Security Similarity)
reveal,-1102844685921778700_160,0,,2,3,-8054970867770516573_1366,0,,1,0.2656,0.1712,0.2373,1.0,0.5,0.6667,0.75,Case A (Good)
reveal,-1102844685921778700_160,0,,2,4,6805657479815417135_260,1,fprintf|open|printf,3,0.1691,0.2404,0.1905,0.0,0.6667,0.6667,0.4,Uncorrelated / Low Similarity
reveal,-1102844685921778700_160,0,,2,5,1825251920369138543_163,0,printf,2,0.1707,0.1072,0.1517,0.0,1.0,1.0,0.6,Case D (Missed Security Similarity)
reveal,-7253276028511611170_161,0,,1,1,2713698759296604855_1731,0,,1,0.2752,0.4526,0.3284,1.0,1.0,1.0,1.0,Case A (Good)
reveal,-7253276028511611170_161,0,,1,2,2713698759296604855_1222,0,,2,0.2381,0.5225,0.3234,1.0,0.5,1.0,0.85,Case D (Missed Security Similarity)
reveal,-7253276028511611170_161,0,,1,3,2335222688263906532_440,0,,1,0.2178,0.2907,0.2397,1.0,1.0,0.6667,0.9,Case D (Missed Security Similarity)
reveal,-7253276028511611170_161,0,,1,4,6302861533225984845_1026,0,,1,0.1683,0.2743,0.2001,1.0,1.0,0.6667,0.9,Case D (Missed Security Similarity)
reveal,-7253276028511611170_161,0,,1,5,1182028467273264883_2859,0,,2,0.117,0.1793,0.1357,1.0,0.5,0.6667,0.75,Case D (Missed Security Similarity)
reveal,468458465404335175_162,0,,1,1,1949916022780590905_668,0,,1,0.137,0.5025,0.2466,1.0,1.0,1.0,1.0,Case D (Missed Security Similarity)
reveal,468458465404335175_162,0,,1,2,-8041308796088637266_273,0,fprintf,0,0.2903,0.0144,0.2075,0.0,0.0,0.6667,0.2,Case B (Superficially Similar)
reveal,468458465404335175_162,0,,1,3,-8721757784652752372_2631,1,,1,0.1579,0.0143,0.1148,1.0,1.0,1.0,1.0,Case D (Missed Security Similarity)
reveal,468458465404335175_162,0,,1,4,8484475213808847345_2668,0,,0,0.1571,0.01,0.113,1.0,0.0,0.6667,0.6,Case D (Missed Security Similarity)
reveal,468458465404335175_162,0,,1,5,8849962823026424130_2215,0,,1,0.1447,0.0099,0.1043,1.0,1.0,1.0,1.0,Case D (Missed Security Similarity)
reveal,-305162769887579921_163,0,,1,1,3584320764213684062_964,0,,0,0.2115,0.3883,0.2646,1.0,0.0,0.6667,0.6,Case D (Missed Security Similarity)
reveal,-305162769887579921_163,0,,1,2,-7434014980763120366_1377,0,,1,0.1964,0.3725,0.2493,1.0,0.0,0.6667,0.6,Case D (Missed Security Similarity)
reveal,-305162769887579921_163,0,,1,3,914926989019402478_428,0,,2,0.2264,0.2436,0.2316,1.0,0.5,0.6667,0.75,Case D (Missed Security Similarity)
reveal,-305162769887579921_163,0,,1,4,-1929262071302712016_1578,0,,1,0.1961,0.2655,0.2169,1.0,1.0,1.0,1.0,Case D (Missed Security Similarity)
reveal,-305162769887579921_163,0,,1,5,-1929262071302712016_573,0,,0,0.1552,0.1699,0.1596,1.0,0.0,0.6667,0.6,Case D (Missed Security Similarity)
reveal,927123821003322045_164,0,,1,1,927123821003322045_862,0,,1,0.3864,1.0,0.5705,1.0,1.0,1.0,1.0,Case A (Good)
reveal,927123821003322045_164,0,,1,2,-182831737838159094_53,0,,1,0.2885,0.2373,0.2731,1.0,1.0,1.0,1.0,Case A (Good)
reveal,927123821003322045_164,0,,1,3,-182831737838159094_1330,0,,1,0.283,0.1918,0.2556,1.0,1.0,1.0,1.0,Case A (Good)
reveal,927123821003322045_164,0,,1,4,927123821003322045_292,0,,1,0.2623,0.2373,0.2548,1.0,1.0,1.0,1.0,Case A (Good)
reveal,927123821003322045_164,0,,1,5,-182831737838159094_1077,0,,1,0.2679,0.1918,0.245,1.0,1.0,1.0,1.0,Case A (Good)
reveal,-8704451445127642833_165,0,,1,1,-8704451445127642833_746,0,,1,0.5082,0.0089,0.3584,1.0,1.0,0.6667,0.9,Case A (Good)
reveal,-8704451445127642833_165,0,,1,2,1760449185745615462_321,0,,1,0.1923,0.4843,0.2799,1.0,1.0,0.6667,0.9,Case D (Missed Security Similarity)
reveal,-8704451445127642833_165,0,,1,3,1760449185745615462_642,0,,1,0.1711,0.4652,0.2593,1.0,1.0,0.6667,0.9,Case D (Missed Security Similarity)
reveal,-8704451445127642833_165,0,,1,4,-5268859819325807498_685,0,,2,0.2222,0.2677,0.2359,1.0,0.5,0.6667,0.75,Case D (Missed Security Similarity)
reveal,-8704451445127642833_165,0,,1,5,-4885528830177756816_1228,0,,1,0.1852,0.1723,0.1813,1.0,1.0,0.6667,0.9,Case D (Missed Security Similarity)
reveal,-1710554222303887484_166,0,,0,1,-1710554222303887484_1305,0,,0,0.4725,0.9153,0.6054,1.0,1.0,1.0,1.0,Case A (Good)
reveal,-1710554222303887484_166,0,,0,2,1182028467273264883_471,0,sprintf,1,0.1649,0.6212,0.3018,0.0,0.0,0.6667,0.2,Uncorrelated / Low Similarity
reveal,-1710554222303887484_166,0,,0,3,-8018308356928846483_625,0,,2,0.2034,0.0096,0.1453,1.0,0.0,1.0,0.7,Case D (Missed Security Similarity)
reveal,-1710554222303887484_166,0,,0,4,1760449185745615462_1550,0,,1,0.1343,0.0126,0.0978,1.0,0.0,0.3333,0.5,Case D (Missed Security Similarity)
reveal,-1710554222303887484_166,0,,0,5,-6245610163896160314_137,0,read|write,1,0.1226,0.0149,0.0903,0.0,0.0,0.6667,0.2,Uncorrelated / Low Similarity
reveal,3576240888172463140_167,0,,1,1,2776415072272421122_1060,0,memset|memcpy,1,0.1487,0.6024,0.2848,0.0,1.0,1.0,0.6,Case D (Missed Security Similarity)
reveal,3576240888172463140_167,0,,1,2,-5279853345356125001_1583,1,,2,0.125,0.6113,0.2709,1.0,0.5,1.0,0.85,Case D (Missed Security Similarity)
reveal,3576240888172463140_167,0,,1,3,6675626110148442062_2071,0,,0,0.1638,0.0107,0.1179,1.0,0.0,0.3333,0.5,Case D (Missed Security Similarity)
reveal,3576240888172463140_167,0,,1,4,-5615323818347734353_310,0,strcmp,3,0.0763,0.16,0.1014,0.0,0.3333,1.0,0.4,Uncorrelated / Low Similarity
reveal,3576240888172463140_167,0,,1,5,1366214969540455677_1944,0,,1,0.1333,0.0115,0.0968,1.0,1.0,0.6667,0.9,Case D (Missed Security Similarity)
reveal,-3502382902740740634_168,0,,2,1,-1338403456839869183_1428,0,,1,0.3182,0.6236,0.4098,1.0,0.5,0.6667,0.75,Case A (Good)
reveal,-3502382902740740634_168,0,,2,2,4724375811251028572_188,0,,1,0.2769,0.5625,0.3626,1.0,0.5,0.6667,0.75,Case A (Good)
reveal,-3502382902740740634_168,0,,2,3,1760449185745615462_1900,0,,1,0.2069,0.4501,0.2799,1.0,0.5,1.0,0.85,Case D (Missed Security Similarity)
reveal,-3502382902740740634_168,0,,2,4,4372812923566076695_2498,0,,2,0.1398,0.5321,0.2575,1.0,1.0,1.0,1.0,Case D (Missed Security Similarity)
reveal,-3502382902740740634_168,0,,2,5,-3231032419759162058_145,0,,1,0.1418,0.2516,0.1747,1.0,0.5,0.6667,0.75,Case D (Missed Security Similarity)
reveal,1105505185808271410_169,0,,1,1,8323148621905688627_774,1,,1,0.2222,0.4708,0.2968,1.0,1.0,1.0,1.0,Case D (Missed Security Similarity)
reveal,1105505185808271410_169,0,,1,2,-16551315108292821_1460,0,,2,0.2319,0.3566,0.2693,1.0,0.5,0.3333,0.65,Case D (Missed Security Similarity)
reveal,1105505185808271410_169,0,,1,3,4372812923566076695_2498,0,,2,0.1512,0.3916,0.2233,1.0,0.5,0.3333,0.65,Case D (Missed Security Similarity)
reveal,1105505185808271410_169,0,,1,4,-3231032419759162058_145,0,,1,0.2066,0.2445,0.218,1.0,1.0,0.6667,0.9,Case D (Missed Security Similarity)
reveal,1105505185808271410_169,0,,1,5,4372812923566076695_2849,0,sscanf,1,0.1353,0.0146,0.0991,0.0,1.0,0.6667,0.5,Case D (Missed Security Similarity)
reveal,1760449185745615462_170,0,,1,1,1760449185745615462_617,0,,1,0.3659,0.5505,0.4212,1.0,1.0,1.0,1.0,Case A (Good)
reveal,1760449185745615462_170,0,,1,2,5357882892791796049_349,0,,1,0.3077,0.3953,0.334,1.0,1.0,1.0,1.0,Case A (Good)
reveal,1760449185745615462_170,0,,1,3,-8665368283409781704_1757,0,,0,0.3,0.2053,0.2716,1.0,0.0,0.6667,0.6,Case A (Good)
reveal,1760449185745615462_170,0,,1,4,-3630680866895641146_2190,0,,0,0.2941,0.1816,0.2604,1.0,0.0,0.6667,0.6,Case A (Good)
reveal,1760449185745615462_170,0,,1,5,-866921002076081979_956,0,,0,0.2821,0.0365,0.2084,1.0,0.0,0.6667,0.6,Case A (Good)
reveal,1182028467273264883_171,0,,0,1,-2423144171479606949_1834,0,,1,0.234,0.3781,0.2773,1.0,0.0,0.3333,0.5,Case D (Missed Security Similarity)
reveal,1182028467273264883_171,0,,0,2,-2423144171479606949_1749,0,,1,0.24,0.3254,0.2656,1.0,0.0,0.3333,0.5,Case D (Missed Security Similarity)
reveal,1182028467273264883_171,0,,0,3,-2423144171479606949_2048,0,,1,0.2157,0.3254,0.2486,1.0,0.0,0.3333,0.5,Case D (Missed Security Similarity)
reveal,1182028467273264883_171,0,,0,4,-2423144171479606949_903,0,,1,0.2115,0.2545,0.2244,1.0,0.0,0.3333,0.5,Case D (Missed Security Similarity)
reveal,1182028467273264883_171,0,,0,5,-2423144171479606949_329,0,,1,0.2174,0.0137,0.1563,1.0,0.0,0.6667,0.6,Case D (Missed Security Similarity)
reveal,-6627217369018123590_172,0,,0,1,-7884836206149374350_1109,0,,0,0.4706,1.0,0.6294,1.0,1.0,1.0,1.0,Case A (Good)
reveal,-6627217369018123590_172,0,,0,2,416708768813973469_1472,0,,0,0.3158,1.0,0.5211,1.0,1.0,1.0,1.0,Case A (Good)
reveal,-6627217369018123590_172,0,,0,3,8461782184979846246_959,0,,1,0.25,1.0,0.475,1.0,0.0,0.6667,0.6,Case A (Good)
reveal,-6627217369018123590_172,0,,0,4,9165901716987135402_272,0,,1,0.2308,1.0,0.4615,1.0,0.0,0.6667,0.6,Case D (Missed Security Similarity)
reveal,-6627217369018123590_172,0,,0,5,4952739496652083313_2418,0,,0,0.2917,0.4516,0.3397,1.0,1.0,1.0,1.0,Case A (Good)
reveal,9176142195250515812_173,0,,2,1,-650231346353974279_1510,1,,0,0.1967,0.5455,0.3013,1.0,0.0,0.6667,0.6,Case D (Missed Security Similarity)
reveal,9176142195250515812_173,0,,2,2,1830000892320875614_683,0,,2,0.1313,0.6713,0.2933,1.0,1.0,1.0,1.0,Case D (Missed Security Similarity)
reveal,9176142195250515812_173,0,,2,3,6667142528452941476_2909,0,,0,0.2683,0.2058,0.2496,1.0,0.0,0.6667,0.6,Case A (Good)
reveal,9176142195250515812_173,0,,2,4,3804373597256531021_1070,0,,1,0.1719,0.326,0.2181,1.0,0.5,0.3333,0.65,Case D (Missed Security Similarity)
reveal,9176142195250515812_173,0,,2,5,-866921002076081979_881,0,strcmp,0,0.1519,0.2012,0.1667,0.0,0.0,0.3333,0.1,Uncorrelated / Low Similarity
reveal,237530479040685467_174,0,,1,1,1891617106617090004_2583,0,,2,0.4029,0.4964,0.4309,1.0,0.5,1.0,0.85,Case A (Good)
reveal,237530479040685467_174,0,,1,2,1891617106617090004_14,0,,2,0.4029,0.4964,0.4309,1.0,0.5,1.0,0.85,Case A (Good)
reveal,237530479040685467_174,0,,1,3,1891617106617090004_2928,1,,2,0.3957,0.4964,0.4259,1.0,0.5,1.0,0.85,Case C (Dangerous - Label Mismatch)
reveal,237530479040685467_174,0,,1,4,-5361762812461354840_389,0,,3,0.3586,0.5382,0.4125,1.0,0.3333,1.0,0.8,Case A (Good)
reveal,237530479040685467_174,0,,1,5,5597027026426443709_1835,0,,1,0.1197,0.5403,0.2459,1.0,1.0,0.6667,0.9,Case D (Missed Security Similarity)
reveal,5357882892791796049_175,0,,1,1,5357882892791796049_2549,0,,1,0.4872,0.3514,0.4464,1.0,1.0,1.0,1.0,Case A (Good)
reveal,5357882892791796049_175,0,,1,2,5357882892791796049_1750,0,,1,0.359,0.5152,0.4058,1.0,1.0,0.6667,0.9,Case A (Good)
reveal,5357882892791796049_175,0,,1,3,-6435087038712482873_819,0,,1,0.1897,0.2664,0.2127,1.0,1.0,0.6667,0.9,Case D (Missed Security Similarity)
reveal,5357882892791796049_175,0,,1,4,2930500905204315787_1339,1,,0,0.2,0.1774,0.1932,1.0,0.0,0.3333,0.5,Case D (Missed Security Similarity)
reveal,5357882892791796049_175,0,,1,5,355220887711506893_1955,0,,3,0.131,0.0094,0.0945,1.0,0.3333,0.6667,0.7,Case D (Missed Security Similarity)
reveal,-866921002076081979_176,0,,2,1,-1929262071302712016_2234,0,,2,0.1667,0.7758,0.3494,1.0,0.3333,0.6667,0.7,Case D (Missed Security Similarity)
reveal,-866921002076081979_176,0,,2,2,-7434014980763120366_1377,0,,1,0.1549,0.3485,0.213,1.0,0.5,0.3333,0.65,Case D (Missed Security Similarity)
reveal,-866921002076081979_176,0,,2,3,-1929262071302712016_1578,0,,1,0.1515,0.1714,0.1575,1.0,0.5,0.6667,0.75,Case D (Missed Security Similarity)
reveal,-866921002076081979_176,0,,2,4,-1929262071302712016_573,0,,0,0.1389,0.1701,0.1482,1.0,0.0,0.3333,0.5,Case D (Missed Security Similarity)
reveal,-866921002076081979_176,0,,2,5,914926989019402478_428,0,,2,0.1765,0.0116,0.127,1.0,1.0,0.3333,0.8,Case D (Missed Security Similarity)
reveal,5917118798851365454_177,0,,0,1,6336384260629386331_1568,0,,0,0.6667,1.0,0.7667,1.0,1.0,1.0,1.0,Case A (Good)
reveal,5917118798851365454_177,0,,0,2,6336384260629386331_2109,0,,1,0.5,0.5179,0.5054,1.0,0.0,1.0,0.7,Case A (Good)
reveal,5917118798851365454_177,0,,0,3,-3135212895432241239_2493,0,,0,0.4706,0.3595,0.4373,1.0,1.0,1.0,1.0,Case A (Good)
reveal,5917118798851365454_177,0,,0,4,-7236893719053583356_1049,0,,1,0.4318,0.2719,0.3838,1.0,0.0,0.6667,0.6,Case A (Good)
reveal,5917118798851365454_177,0,,0,5,-187662502455871220_2070,0,,1,0.3721,0.0095,0.2633,1.0,0.0,1.0,0.7,Case A (Good)
reveal,1760449185745615462_178,0,,1,1,1760449185745615462_1732,0,,1,0.7143,1.0,0.8,1.0,1.0,1.0,1.0,Case A (Good)
reveal,1760449185745615462_178,0,,1,2,2578089348587614328_631,0,,0,0.2692,0.4417,0.321,1.0,0.0,0.6667,0.6,Case A (Good)
reveal,1760449185745615462_178,0,,1,3,-5550748970150309774_1956,0,,1,0.3077,0.2064,0.2773,1.0,1.0,1.0,1.0,Case A (Good)
reveal,1760449185745615462_178,0,,1,4,2578089348587614328_1584,0,,0,0.2593,0.1726,0.2333,1.0,0.0,0.6667,0.6,Case A (Good)
reveal,1760449185745615462_178,0,,1,5,-8028756826159773630_253,0,,1,0.1633,0.2737,0.1964,1.0,1.0,1.0,1.0,Case D (Missed Security Similarity)
reveal,2546373479020365143_179,0,,0,1,-3808839139375273429_2971,0,,1,0.2727,0.655,0.3874,1.0,0.0,1.0,0.7,Case A (Good)
reveal,2546373479020365143_179,0,,0,2,8849962823026424130_371,0,,1,0.2812,0.4854,0.3425,1.0,0.0,0.6667,0.6,Case A (Good)
reveal,2546373479020365143_179,0,,0,3,6393050609822897742_986,0,,1,0.3226,0.3312,0.3252,1.0,0.0,0.6667,0.6,Case A (Good)
reveal,2546373479020365143_179,0,,0,4,-5420171864670538459_1772,1,,0,0.2593,0.1985,0.241,1.0,1.0,1.0,1.0,Case C (Dangerous - Label Mismatch)
reveal,2546373479020365143_179,0,,0,5,5357882892791796049_124,0,,1,0.2424,0.2049,0.2312,1.0,0.0,0.3333,0.5,Case D (Missed Security Similarity)
reveal,-2423144171479606949_180,0,,1,1,-2423144171479606949_2753,0,,0,0.5,0.1288,0.3886,1.0,0.0,0.6667,0.6,Case A (Good)
reveal,-2423144171479606949_180,0,,1,2,1760449185745615462_2624,0,,1,0.3421,0.371,0.3508,1.0,1.0,1.0,1.0,Case A (Good)
reveal,-2423144171479606949_180,0,,1,3,1760449185745615462_2200,0,,1,0.3,0.4452,0.3436,1.0,1.0,1.0,1.0,Case A (Good)
reveal,-2423144171479606949_180,0,,1,4,1760449185745615462_231,0,,1,0.3023,0.3013,0.302,1.0,1.0,1.0,1.0,Case A (Good)
reveal,-2423144171479606949_180,0,,1,5,9099890689552893382_872,0,,1,0.1538,0.2884,0.1942,1.0,1.0,0.6667,0.9,Case D (Missed Security Similarity)
reveal,7445727465094525382_181,0,,2,1,7445727465094525382_2041,0,,1,0.4255,0.7401,0.5199,1.0,0.5,0.6667,0.75,Case A (Good)
reveal,7445727465094525382_181,0,,2,2,5651124822185017997_453,0,,1,0.2444,0.4203,0.2972,1.0,0.5,0.6667,0.75,Case D (Missed Security Similarity)
reveal,7445727465094525382_181,0,,2,3,-2901002460573809300_1142,0,,2,0.3103,0.2387,0.2888,1.0,1.0,1.0,1.0,Case A (Good)
reveal,7445727465094525382_181,0,,2,4,-6391176401823500141_2779,0,,3,0.1918,0.3349,0.2347,1.0,0.25,0.3333,0.575,Case D (Missed Security Similarity)
reveal,7445727465094525382_181,0,,2,5,-6391176401823500141_2309,0,,3,0.1591,0.3494,0.2162,1.0,0.25,0.3333,0.575,Case D (Missed Security Similarity)
reveal,1458662858915721428_182,0,,2,1,-5420171864670538459_174,0,fprintf|read,1,0.177,0.5234,0.2809,0.0,0.5,0.6667,0.35,Uncorrelated / Low Similarity
reveal,1458662858915721428_182,0,,2,2,-7187272991279783781_701,0,fprintf,2,0.1654,0.535,0.2762,0.0,1.0,0.6667,0.5,Case D (Missed Security Similarity)
reveal,1458662858915721428_182,0,,2,3,-7455544248455991006_1212,0,,1,0.1495,0.3904,0.2218,1.0,0.5,0.6667,0.75,Case D (Missed Security Similarity)
reveal,1458662858915721428_182,0,,2,4,8388187431631506723_1922,0,,1,0.1485,0.3868,0.22,1.0,0.5,0.6667,0.75,Case D (Missed Security Similarity)
reveal,1458662858915721428_182,0,,2,5,-7455544248455991006_1701,0,,2,0.0851,0.5049,0.211,1.0,0.3333,1.0,0.8,Case D (Missed Security Similarity)
reveal,6910889735724933479_183,0,fprintf,3,1,-2424348134098907053_304,0,calloc,2,0.2041,0.7152,0.3574,0.0,0.6667,0.6667,0.4,Uncorrelated / Low Similarity
reveal,6910889735724933479_183,0,fprintf,3,2,7295169435648525618_2264,0,,3,0.191,0.5726,0.3055,0.0,1.0,0.3333,0.4,Uncorrelated / Low Similarity
reveal,6910889735724933479_183,0,fprintf,3,3,914926989019402478_335,0,write,1,0.2025,0.4371,0.2729,0.0,0.3333,0.6667,0.3,Uncorrelated / Low Similarity
reveal,6910889735724933479_183,0,fprintf,3,4,-7455544248455991006_2540,0,fprintf|strcmp,2,0.1797,0.3785,0.2393,0.5,0.6667,0.6667,0.6,Case D (Missed Security Similarity)
reveal,6910889735724933479_183,0,fprintf,3,5,-8638406710431929037_2427,0,,0,0.1282,0.0273,0.0979,0.0,0.0,0.6667,0.2,Uncorrelated / Low Similarity
reveal,-8933711118846965366_184,0,,1,1,-8933711118846965366_1719,0,,1,0.8919,1.0,0.9243,1.0,1.0,1.0,1.0,Case A (Good)
reveal,-8933711118846965366_184,0,,1,2,7279312193592248512_2144,0,,1,0.283,0.5406,0.3603,1.0,1.0,1.0,1.0,Case A (Good)
reveal,-8933711118846965366_184,0,,1,3,-1919011628477388936_537,0,,1,0.2469,0.4117,0.2964,1.0,1.0,1.0,1.0,Case D (Missed Security Similarity)
reveal,-8933711118846965366_184,0,,1,4,-2625033791912996344_527,0,,1,0.2759,0.339,0.2948,1.0,1.0,0.6667,0.9,Case A (Good)
reveal,-8933711118846965366_184,0,,1,5,-7137859843679922870_1761,0,,2,0.209,0.2472,0.2204,1.0,0.5,1.0,0.85,Case D (Missed Security Similarity)
reveal,1223258652239369123_185,1,,2,1,1223258652239369123_511,0,memset,3,0.2639,0.1559,0.2315,0.0,0.6667,1.0,0.5,Case C (Dangerous - Label Mismatch)
reveal,1223258652239369123_185,1,,2,2,1223258652239369123_263,1,,1,0.2881,0.0966,0.2307,1.0,0.5,1.0,0.85,Case A (Good)
reveal,1223258652239369123_185,1,,2,3,8445816931248660591_837,0,,1,0.2586,0.0966,0.21,1.0,0.5,1.0,0.85,Case C (Dangerous - Label Mismatch)
reveal,1223258652239369123_185,1,,2,4,8445816931248660591_2526,0,,2,0.2319,0.1559,0.2091,1.0,1.0,1.0,1.0,Case D (Missed Security Similarity)
reveal,1223258652239369123_185,1,,2,5,1223258652239369123_2152,0,,2,0.2647,0.0332,0.1952,1.0,1.0,0.6667,0.9,Case C (Dangerous - Label Mismatch)
reveal,-5268859819325807498_186,0,,1,1,-1270180049246846366_1118,0,,1,0.2812,0.2534,0.2729,1.0,1.0,0.6667,0.9,Case A (Good)
reveal,-5268859819325807498_186,0,,1,2,6250095321513210169_229,0,,2,0.275,0.2442,0.2658,1.0,0.5,0.6667,0.75,Case A (Good)
reveal,-5268859819325807498_186,0,,1,3,-8884965407551053630_1771,0,,1,0.1667,0.1445,0.16,1.0,1.0,0.6667,0.9,Case D (Missed Security Similarity)
reveal,-5268859819325807498_186,0,,1,4,355220887711506893_920,0,,0,0.1562,0.0318,0.1189,1.0,0.0,0.3333,0.5,Case D (Missed Security Similarity)
reveal,-5268859819325807498_186,0,,1,5,8461782184979846246_2024,0,,1,0.1304,0.0899,0.1183,1.0,1.0,0.6667,0.9,Case D (Missed Security Similarity)
reveal,6336384260629386331_187,0,,1,1,6336384260629386331_2109,0,,1,0.9444,1.0,0.9611,1.0,1.0,1.0,1.0,Case A (Good)
reveal,6336384260629386331_187,0,,1,2,6336384260629386331_1819,0,,0,0.5135,0.4903,0.5065,1.0,0.0,1.0,0.7,Case A (Good)
reveal,6336384260629386331_187,0,,1,3,-7236893719053583356_1049,0,,1,0.4074,0.4361,0.416,1.0,0.0,0.6667,0.6,Case A (Good)
reveal,6336384260629386331_187,0,,1,4,6336384260629386331_1568,0,,0,0.5263,0.0119,0.372,1.0,0.0,1.0,0.7,Case A (Good)
reveal,6336384260629386331_187,0,,1,5,4876100961671882393_2656,0,,1,0.3158,0.4428,0.3539,1.0,0.0,1.0,0.7,Case A (Good)
reveal,2713698759296604855_188,0,,2,1,-6966071246558644086_2371,0,,1,0.2273,0.3321,0.2587,1.0,0.5,1.0,0.85,Case D (Missed Security Similarity)
reveal,2713698759296604855_188,0,,2,2,8127806390163862344_2214,0,,1,0.2857,0.0119,0.2036,1.0,0.5,1.0,0.85,Case A (Good)
reveal,2713698759296604855_188,0,,2,3,-6966071246558644086_2571,0,,2,0.1321,0.3549,0.1989,1.0,1.0,0.6667,0.9,Case D (Missed Security Similarity)
reveal,2713698759296604855_188,0,,2,4,-8933711118846965366_1487,0,,1,0.25,0.0099,0.178,1.0,0.5,1.0,0.85,Case A (Good)
reveal,2713698759296604855_188,0,,2,5,-5673151078622202536_1940,0,,1,0.2273,0.0122,0.1627,1.0,0.5,1.0,0.85,Case D (Missed Security Similarity)
reveal,-8562506069584692324_189,1,,1,1,1414661670117003749_61,0,,0,0.2192,0.0587,0.171,1.0,0.0,1.0,0.7,Case D (Missed Security Similarity)
reveal,-8562506069584692324_189,1,,1,2,1182028467273264883_1569,0,,0,0.1772,0.0531,0.14,1.0,0.0,1.0,0.7,Case D (Missed Security Similarity)
reveal,-8562506069584692324_189,1,,1,3,3804373597256531021_1157,0,,2,0.1782,0.0238,0.1319,1.0,0.5,0.6667,0.75,Case D (Missed Security Similarity)
reveal,-8562506069584692324_189,1,,1,4,-1315695702746584250_818,0,,1,0.15,0.0677,0.1253,1.0,1.0,0.6667,0.9,Case D (Missed Security Similarity)
reveal,-8562506069584692324_189,1,,1,5,8460430819945784394_1356,0,memcpy,0,0.1341,0.0151,0.0984,0.0,0.0,0.6667,0.2,Uncorrelated / Low Similarity
reveal,4180964683905830761_190,0,strcmp,0,1,1760449185745615462_289,0,,1,0.2826,0.5457,0.3615,0.0,0.0,0.6667,0.2,Case B (Superficially Similar)
reveal,4180964683905830761_190,0,strcmp,0,2,-7795592811940874822_185,0,,1,0.325,0.3844,0.3428,0.0,0.0,0.6667,0.2,Case B (Superficially Similar)
reveal,4180964683905830761_190,0,strcmp,0,3,-4527380754569407959_1395,0,calloc|free,2,0.1846,0.4098,0.2522,0.0,0.0,0.6667,0.2,Uncorrelated / Low Similarity
reveal,4180964683905830761_190,0,strcmp,0,4,-4527380754569407959_1932,0,calloc|free,2,0.1667,0.4098,0.2396,0.0,0.0,0.6667,0.2,Uncorrelated / Low Similarity
reveal,4180964683905830761_190,0,strcmp,0,5,-8228664527580018723_1143,0,,0,0.125,0.0814,0.1119,0.0,1.0,1.0,0.6,Case D (Missed Security Similarity)
reveal,2687336064028423153_191,0,,3,1,-5697857125570093892_1209,0,,2,0.2778,0.3958,0.3132,1.0,0.6667,1.0,0.9,Case A (Good)
reveal,2687336064028423153_191,0,,3,2,-5615323818347734353_370,0,,2,0.26,0.3715,0.2934,1.0,0.6667,1.0,0.9,Case A (Good)
reveal,2687336064028423153_191,0,,3,3,2687336064028423153_1358,1,memset|malloc|free,3,0.2222,0.4358,0.2863,0.0,0.5,0.6667,0.35,Uncorrelated / Low Similarity
reveal,2687336064028423153_191,0,,3,4,8947170728280515149_136,0,,2,0.2826,0.2915,0.2853,1.0,0.6667,1.0,0.9,Case A (Good)
reveal,2687336064028423153_191,0,,3,5,-3740862514502467070_2591,0,strcmp,2,0.2609,0.3085,0.2752,0.0,0.6667,0.6667,0.4,Case B (Superficially Similar)
reveal,589395864685553737_192,0,write,1,1,-1768728156572022708_2440,0,,1,0.3253,0.8389,0.4794,0.0,1.0,1.0,0.6,Case A (Good)
reveal,589395864685553737_192,0,write,1,2,-6870389834356302891_1100,1,,2,0.25,0.5931,0.3529,0.0,0.5,0.6667,0.35,Case C (Dangerous - Label Mismatch)
reveal,589395864685553737_192,0,write,1,3,-1493847185972313035_1374,0,memset,2,0.2885,0.3355,0.3026,0.0,0.5,1.0,0.45,Case B (Superficially Similar)
reveal,589395864685553737_192,0,write,1,4,3935234056444097745_2355,0,memcpy|malloc,2,0.27,0.2963,0.2779,0.0,0.5,0.3333,0.25,Case B (Superficially Similar)
reveal,589395864685553737_192,0,write,1,5,-7777644912037188223_1784,0,,2,0.1716,0.2649,0.1996,0.0,0.5,1.0,0.45,Uncorrelated / Low Similarity
reveal,8461782184979846246_193,0,,1,1,-2064332158282087279_1355,0,memcpy,1,0.2143,0.0435,0.163,0.0,1.0,0.6667,0.5,Case D (Missed Security Similarity)
reveal,8461782184979846246_193,0,,1,2,-6579823731174944595_2151,1,,0,0.1702,0.0431,0.1321,1.0,0.0,0.3333,0.5,Case D (Missed Security Similarity)
reveal,8461782184979846246_193,0,,1,3,914926989019402478_581,0,,0,0.1633,0.0471,0.1284,1.0,0.0,0.3333,0.5,Case D (Missed Security Similarity)
reveal,8461782184979846246_193,0,,1,4,5357882892791796049_1751,1,,2,0.1318,0.0249,0.0997,1.0,0.5,1.0,0.85,Case D (Missed Security Similarity)
reveal,8461782184979846246_193,0,,1,5,5357882892791796049_890,0,,2,0.1298,0.0249,0.0983,1.0,0.5,1.0,0.85,Case D (Missed Security Similarity)
reveal,1470723493451072803_194,0,,1,1,6984172841296431440_367,1,,1,0.4696,0.5874,0.5049,1.0,1.0,1.0,1.0,Case C (Dangerous - Label Mismatch)
reveal,1470723493451072803_194,0,,1,2,-8333315717208416815_1327,0,memset|memcpy,1,0.3788,0.5811,0.4395,0.0,1.0,1.0,0.6,Case A (Good)
reveal,1470723493451072803_194,0,,1,3,355220887711506893_1955,0,,3,0.1449,0.365,0.211,1.0,0.3333,0.6667,0.7,Case D (Missed Security Similarity)
reveal,1470723493451072803_194,0,,1,4,5357882892791796049_2549,0,,1,0.1635,0.3018,0.205,1.0,1.0,1.0,1.0,Case D (Missed Security Similarity)
reveal,1470723493451072803_194,0,,1,5,2930500905204315787_1339,1,,0,0.1053,0.1886,0.1303,1.0,0.0,0.3333,0.5,Case D (Missed Security Similarity)
reveal,7651945086108393719_195,0,read,2,1,7651945086108393719_199,0,read,2,0.5156,0.8438,0.6141,1.0,1.0,1.0,1.0,Case A (Good)
reveal,7651945086108393719_195,0,read,2,2,378220832151730865_544,0,,2,0.2687,0.5517,0.3536,0.0,1.0,1.0,0.6,Case A (Good)
reveal,7651945086108393719_195,0,read,2,3,378220832151730865_1010,0,,2,0.2818,0.4582,0.3347,0.0,1.0,0.6667,0.5,Case A (Good)
reveal,7651945086108393719_195,0,read,2,4,378220832151730865_858,0,close,2,0.2712,0.4677,0.3302,0.0,1.0,0.6667,0.5,Case A (Good)
reveal,7651945086108393719_195,0,read,2,5,378220832151730865_1227,0,open,2,0.2821,0.2149,0.2619,0.0,1.0,0.6667,0.5,Case A (Good)
reveal,-1579723330456999443_196,0,,2,1,-7117046864335130087_2538,1,,1,0.2609,0.5638,0.3518,1.0,0.5,0.6667,0.75,Case C (Dangerous - Label Mismatch)
reveal,-1579723330456999443_196,0,,2,2,-7117046864335130087_636,0,,1,0.24,0.4485,0.3026,1.0,0.5,0.6667,0.75,Case D (Missed Security Similarity)
reveal,-1579723330456999443_196,0,,2,3,-3384986069176965684_248,0,,1,0.2523,0.2591,0.2543,1.0,0.5,0.6667,0.75,Case A (Good)
reveal,-1579723330456999443_196,0,,2,4,-3384986069176965684_1307,0,,1,0.2105,0.3424,0.2501,1.0,0.5,0.6667,0.75,Case D (Missed Security Similarity)
reveal,-1579723330456999443_196,0,,2,5,-3384986069176965684_2684,0,fprintf|sprintf|fopen|fclose,2,0.1091,0.1923,0.1341,0.0,1.0,1.0,0.6,Case D (Missed Security Similarity)
reveal,-7555034601056330007_197,0,,0,1,-9028269206303312561_1791,0,,0,0.2381,0.435,0.2972,1.0,1.0,1.0,1.0,Case D (Missed Security Similarity)
reveal,-7555034601056330007_197,0,,0,2,-3528294111382233554_2088,0,,1,0.2128,0.3491,0.2537,1.0,0.0,0.6667,0.6,Case D (Missed Security Similarity)
reveal,-7555034601056330007_197,0,,0,3,8849962823026424130_2618,0,,0,0.2051,0.3413,0.246,1.0,1.0,1.0,1.0,Case D (Missed Security Similarity)
reveal,-7555034601056330007_197,0,,0,4,2546373479020365143_1803,0,,0,0.2424,0.2061,0.2315,1.0,1.0,1.0,1.0,Case D (Missed Security Similarity)
reveal,-7555034601056330007_197,0,,0,5,-7555034601056330007_2703,0,,1,0.2037,0.2888,0.2292,1.0,0.0,0.3333,0.5,Case D (Missed Security Similarity)
reveal,6323824267898511453_198,0,,2,1,-4370220620850259177_931,0,memcpy,2,0.3,0.5135,0.364,0.0,0.3333,1.0,0.4,Case B (Superficially Similar)
reveal,6323824267898511453_198,0,,2,2,-4106680724983638989_1133,0,,1,0.3247,0.38,0.3413,1.0,0.5,1.0,0.85,Case A (Good)
reveal,6323824267898511453_198,0,,2,3,-7019074708255236794_662,0,,1,0.3485,0.3234,0.341,1.0,0.5,1.0,0.85,Case A (Good)
reveal,6323824267898511453_198,0,,2,4,-7019074708255236794_1726,0,,1,0.3133,0.3785,0.3328,1.0,0.5,0.6667,0.75,Case A (Good)
reveal,6323824267898511453_198,0,,2,5,-7019074708255236794_657,0,,1,0.3151,0.3473,0.3247,1.0,0.5,0.6667,0.75,Case A (Good)
reveal,-7076754245473579218_199,0,free,2,1,-7076754245473579218_961,0,strcmp|free,2,0.3962,0.4745,0.4197,0.5,1.0,1.0,0.8,Case A (Good)
reveal,-7076754245473579218_199,0,free,2,2,-7076754245473579218_1763,0,calloc,3,0.3273,0.297,0.3182,0.0,0.6667,1.0,0.5,Case A (Good)
reveal,-7076754245473579218_199,0,free,2,3,8461782184979846246_1559,1,,1,0.1212,0.2303,0.154,0.0,0.5,0.6667,0.35,Uncorrelated / Low Similarity
reveal,-7076754245473579218_199,0,free,2,4,-5456913190944844754_513,0,,1,0.1471,0.1477,0.1473,0.0,0.5,0.0,0.15,Uncorrelated / Low Similarity
reveal,-7076754245473579218_199,0,free,2,5,8461782184979846246_2366,0,,1,0.1455,0.131,0.1411,0.0,0.5,0.6667,0.35,Uncorrelated / Low Similarity
reveal,-1919011628477388936_200,0,,1,1,6393050609822897742_1880,0,,1,0.3143,0.6739,0.4222,1.0,1.0,1.0,1.0,Case A (Good)
reveal,-1919011628477388936_200,0,,1,2,-398565394354770780_213,0,,0,0.3214,0.1828,0.2798,1.0,0.0,0.6667,0.6,Case A (Good)
reveal,-1919011628477388936_200,0,,1,3,6393050609822897742_580,0,,1,0.303,0.1833,0.2671,1.0,1.0,1.0,1.0,Case A (Good)
reveal,-1919011628477388936_200,0,,1,4,-6107005761225945142_420,0,,1,0.3333,0.033,0.2432,1.0,1.0,1.0,1.0,Case A (Good)
reveal,-1919011628477388936_200,0,,1,5,-5268859819325807498_1132,0,,0,0.3103,0.0109,0.2205,1.0,0.0,0.6667,0.6,Case A (Good)
reveal,2518148041181868265_201,0,,1,1,-714975729066076397_2381,0,,2,0.3659,0.3087,0.3487,1.0,0.5,0.3333,0.65,Case A (Good)
reveal,2518148041181868265_201,0,,1,2,1760449185745615462_2383,0,,0,0.3,0.2557,0.2867,1.0,0.0,0.6667,0.6,Case A (Good)
reveal,2518148041181868265_201,0,,1,3,-7434385833116714871_924,0,,2,0.3469,0.0093,0.2457,1.0,0.5,0.6667,0.75,Case A (Good)
reveal,2518148041181868265_201,0,,1,4,3804373597256531021_1611,0,,1,0.2326,0.1661,0.2126,1.0,1.0,0.3333,0.8,Case D (Missed Security Similarity)
reveal,2518148041181868265_201,0,,1,5,1742637512846796448_2365,0,memcpy,1,0.2245,0.0093,0.1599,0.0,1.0,0.3333,0.4,Uncorrelated / Low Similarity
reveal,-1145838621747570454_202,0,,0,1,4180964683905830761_2867,0,,1,0.4286,0.9445,0.5834,1.0,0.0,0.6667,0.6,Case A (Good)
reveal,-1145838621747570454_202,0,,0,2,229962612204196999_712,0,,0,0.381,0.6057,0.4484,1.0,1.0,1.0,1.0,Case A (Good)
reveal,-1145838621747570454_202,0,,0,3,4180964683905830761_1596,0,,1,0.3333,0.4463,0.3672,1.0,0.0,0.6667,0.6,Case A (Good)
reveal,-1145838621747570454_202,0,,0,4,4180964683905830761_2165,0,,1,0.2353,0.2183,0.2302,1.0,0.0,0.6667,0.6,Case D (Missed Security Similarity)
reveal,-1145838621747570454_202,0,,0,5,5991533509192663951_386,0,,1,0.3,0.0118,0.2135,1.0,0.0,0.6667,0.6,Case A (Good)
reveal,-7237039260294671485_203,0,,0,1,-3502382902740740634_2118,0,,0,0.6552,0.459,0.5963,1.0,1.0,1.0,1.0,Case A (Good)
reveal,-7237039260294671485_203,0,,0,2,-7237039260294671485_78,0,,0,0.7037,0.0427,0.5054,1.0,1.0,1.0,1.0,Case A (Good)
reveal,-7237039260294671485_203,0,,0,3,-1338403456839869183_1081,0,,0,0.6429,0.0427,0.4628,1.0,1.0,1.0,1.0,Case A (Good)
reveal,-7237039260294671485_203,0,,0,4,-3502382902740740634_638,0,,1,0.4,0.1902,0.3371,1.0,0.0,0.6667,0.6,Case A (Good)
reveal,-7237039260294671485_203,0,,0,5,-8199454075838226273_1433,0,,1,0.3673,0.1988,0.3168,1.0,0.0,0.6667,0.6,Case A (Good)
reveal,378220832151730865_204,0,,2,1,378220832151730865_1010,0,,2,0.4722,0.7845,0.5659,1.0,1.0,1.0,1.0,Case A (Good)
reveal,378220832151730865_204,0,,2,2,378220832151730865_1097,0,,2,0.5538,0.5915,0.5651,1.0,1.0,1.0,1.0,Case A (Good)
reveal,378220832151730865_204,0,,2,3,378220832151730865_544,0,,2,0.4062,0.7939,0.5226,1.0,1.0,0.6667,0.9,Case A (Good)
reveal,378220832151730865_204,0,,2,4,378220832151730865_858,0,close,2,0.4744,0.5895,0.5089,0.0,1.0,1.0,0.6,Case A (Good)
reveal,378220832151730865_204,0,,2,5,378220832151730865_1227,0,open,2,0.5333,0.2283,0.4418,0.0,1.0,1.0,0.6,Case A (Good)
reveal,927123821003322045_205,0,,1,1,927123821003322045_1229,0,,1,0.8542,1.0,0.8979,1.0,1.0,1.0,1.0,Case A (Good)
reveal,927123821003322045_205,0,,1,2,453207616518947865_2882,0,,0,0.1154,1.0,0.3808,1.0,0.0,0.6667,0.6,Case D (Missed Security Similarity)
reveal,927123821003322045_205,0,,1,3,8206514580434225668_736,0,,1,0.2192,0.2373,0.2246,1.0,1.0,0.6667,0.9,Case D (Missed Security Similarity)
reveal,927123821003322045_205,0,,1,4,-4626871451018238412_2293,0,,2,0.1618,0.0284,0.1218,1.0,0.5,0.6667,0.75,Case D (Missed Security Similarity)
reveal,927123821003322045_205,0,,1,5,-4626871451018238412_2669,0,,2,0.1333,0.0231,0.1003,1.0,0.5,0.6667,0.75,Case D (Missed Security Similarity)
reveal,6664609110189077049_206,0,memset|memcpy,2,1,6664609110189077049_2979,1,memcpy,2,0.2868,0.4426,0.3335,0.5,1.0,1.0,0.8,Case C (Dangerous - Label Mismatch)
reveal,6664609110189077049_206,0,memset|memcpy,2,2,-3591633859713840564_568,0,memmove|memcpy,4,0.2384,0.3767,0.2799,0.3333,0.5,1.0,0.5833,Case D (Missed Security Similarity)
reveal,6664609110189077049_206,0,memset|memcpy,2,3,-8263083159286474465_503,0,memmove|memcpy,1,0.2011,0.4537,0.2768,0.3333,0.5,1.0,0.5833,Case D (Missed Security Similarity)
reveal,6664609110189077049_206,0,memset|memcpy,2,4,-6105298668491046960_2344,1,,2,0.216,0.1955,0.2099,0.0,0.3333,1.0,0.4,Uncorrelated / Low Similarity
reveal,6664609110189077049_206,0,memset|memcpy,2,5,2772622454795674000_1061,0,,2,0.1709,0.0205,0.1257,0.0,0.3333,1.0,0.4,Uncorrelated / Low Similarity
reveal,-5640788001150418304_207,0,,2,1,-6333668321124139371_1829,0,,3,0.4766,0.9912,0.631,1.0,0.6667,1.0,0.9,Case A (Good)
reveal,-5640788001150418304_207,0,,2,2,-4534372572324105488_2268,0,,1,0.1443,0.5814,0.2755,1.0,0.5,1.0,0.85,Case D (Missed Security Similarity)
reveal,-5640788001150418304_207,0,,2,3,5357882892791796049_349,0,,1,0.1477,0.3674,0.2136,1.0,0.5,1.0,0.85,Case D (Missed Security Similarity)
reveal,-5640788001150418304_207,0,,2,4,-5861712607647761763_2935,0,,2,0.1111,0.2103,0.1409,1.0,1.0,1.0,1.0,Case D (Missed Security Similarity)
reveal,-5640788001150418304_207,0,,2,5,-2901388205723537271_1863,0,close,0,0.1122,0.1874,0.1348,0.0,0.0,0.6667,0.2,Uncorrelated / Low Similarity
reveal,6393050609822897742_208,0,,0,1,-3630680866895641146_2190,0,,0,0.4167,0.3712,0.403,1.0,1.0,1.0,1.0,Case A (Good)
reveal,6393050609822897742_208,0,,0,2,-3889154245145551951_2354,0,,0,0.3684,0.3866,0.3739,1.0,1.0,1.0,1.0,Case A (Good)
reveal,6393050609822897742_208,0,,0,3,2419147764757351618_536,1,,0,0.3182,0.3713,0.3341,1.0,1.0,1.0,1.0,Case C (Dangerous - Label Mismatch)
reveal,6393050609822897742_208,0,,0,4,-7434014980763120366_1400,0,,0,0.35,0.0128,0.2488,1.0,1.0,1.0,1.0,Case A (Good)
reveal,6393050609822897742_208,0,,0,5,-4055702019813176658_1205,0,,0,0.3448,0.01,0.2444,1.0,1.0,1.0,1.0,Case A (Good)
reveal,9173144338563772419_209,0,strcmp|printf,2,1,5347874611477979643_463,0,close|printf,1,0.1146,0.6494,0.275,0.3333,0.5,1.0,0.5833,Case D (Missed Security Similarity)
reveal,9173144338563772419_209,0,strcmp|printf,2,2,-2001852372520287494_474,0,printf,1,0.0773,0.5247,0.2115,0.5,0.0,0.6667,0.4,Uncorrelated / Low Similarity
reveal,9173144338563772419_209,0,strcmp|printf,2,3,9173144338563772419_2082,0,strcpy|snprintf|send|printf,2,0.0625,0.3053,0.1353,0.2,0.3333,0.6667,0.38,Uncorrelated / Low Similarity
reveal,9173144338563772419_209,0,strcmp|printf,2,4,2578089348587614328_714,0,,2,0.0659,0.1878,0.1025,0.0,1.0,0.6667,0.5,Case D (Missed Security Similarity)
reveal,9173144338563772419_209,0,strcmp|printf,2,5,-6215323349888018447_1343,0,printf,1,0.0312,0.0091,0.0246,0.5,0.5,0.6667,0.55,Case D (Missed Security Similarity)
reveal,6353572510321903594_210,0,,1,1,-2625033791912996344_527,0,,1,0.1597,0.4611,0.2501,1.0,1.0,1.0,1.0,Case D (Missed Security Similarity)
reveal,6353572510321903594_210,0,,1,2,-1919011628477388936_537,0,,1,0.1279,0.4161,0.2144,1.0,1.0,0.6667,0.9,Case D (Missed Security Similarity)
reveal,6353572510321903594_210,0,,1,3,-7137859843679922870_1877,0,,2,0.1104,0.2671,0.1574,1.0,0.5,0.6667,0.75,Case D (Missed Security Similarity)
reveal,6353572510321903594_210,0,,1,4,-7137859843679922870_1761,0,,2,0.1083,0.2269,0.1439,1.0,0.5,0.6667,0.75,Case D (Missed Security Similarity)
reveal,6353572510321903594_210,0,,1,5,7279312193592248512_2144,0,,1,0.0952,0.0123,0.0704,1.0,1.0,0.6667,0.9,Case D (Missed Security Similarity)
reveal,2578089348587614328_211,0,,0,1,2687336064028423153_1499,0,,0,0.3,0.3145,0.3044,1.0,1.0,1.0,1.0,Case A (Good)
reveal,2578089348587614328_211,0,,0,2,-8884965407551053630_692,0,,1,0.32,0.1824,0.2787,1.0,0.0,0.6667,0.6,Case A (Good)
reveal,2578089348587614328_211,0,,0,3,-7559567117301601597_368,0,,1,0.2917,0.1299,0.2431,1.0,0.0,0.6667,0.6,Case A (Good)
reveal,2578089348587614328_211,0,,0,4,1760449185745615462_769,0,,1,0.2333,0.2092,0.2261,1.0,0.0,0.6667,0.6,Case D (Missed Security Similarity)
reveal,2578089348587614328_211,0,,0,5,-6856626433814917486_705,0,,0,0.1944,0.2125,0.1999,1.0,1.0,1.0,1.0,Case D (Missed Security Similarity)
reveal,-3383030848920666759_212,1,,2,1,-1283648210945038844_2284,1,,0,0.1868,0.4415,0.2632,1.0,0.0,0.6667,0.6,Case D (Missed Security Similarity)
reveal,-3383030848920666759_212,1,,2,2,-8228664527580018723_127,0,,0,0.1778,0.3493,0.2292,1.0,0.0,0.3333,0.5,Case D (Missed Security Similarity)
reveal,-3383030848920666759_212,1,,2,3,-1283648210945038844_1354,0,,0,0.1053,0.2709,0.155,1.0,0.0,0.6667,0.6,Case D (Missed Security Similarity)
reveal,-3383030848920666759_212,1,,2,4,-4265423338146153765_885,0,,1,0.1828,0.0772,0.1511,1.0,0.0,0.6667,0.6,Case D (Missed Security Similarity)
reveal,-3383030848920666759_212,1,,2,5,8320716512483418415_546,1,,0,0.1868,0.0101,0.1338,1.0,0.0,0.6667,0.6,Case D (Missed Security Similarity)
reveal,-3165961362620712443_213,1,,1,1,-6216181551924087864_2007,1,,1,0.5645,0.8671,0.6553,1.0,1.0,1.0,1.0,Case A (Good)
reveal,-3165961362620712443_213,1,,1,2,-6216181551924087864_1839,0,,1,0.537,0.1095,0.4088,1.0,1.0,1.0,1.0,Case C (Dangerous - Label Mismatch)
reveal,-3165961362620712443_213,1,,1,3,-39241708394196484_981,0,,1,0.3302,0.0843,0.2564,1.0,1.0,1.0,1.0,Case C (Dangerous - Label Mismatch)
reveal,-3165961362620712443_213,1,,1,4,5347874611477979643_1391,0,,3,0.3014,0.025,0.2185,1.0,0.3333,0.6667,0.7,Case C (Dangerous - Label Mismatch)
reveal,-3165961362620712443_213,1,,1,5,-3165961362620712443_2477,1,memmove,3,0.2256,0.1022,0.1886,0.0,0.3333,1.0,0.4,Uncorrelated / Low Similarity
reveal,1202634027547122397_214,0,,1,1,6458694302493204858_1282,0,,2,0.3333,0.4501,0.3684,1.0,0.5,1.0,0.85,Case A (Good)
reveal,1202634027547122397_214,0,,1,2,415966375198131126_672,0,memcpy|strncpy,1,0.2642,0.4772,0.3281,0.0,1.0,0.6667,0.5,Case A (Good)
reveal,1202634027547122397_214,0,,1,3,7191899184788440065_2568,0,,1,0.275,0.1642,0.2417,1.0,1.0,0.6667,0.9,Case A (Good)
reveal,1202634027547122397_214,0,,1,4,561876472800374387_108,0,,1,0.2432,0.1778,0.2236,1.0,1.0,1.0,1.0,Case D (Missed Security Similarity)
reveal,1202634027547122397_214,0,,1,5,8084418997489372457_1031,0,,1,0.1882,0.2081,0.1942,1.0,1.0,0.3333,0.8,Case D (Missed Security Similarity)
reveal,6458694302493204858_215,0,,1,1,5347874611477979643_2251,0,,0,0.3448,0.4042,0.3626,1.0,0.0,1.0,0.7,Case A (Good)
reveal,6458694302493204858_215,0,,1,2,6415329349331062723_278,0,,1,0.3235,0.4014,0.3469,1.0,1.0,1.0,1.0,Case A (Good)
reveal,6458694302493204858_215,0,,1,3,2687336064028423153_826,0,,1,0.2973,0.4133,0.3321,1.0,0.0,0.6667,0.6,Case A (Good)
reveal,6458694302493204858_215,0,,1,4,-3889154245145551951_7,0,,1,0.2326,0.5438,0.3259,1.0,0.0,1.0,0.7,Case D (Missed Security Similarity)
reveal,6458694302493204858_215,0,,1,5,-7334302271653594926_502,0,,2,0.1064,0.3707,0.1857,1.0,0.5,0.3333,0.65,Case D (Missed Security Similarity)
reveal,2666714143406757810_216,0,,1,1,-192019917869801237_1810,0,,1,0.1159,0.9564,0.3681,1.0,1.0,1.0,1.0,Case D (Missed Security Similarity)
reveal,2666714143406757810_216,0,,1,2,6336384260629386331_2542,0,,2,0.1168,0.8378,0.3331,1.0,0.5,1.0,0.85,Case D (Missed Security Similarity)
reveal,2666714143406757810_216,0,,1,3,-6333668321124139371_728,0,,1,0.077,0.7087,0.2665,1.0,1.0,1.0,1.0,Case D (Missed Security Similarity)
reveal,2666714143406757810_216,0,,1,4,4876100961671882393_1601,0,,1,0.0763,0.1235,0.0905,1.0,1.0,1.0,1.0,Case D (Missed Security Similarity)
reveal,2666714143406757810_216,0,,1,5,-8815658870890288443_1683,1,,1,0.0312,0.0287,0.0305,1.0,0.0,0.6667,0.6,Case D (Missed Security Similarity)
reveal,-4299048894522449432_217,0,,1,1,-7019074708255236794_1726,0,,1,0.3457,0.474,0.3842,1.0,1.0,0.6667,0.9,Case A (Good)
reveal,-4299048894522449432_217,0,,1,2,-7019074708255236794_657,0,,1,0.3151,0.2836,0.3056,1.0,1.0,0.6667,0.9,Case A (Good)
reveal,-4299048894522449432_217,0,,1,3,5357882892791796049_1036,0,,1,0.254,0.2815,0.2622,1.0,1.0,0.6667,0.9,Case A (Good)
reveal,-4299048894522449432_217,0,,1,4,5357882892791796049_689,0,,1,0.2361,0.322,0.2619,1.0,1.0,1.0,1.0,Case D (Missed Security Similarity)
reveal,-4299048894522449432_217,0,,1,5,-4370220620850259177_931,0,memcpy,2,0.284,0.0108,0.202,0.0,0.5,1.0,0.45,Case B (Superficially Similar)
reveal,4180964683905830761_218,0,,1,1,4180964683905830761_1596,0,,1,0.6061,0.6508,0.6195,1.0,1.0,1.0,1.0,Case A (Good)
reveal,4180964683905830761_218,0,,1,2,4180964683905830761_2165,0,,1,0.2826,0.5242,0.3551,1.0,1.0,1.0,1.0,Case A (Good)
reveal,4180964683905830761_218,0,,1,3,-2607754285145856562_1612,0,realloc,3,0.2188,0.4717,0.2946,0.0,0.3333,0.6667,0.3,Uncorrelated / Low Similarity
reveal,4180964683905830761_218,0,,1,4,5400542917484463750_1178,1,,1,0.3056,0.1576,0.2612,1.0,1.0,1.0,1.0,Case C (Dangerous - Label Mismatch)
reveal,4180964683905830761_218,0,,1,5,4180964683905830761_2386,0,,0,0.2973,0.1484,0.2526,1.0,0.0,0.6667,0.6,Case A (Good)
reveal,6675626110148442062_219,0,close,1,1,914926989019402478_335,0,write,1,0.359,0.2764,0.3342,0.0,0.0,0.6667,0.2,Case B (Superficially Similar)
reveal,6675626110148442062_219,0,close,1,2,7295169435648525618_2264,0,,3,0.28,0.3495,0.3008,0.0,0.3333,1.0,0.4,Case B (Superficially Similar)
reveal,6675626110148442062_219,0,close,1,3,-649112636673899765_622,0,memcpy,1,0.1818,0.43,0.2563,0.0,1.0,0.6667,0.5,Case D (Missed Security Similarity)
reveal,6675626110148442062_219,0,close,1,4,-8638406710431929037_2427,0,,0,0.2432,0.0347,0.1807,0.0,0.0,0.6667,0.2,Uncorrelated / Low Similarity
reveal,6675626110148442062_219,0,close,1,5,-2424348134098907053_304,0,calloc,2,0.2063,0.0136,0.1485,0.0,0.5,0.0,0.15,Uncorrelated / Low Similarity
reveal,-704025756752474526_220,0,,2,1,-704025756752474526_457,0,,2,0.3168,0.2895,0.3086,1.0,1.0,0.6667,0.9,Case A (Good)
reveal,-704025756752474526_220,0,,2,2,-704025756752474526_524,0,,2,0.3301,0.2148,0.2955,1.0,1.0,1.0,1.0,Case A (Good)
reveal,-704025756752474526_220,0,,2,3,6250095321513210169_1296,0,close|read,3,0.1789,0.4366,0.2562,0.0,0.6667,0.6667,0.4,Uncorrelated / Low Similarity
reveal,-704025756752474526_220,0,,2,4,-5241093592682744127_1909,0,,2,0.1393,0.4221,0.2242,1.0,1.0,1.0,1.0,Case D (Missed Security Similarity)
reveal,-704025756752474526_220,0,,2,5,-8704283573519790151_2764,0,,2,0.194,0.208,0.1982,1.0,1.0,1.0,1.0,Case D (Missed Security Similarity)
reveal,6343276067273564310_221,0,,2,1,6343276067273564310_2227,0,,1,0.5373,0.4928,0.5239,1.0,0.5,0.6667,0.75,Case A (Good)
reveal,6343276067273564310_221,0,,2,2,6343276067273564310_2253,0,,1,0.4118,0.7154,0.5029,1.0,0.5,0.3333,0.65,Case A (Good)
reveal,6343276067273564310_221,0,,2,3,6343276067273564310_1165,0,,0,0.3134,0.4887,0.366,1.0,0.0,0.6667,0.6,Case A (Good)
reveal,6343276067273564310_221,0,,2,4,6584173680685889333_1232,0,,1,0.2,0.6006,0.3202,1.0,0.5,0.6667,0.75,Case D (Missed Security Similarity)
reveal,6343276067273564310_221,0,,2,5,6343276067273564310_1360,0,,0,0.2254,0.5315,0.3172,1.0,0.0,0.6667,0.6,Case D (Missed Security Similarity)
reveal,-7470076990396875111_222,0,,2,1,1161306432039958162_1917,0,,2,0.3451,0.6832,0.4466,1.0,1.0,1.0,1.0,Case A (Good)
reveal,-7470076990396875111_222,0,,2,2,1949916022780590905_1644,0,,2,0.2336,0.7097,0.3765,1.0,1.0,1.0,1.0,Case D (Missed Security Similarity)
reveal,-7470076990396875111_222,0,,2,3,7424930167238097621_2887,0,,2,0.2273,0.5508,0.3243,1.0,1.0,1.0,1.0,Case D (Missed Security Similarity)
reveal,-7470076990396875111_222,0,,2,4,5400542917484463750_2121,0,,2,0.1707,0.4829,0.2644,1.0,1.0,1.0,1.0,Case D (Missed Security Similarity)
reveal,-7470076990396875111_222,0,,2,5,-5992472514718425579_2262,0,,0,0.1443,0.3239,0.1982,1.0,0.0,0.3333,0.5,Case D (Missed Security Similarity)
reveal,313627013719508831_223,0,,1,1,313627013719508831_1881,0,,1,0.7931,1.0,0.8552,1.0,1.0,1.0,1.0,Case A (Good)
reveal,313627013719508831_223,0,,1,2,313627013719508831_2101,0,,1,0.697,0.5427,0.6507,1.0,1.0,1.0,1.0,Case A (Good)
reveal,313627013719508831_223,0,,1,3,313627013719508831_781,0,,1,0.7241,0.4783,0.6504,1.0,1.0,1.0,1.0,Case A (Good)
reveal,313627013719508831_223,0,,1,4,313627013719508831_516,0,,1,0.7241,0.4783,0.6504,1.0,1.0,1.0,1.0,Case A (Good)
reveal,313627013719508831_223,0,,1,5,313627013719508831_8,0,,1,0.6765,0.5427,0.6363,1.0,1.0,1.0,1.0,Case A (Good)
reveal,4952739496652083313_224,0,,0,1,4952739496652083313_2418,0,,0,0.6522,1.0,0.7565,1.0,1.0,1.0,1.0,Case A (Good)
reveal,4952739496652083313_224,0,,0,2,-7884836206149374350_1109,0,,0,0.3333,0.4516,0.3688,1.0,1.0,1.0,1.0,Case A (Good)
reveal,4952739496652083313_224,0,,0,3,416708768813973469_1472,0,,0,0.2308,0.4516,0.297,1.0,1.0,1.0,1.0,Case D (Missed Security Similarity)
reveal,4952739496652083313_224,0,,0,4,8461782184979846246_959,0,,1,0.1935,0.4516,0.271,1.0,0.0,0.6667,0.6,Case D (Missed Security Similarity)
reveal,4952739496652083313_224,0,,0,5,9165901716987135402_272,0,,1,0.1818,0.4516,0.2628,1.0,0.0,0.6667,0.6,Case D (Missed Security Similarity)
reveal,7092216800726729686_225,0,,0,1,4489017523191997023_2642,0,,0,0.7778,1.0,0.8444,1.0,1.0,1.0,1.0,Case A (Good)
reveal,7092216800726729686_225,0,,0,2,7092216800726729686_1807,0,,0,0.7778,1.0,0.8444,1.0,1.0,1.0,1.0,Case A (Good)
reveal,7092216800726729686_225,0,,0,3,4489017523191997023_1823,0,,0,0.7778,1.0,0.8444,1.0,1.0,1.0,1.0,Case A (Good)
reveal,7092216800726729686_225,0,,0,4,4489017523191997023_952,0,,0,0.7778,1.0,0.8444,1.0,1.0,1.0,1.0,Case A (Good)
reveal,7092216800726729686_225,0,,0,5,4489017523191997023_936,0,,0,0.7778,1.0,0.8444,1.0,1.0,1.0,1.0,Case A (Good)
reveal,7092216800726729686_226,0,,0,1,4489017523191997023_2642,0,,0,0.7778,1.0,0.8444,1.0,1.0,1.0,1.0,Case A (Good)
reveal,7092216800726729686_226,0,,0,2,7092216800726729686_1807,0,,0,0.7778,1.0,0.8444,1.0,1.0,1.0,1.0,Case A (Good)
reveal,7092216800726729686_226,0,,0,3,4489017523191997023_1823,0,,0,0.7778,1.0,0.8444,1.0,1.0,1.0,1.0,Case A (Good)
reveal,7092216800726729686_226,0,,0,4,4489017523191997023_952,0,,0,0.7778,1.0,0.8444,1.0,1.0,1.0,1.0,Case A (Good)
reveal,7092216800726729686_226,0,,0,5,4489017523191997023_936,0,,0,0.7778,1.0,0.8444,1.0,1.0,1.0,1.0,Case A (Good)
reveal,3599206110384554647_227,0,,0,1,1366214969540455677_2918,1,,0,1.0,1.0,1.0,1.0,1.0,1.0,1.0,Case C (Dangerous - Label Mismatch)
reveal,3599206110384554647_227,0,,0,2,3599206110384554647_96,0,,0,0.996,1.0,0.9972,1.0,1.0,1.0,1.0,Case A (Good)
reveal,3599206110384554647_227,0,,0,3,3599206110384554647_767,0,,0,0.9618,0.6814,0.8777,1.0,1.0,1.0,1.0,Case A (Good)
reveal,3599206110384554647_227,0,,0,4,1366214969540455677_1406,1,,0,0.9618,0.6814,0.8777,1.0,1.0,1.0,1.0,Case C (Dangerous - Label Mismatch)
reveal,3599206110384554647_227,0,,0,5,3599206110384554647_775,0,,0,0.9618,0.6814,0.8777,1.0,1.0,1.0,1.0,Case A (Good)
reveal,-6552851419396579257_228,0,,2,1,-6552851419396579257_2548,0,,2,0.8889,0.1625,0.671,1.0,1.0,1.0,1.0,Case A (Good)
reveal,-6552851419396579257_228,0,,2,2,-6552851419396579257_2004,0,,2,0.5517,0.8459,0.64,1.0,1.0,1.0,1.0,Case A (Good)
reveal,-6552851419396579257_228,0,,2,3,-6552851419396579257_1798,0,,1,0.5111,0.6937,0.5659,1.0,0.5,0.6667,0.75,Case A (Good)
reveal,-6552851419396579257_228,0,,2,4,-6552851419396579257_1237,0,,3,0.4487,0.2038,0.3752,1.0,0.6667,1.0,0.9,Case A (Good)
reveal,-6552851419396579257_228,0,,2,5,-6552851419396579257_730,0,,1,0.5,0.0337,0.3601,1.0,0.5,0.6667,0.75,Case A (Good)
reveal,-8934524072451888241_229,0,,1,1,-7884836206149374350_1109,0,,0,0.2121,1.0,0.4485,1.0,0.0,0.6667,0.6,Case D (Missed Security Similarity)
reveal,-8934524072451888241_229,0,,1,2,4952739496652083313_2418,0,,0,0.2432,0.4516,0.3058,1.0,0.0,0.6667,0.6,Case D (Missed Security Similarity)
reveal,-8934524072451888241_229,0,,1,3,4180964683905830761_2095,0,,1,0.2895,0.0186,0.2082,1.0,0.0,0.6667,0.6,Case A (Good)
reveal,-8934524072451888241_229,0,,1,4,5991533509192663951_284,0,,0,0.2683,0.0278,0.1962,1.0,0.0,0.6667,0.6,Case A (Good)
reveal,-8934524072451888241_229,0,,1,5,-4555950263653671147_1507,0,,1,0.1667,0.0272,0.1248,1.0,0.0,0.6667,0.6,Case D (Missed Security Similarity)
reveal,-6552851419396579257_230,0,,2,1,3584320764213684062_2305,0,,1,0.2558,0.6529,0.3749,1.0,0.5,0.3333,0.65,Case A (Good)
reveal,-6552851419396579257_230,0,,2,2,-6552851419396579257_2182,0,,2,0.4253,0.2394,0.3695,1.0,1.0,0.6667,0.9,Case A (Good)
reveal,-6552851419396579257_230,0,,2,3,-8919449269326401539_1864,0,,2,0.2315,0.6818,0.3666,1.0,1.0,0.6667,0.9,Case D (Missed Security Similarity)
reveal,-6552851419396579257_230,0,,2,4,-6552851419396579257_591,0,,2,0.3587,0.3313,0.3505,1.0,1.0,1.0,1.0,Case A (Good)
reveal,-6552851419396579257_230,0,,2,5,-8919449269326401539_247,0,,1,0.2838,0.029,0.2073,1.0,0.5,0.6667,0.75,Case A (Good)
reveal,5357882892791796049_231,0,,1,1,8572106347813672436_2896,0,,0,0.3462,0.4747,0.3847,1.0,0.0,0.3333,0.5,Case A (Good)
reveal,5357882892791796049_231,0,,1,2,-9032389459913766398_93,0,,0,0.3333,0.3896,0.3502,1.0,0.0,0.3333,0.5,Case A (Good)
reveal,5357882892791796049_231,0,,1,3,8572106347813672436_1914,0,,0,0.3333,0.3896,0.3502,1.0,0.0,0.3333,0.5,Case A (Good)
reveal,5357882892791796049_231,0,,1,4,8637588907624249958_2313,0,,1,0.3103,0.0149,0.2217,1.0,1.0,0.6667,0.9,Case A (Good)
reveal,5357882892791796049_231,0,,1,5,1760449185745615462_749,0,,0,0.25,0.0122,0.1787,1.0,0.0,0.3333,0.5,Case A (Good)
reveal,8193534372312945122_232,0,printf,1,1,-8933711118846965366_1487,0,,1,0.1975,0.3416,0.2407,0.0,1.0,0.6667,0.5,Case D (Missed Security Similarity)
reveal,8193534372312945122_232,0,printf,1,2,-6966071246558644086_2371,0,,1,0.1235,0.3643,0.1957,0.0,1.0,0.6667,0.5,Case D (Missed Security Similarity)
reveal,8193534372312945122_232,0,printf,1,3,-5673151078622202536_1940,0,,1,0.1235,0.3399,0.1884,0.0,1.0,0.6667,0.5,Case D (Missed Security Similarity)
reveal,8193534372312945122_232,0,printf,1,4,-8933711118846965366_2006,0,,1,0.2247,0.0105,0.1605,0.0,1.0,1.0,0.6,Case D (Missed Security Similarity)
reveal,8193534372312945122_232,0,printf,1,5,8127806390163862344_2214,0,,1,0.1375,0.0091,0.099,0.0,1.0,0.6667,0.5,Case D (Missed Security Similarity)
reveal,416708768813973469_233,0,,1,1,416708768813973469_2563,0,,1,0.431,1.0,0.6017,1.0,1.0,0.6667,0.9,Case A (Good)
reveal,416708768813973469_233,0,,1,2,2487534775710400322_970,0,,1,0.1846,1.0,0.4292,1.0,1.0,0.6667,0.9,Case D (Missed Security Similarity)
reveal,416708768813973469_233,0,,1,3,1339575514457462426_605,0,,1,0.1562,1.0,0.4094,1.0,1.0,0.6667,0.9,Case D (Missed Security Similarity)
reveal,416708768813973469_233,0,,1,4,5366785327268799421_2714,0,,1,0.1833,0.3111,0.2217,1.0,1.0,0.6667,0.9,Case D (Missed Security Similarity)
reveal,416708768813973469_233,0,,1,5,-673406620978847526_757,0,,1,0.0909,0.3111,0.157,1.0,1.0,0.6667,0.9,Case D (Missed Security Similarity)
reveal,-7775977291865552483_234,0,,0,1,-8704283573519790151_2486,0,,1,0.4,0.3026,0.3708,1.0,0.0,0.6667,0.6,Case A (Good)
reveal,-7775977291865552483_234,0,,0,2,-7248963932691286231_1378,0,,1,0.2727,0.357,0.298,1.0,0.0,1.0,0.7,Case A (Good)
reveal,-7775977291865552483_234,0,,0,3,-5689214734378699681_817,0,,0,0.2647,0.3743,0.2976,1.0,1.0,1.0,1.0,Case A (Good)
reveal,-7775977291865552483_234,0,,0,4,7198560023137364337_1489,0,,0,0.2903,0.272,0.2848,1.0,1.0,1.0,1.0,Case A (Good)
reveal,-7775977291865552483_234,0,,0,5,2546373479020365143_1803,0,,0,0.4,0.0127,0.2838,1.0,1.0,1.0,1.0,Case A (Good)
reveal,1182028467273264883_235,0,,1,1,-5780611388839125875_241,0,,2,0.1923,0.5959,0.3134,1.0,0.5,1.0,0.85,Case D (Missed Security Similarity)
reveal,1182028467273264883_235,0,,1,2,-6333668321124139371_2834,0,,2,0.2128,0.2515,0.2244,1.0,0.5,1.0,0.85,Case D (Missed Security Similarity)
reveal,1182028467273264883_235,0,,1,3,1245821301839614810_1369,0,,1,0.1633,0.3458,0.218,1.0,1.0,1.0,1.0,Case D (Missed Security Similarity)
reveal,1182028467273264883_235,0,,1,4,-5025430721469043309_1404,0,,1,0.2549,0.0095,0.1813,1.0,1.0,1.0,1.0,Case A (Good)
reveal,1182028467273264883_235,0,,1,5,1245821301839614810_1226,0,,1,0.1739,0.01,0.1247,1.0,1.0,1.0,1.0,Case D (Missed Security Similarity)
reveal,3887066622454352196_236,1,,1,1,3887066622454352196_1402,0,,1,0.3107,0.6201,0.4036,1.0,1.0,1.0,1.0,Case C (Dangerous - Label Mismatch)
reveal,3887066622454352196_236,1,,1,2,1911881859629730975_1928,0,,1,0.2238,0.461,0.295,1.0,1.0,1.0,1.0,Case D (Missed Security Similarity)
reveal,3887066622454352196_236,1,,1,3,6323824267898511453_1919,0,,2,0.1871,0.3905,0.2482,1.0,0.5,1.0,0.85,Case D (Missed Security Similarity)
reveal,3887066622454352196_236,1,,1,4,3887066622454352196_1848,0,,3,0.2655,0.0205,0.192,1.0,0.3333,1.0,0.8,Case C (Dangerous - Label Mismatch)
reveal,3887066622454352196_236,1,,1,5,-6627217369018123590_1674,0,,0,0.0465,0.0292,0.0413,1.0,0.0,0.3333,0.5,Case D (Missed Security Similarity)
reveal,7092216800726729686_237,0,,1,1,7092216800726729686_1883,0,,1,0.7857,1.0,0.85,1.0,1.0,1.0,1.0,Case A (Good)
reveal,7092216800726729686_237,0,,1,2,7092216800726729686_1066,0,,1,0.7857,1.0,0.85,1.0,1.0,1.0,1.0,Case A (Good)
reveal,7092216800726729686_237,0,,1,3,7092216800726729686_561,0,,1,0.7857,1.0,0.85,1.0,1.0,1.0,1.0,Case A (Good)
reveal,7092216800726729686_237,0,,1,4,4489017523191997023_1615,0,,1,0.7857,1.0,0.85,1.0,1.0,1.0,1.0,Case A (Good)
reveal,7092216800726729686_237,0,,1,5,825216912438754622_246,0,,1,0.7778,1.0,0.8444,1.0,1.0,1.0,1.0,Case A (Good)
reveal,8818538544641313367_238,1,,1,1,-8225252931914868675_142,0,,1,0.1221,0.9884,0.382,1.0,1.0,0.3333,0.8,Case D (Missed Security Similarity)
reveal,8818538544641313367_238,1,,1,2,-8225252931914868675_490,0,,1,0.1346,0.572,0.2658,1.0,1.0,0.6667,0.9,Case D (Missed Security Similarity)
reveal,8818538544641313367_238,1,,1,3,3557739556029059195_2257,0,,1,0.2353,0.2379,0.2361,1.0,1.0,0.6667,0.9,Case D (Missed Security Similarity)
reveal,8818538544641313367_238,1,,1,4,-2943582541244387919_1842,0,,0,0.1638,0.3987,0.2343,1.0,0.0,0.6667,0.6,Case D (Missed Security Similarity)
reveal,8818538544641313367_238,1,,1,5,252275190935145023_2160,0,,1,0.1605,0.0331,0.1223,1.0,1.0,0.3333,0.8,Case D (Missed Security Similarity)
reveal,4180964683905830761_239,0,,0,1,4180964683905830761_1513,0,,0,0.7143,0.9463,0.7839,1.0,1.0,1.0,1.0,Case A (Good)
reveal,4180964683905830761_239,0,,0,2,-2325305888478261876_1868,0,,0,0.3846,0.526,0.427,1.0,1.0,1.0,1.0,Case A (Good)
reveal,4180964683905830761_239,0,,0,3,-8704283573519790151_2486,0,,1,0.3636,0.5009,0.4048,1.0,0.0,0.6667,0.6,Case A (Good)
reveal,4180964683905830761_239,0,,0,4,1760449185745615462_2866,0,,1,0.2703,0.3342,0.2894,1.0,0.0,0.6667,0.6,Case A (Good)
reveal,4180964683905830761_239,0,,0,5,-5689214734378699681_817,0,,0,0.3235,0.1638,0.2756,1.0,1.0,1.0,1.0,Case A (Good)
reveal,-5420171864670538459_240,0,,1,1,-5420171864670538459_2949,0,,1,0.4194,0.415,0.418,1.0,1.0,1.0,1.0,Case A (Good)
reveal,-5420171864670538459_240,0,,1,2,-5420171864670538459_564,0,,2,0.3333,0.3117,0.3268,1.0,0.5,1.0,0.85,Case A (Good)
reveal,-5420171864670538459_240,0,,1,3,-5420171864670538459_1341,0,,1,0.3103,0.3193,0.313,1.0,1.0,1.0,1.0,Case A (Good)
reveal,-5420171864670538459_240,0,,1,4,-7455544248455991006_1212,0,,1,0.2821,0.3061,0.2893,1.0,1.0,1.0,1.0,Case A (Good)
reveal,-5420171864670538459_240,0,,1,5,9155638497612715289_2086,0,,1,0.2791,0.2372,0.2665,1.0,1.0,0.6667,0.9,Case A (Good)
reveal,927123821003322045_241,0,,1,1,-770464550770502023_1334,1,,1,0.2034,0.2373,0.2136,1.0,1.0,1.0,1.0,Case D (Missed Security Similarity)
reveal,927123821003322045_241,0,,1,2,4839943401171415484_385,0,,1,0.2027,0.2373,0.2131,1.0,1.0,0.6667,0.9,Case D (Missed Security Similarity)
reveal,927123821003322045_241,0,,1,3,-6119142299306266167_34,0,,0,0.1687,0.0875,0.1443,1.0,0.0,0.6667,0.6,Case D (Missed Security Similarity)
reveal,927123821003322045_241,0,,1,4,-1929262071302712016_1941,0,,2,0.1519,0.0765,0.1293,1.0,0.5,1.0,0.85,Case D (Missed Security Similarity)
reveal,927123821003322045_241,0,,1,5,-6119142299306266167_900,0,,1,0.1646,0.0266,0.1232,1.0,1.0,0.3333,0.8,Case D (Missed Security Similarity)
reveal,1182028467273264883_242,0,,2,1,1182028467273264883_569,0,,1,0.2755,0.6065,0.3748,1.0,0.5,0.6667,0.75,Case A (Good)
reveal,1182028467273264883_242,0,,2,2,1182028467273264883_505,0,memcpy|write,2,0.2391,0.6651,0.3669,0.0,1.0,1.0,0.6,Case D (Missed Security Similarity)
reveal,1182028467273264883_242,0,,2,3,1182028467273264883_2216,0,,1,0.2453,0.6106,0.3549,1.0,0.5,0.6667,0.75,Case D (Missed Security Similarity)
reveal,1182028467273264883_242,0,,2,4,1182028467273264883_2789,0,,1,0.2745,0.5411,0.3545,1.0,0.5,0.6667,0.75,Case A (Good)
reveal,1182028467273264883_242,0,,2,5,1182028467273264883_1365,0,,1,0.1748,0.2875,0.2086,1.0,0.5,0.6667,0.75,Case D (Missed Security Similarity)
reveal,8127806390163862344_243,0,,0,1,-5268859819325807498_2099,0,,1,0.3548,0.5836,0.4235,1.0,0.0,0.6667,0.6,Case A (Good)
reveal,8127806390163862344_243,0,,0,2,-7440595807730782314_2455,0,,0,0.4762,0.2451,0.4069,1.0,1.0,1.0,1.0,Case A (Good)
reveal,8127806390163862344_243,0,,0,3,-1929262071302712016_1443,0,,0,0.36,0.4299,0.381,1.0,1.0,1.0,1.0,Case A (Good)
reveal,8127806390163862344_243,0,,0,4,1760449185745615462_1390,0,,1,0.2727,0.4236,0.318,1.0,0.0,0.6667,0.6,Case A (Good)
reveal,8127806390163862344_243,0,,0,5,-866921002076081979_437,0,strcmp,1,0.1695,0.4605,0.2568,0.0,0.0,0.6667,0.2,Uncorrelated / Low Similarity
reveal,2064081176034684128_244,1,,1,1,355220887711506893_372,0,memset,3,0.1793,0.9083,0.398,0.0,0.3333,1.0,0.4,Uncorrelated / Low Similarity
reveal,2064081176034684128_244,1,,1,2,2713698759296604855_357,0,,2,0.2526,0.36,0.2849,1.0,0.5,1.0,0.85,Case C (Dangerous - Label Mismatch)
reveal,2064081176034684128_244,1,,1,3,-4106680724983638989_1133,0,,1,0.1909,0.3816,0.2481,1.0,1.0,1.0,1.0,Case D (Missed Security Similarity)
reveal,2064081176034684128_244,1,,1,4,6393050609822897742_1770,0,,2,0.1743,0.4104,0.2451,1.0,0.5,1.0,0.85,Case D (Missed Security Similarity)
reveal,2064081176034684128_244,1,,1,5,7191899184788440065_2615,0,,1,0.1981,0.011,0.142,1.0,1.0,0.6667,0.9,Case D (Missed Security Similarity)
reveal,7725608904711859657_245,0,,1,1,-1315695702746584250_423,0,,1,0.3333,0.2987,0.323,1.0,0.0,0.3333,0.5,Case A (Good)
reveal,7725608904711859657_245,0,,1,2,1760449185745615462_2866,0,,1,0.2444,0.3044,0.2624,1.0,0.0,0.3333,0.5,Case D (Missed Security Similarity)
reveal,7725608904711859657_245,0,,1,3,2518148041181868265_515,0,snprintf|free,3,0.1685,0.4329,0.2478,0.0,0.3333,0.3333,0.2,Uncorrelated / Low Similarity
reveal,7725608904711859657_245,0,,1,4,-7683902591435073306_1531,0,,2,0.2083,0.3236,0.2429,1.0,0.0,0.3333,0.5,Case D (Missed Security Similarity)
reveal,7725608904711859657_245,0,,1,5,-1514879141119470937_40,0,,1,0.2424,0.0121,0.1733,1.0,0.0,0.3333,0.5,Case D (Missed Security Similarity)
reveal,-341028540041678099_246,0,,2,1,6570435103925347380_2810,0,,1,0.375,0.5843,0.4378,1.0,0.5,1.0,0.85,Case A (Good)
reveal,-341028540041678099_246,0,,2,2,-7555034601056330007_1933,0,,1,0.2703,0.3626,0.298,1.0,0.5,0.6667,0.75,Case A (Good)
reveal,-341028540041678099_246,0,,2,3,-4034210238312760680_2400,0,,3,0.3103,0.1968,0.2763,1.0,0.6667,0.6667,0.8,Case A (Good)
reveal,-341028540041678099_246,0,,2,4,-8028756826159773630_1407,0,,1,0.2414,0.132,0.2086,1.0,0.5,0.6667,0.75,Case D (Missed Security Similarity)
reveal,-341028540041678099_246,0,,2,5,-8028756826159773630_2204,0,,2,0.2,0.1204,0.1761,1.0,1.0,0.3333,0.8,Case D (Missed Security Similarity)
reveal,-5082285935423529157_247,0,,2,1,-5082285935423529157_2501,0,,2,0.7255,1.0,0.8078,1.0,1.0,1.0,1.0,Case A (Good)
reveal,-5082285935423529157_247,0,,2,2,-5082285935423529157_585,0,,2,0.7255,1.0,0.8078,1.0,1.0,1.0,1.0,Case A (Good)
reveal,-5082285935423529157_247,0,,2,3,-5082285935423529157_2159,0,,2,0.6852,1.0,0.7796,1.0,1.0,1.0,1.0,Case A (Good)
reveal,-5082285935423529157_247,0,,2,4,-5082285935423529157_2167,0,,1,0.6379,0.68,0.6506,1.0,0.5,1.0,0.85,Case A (Good)
reveal,-5082285935423529157_247,0,,2,5,-5082285935423529157_76,0,,1,0.5072,0.0225,0.3618,1.0,0.5,1.0,0.85,Case A (Good)
reveal,-1919011628477388936_248,0,,1,1,2713698759296604855_688,0,memcpy,2,0.1618,0.5598,0.2812,0.0,0.5,1.0,0.45,Uncorrelated / Low Similarity
reveal,-1919011628477388936_248,0,,1,2,-282365232561056844_825,0,,1,0.1791,0.5026,0.2762,1.0,1.0,1.0,1.0,Case D (Missed Security Similarity)
reveal,-1919011628477388936_248,0,,1,3,6632536031698733342_1120,0,,1,0.1915,0.4702,0.2751,1.0,1.0,1.0,1.0,Case D (Missed Security Similarity)
reveal,-1919011628477388936_248,0,,1,4,-1919011628477388936_1631,0,,1,0.306,0.0108,0.2174,1.0,1.0,1.0,1.0,Case A (Good)
reveal,-1919011628477388936_248,0,,1,5,-305162769887579921_697,0,,1,0.1057,0.2359,0.1448,1.0,1.0,0.6667,0.9,Case D (Missed Security Similarity)
reveal,-2607754285145856562_249,0,malloc,3,1,7424930167238097621_2887,0,,2,0.3382,0.615,0.4213,0.0,0.6667,0.6667,0.4,Case B (Superficially Similar)
reveal,-2607754285145856562_249,0,malloc,3,2,5357882892791796049_689,0,,1,0.2742,0.6498,0.3869,0.0,0.3333,0.6667,0.3,Case B (Superficially Similar)
reveal,-2607754285145856562_249,0,malloc,3,3,-6216181551924087864_2111,0,calloc,3,0.3286,0.488,0.3764,0.0,1.0,1.0,0.6,Case A (Good)
reveal,-2607754285145856562_249,0,malloc,3,4,8085056330506804135_2207,0,,2,0.3889,0.3274,0.3704,0.0,0.6667,0.6667,0.4,Case B (Superficially Similar)
reveal,-2607754285145856562_249,0,malloc,3,5,3922590808198483791_1598,0,,2,0.3175,0.3825,0.337,0.0,0.6667,0.3333,0.3,Case B (Superficially Similar)
reveal,-3133987110086012192_250,0,,1,1,355220887711506893_2123,0,,0,0.2188,1.0,0.4531,1.0,0.0,0.6667,0.6,Case D (Missed Security Similarity)
reveal,-3133987110086012192_250,0,,1,2,4537091194729139981_1139,0,,1,0.1607,1.0,0.4125,1.0,1.0,1.0,1.0,Case D (Missed Security Similarity)
reveal,-3133987110086012192_250,0,,1,3,4028820914612007011_1348,0,send,1,0.1277,0.1077,0.1217,0.0,1.0,1.0,0.6,Case D (Missed Security Similarity)
reveal,-3133987110086012192_250,0,,1,4,-2928324134072492299_1024,0,,0,0.1429,0.0328,0.1098,1.0,0.0,0.6667,0.6,Case D (Missed Security Similarity)
reveal,-3133987110086012192_250,0,,1,5,-2928324134072492299_161,0,,0,0.1351,0.0273,0.1028,1.0,0.0,0.6667,0.6,Case D (Missed Security Similarity)
reveal,-1487877838474751244_251,0,,0,1,355220887711506893_920,0,,0,0.3,1.0,0.51,1.0,1.0,1.0,1.0,Case A (Good)
reveal,-1487877838474751244_251,0,,0,2,-770464550770502023_1629,0,,1,0.1818,1.0,0.4273,1.0,0.0,0.6667,0.6,Case D (Missed Security Similarity)
reveal,-1487877838474751244_251,0,,0,3,-770464550770502023_2019,0,,1,0.1765,1.0,0.4235,1.0,0.0,0.6667,0.6,Case D (Missed Security Similarity)
reveal,-1487877838474751244_251,0,,0,4,8461782184979846246_2024,0,,1,0.1714,0.3111,0.2133,1.0,0.0,0.6667,0.6,Case D (Missed Security Similarity)
reveal,-1487877838474751244_251,0,,0,5,-8884965407551053630_1771,0,,1,0.1515,0.0367,0.1171,1.0,0.0,0.6667,0.6,Case D (Missed Security Similarity)
reveal,1760449185745615462_252,0,,1,1,1760449185745615462_2212,0,,1,0.625,0.9895,0.7344,1.0,1.0,1.0,1.0,Case A (Good)
reveal,1760449185745615462_252,0,,1,2,2546373479020365143_396,0,,0,0.3429,0.5013,0.3904,1.0,0.0,1.0,0.7,Case A (Good)
reveal,1760449185745615462_252,0,,1,3,-9197960073880365676_1957,0,,1,0.2653,0.4324,0.3154,1.0,1.0,0.6667,0.9,Case A (Good)
reveal,1760449185745615462_252,0,,1,4,-8054970867770516573_366,0,,1,0.1897,0.1661,0.1826,1.0,1.0,0.6667,0.9,Case D (Missed Security Similarity)
reveal,1760449185745615462_252,0,,1,5,-8054970867770516573_1366,0,,1,0.1642,0.1661,0.1647,1.0,1.0,0.6667,0.9,Case D (Missed Security Similarity)
reveal,3426991998365732450_253,0,,1,1,6302861533225984845_1293,0,,1,0.3793,0.6329,0.4554,1.0,1.0,1.0,1.0,Case A (Good)
reveal,3426991998365732450_253,0,,1,2,-5673151078622202536_1940,0,,1,0.3571,0.6675,0.4502,1.0,1.0,1.0,1.0,Case A (Good)
reveal,3426991998365732450_253,0,,1,3,-6966071246558644086_2371,0,,1,0.3103,0.5679,0.3876,1.0,1.0,1.0,1.0,Case A (Good)
reveal,3426991998365732450_253,0,,1,4,3426991998365732450_1335,0,,3,0.2439,0.5146,0.3251,1.0,0.3333,1.0,0.8,Case D (Missed Security Similarity)
reveal,3426991998365732450_253,0,,1,5,8127806390163862344_2214,0,,1,0.3571,0.0095,0.2529,1.0,1.0,1.0,1.0,Case A (Good)
reveal,-992498691684812004_254,0,,1,1,8461782184979846246_2951,1,,1,0.193,1.0,0.4351,1.0,1.0,1.0,1.0,Case D (Missed Security Similarity)
reveal,-992498691684812004_254,0,,1,2,7484321273243811670_1301,0,,0,0.1698,0.7907,0.3561,1.0,0.0,0.6667,0.6,Case D (Missed Security Similarity)
reveal,-992498691684812004_254,0,,1,3,-5456913190944844754_513,0,,1,0.1562,0.8,0.3494,1.0,1.0,0.3333,0.8,Case D (Missed Security Similarity)
reveal,-992498691684812004_254,0,,1,4,-3292234626779322843_173,0,,1,0.1197,0.6275,0.272,1.0,1.0,0.3333,0.8,Case D (Missed Security Similarity)
reveal,-992498691684812004_254,0,,1,5,-7076754245473579218_1763,0,calloc,3,0.1695,0.0882,0.1451,0.0,0.3333,0.6667,0.3,Uncorrelated / Low Similarity
reveal,-7990991774694156606_255,0,,1,1,-6435087038712482873_1032,0,,1,0.2581,0.4237,0.3078,1.0,1.0,1.0,1.0,Case A (Good)
reveal,-7990991774694156606_255,0,,1,2,-3591633859713840564_568,0,memmove|memcpy,4,0.2222,0.4634,0.2946,0.0,0.25,1.0,0.375,Uncorrelated / Low Similarity
reveal,-7990991774694156606_255,0,,1,3,8672904772426696383_1793,1,,1,0.2011,0.5031,0.2917,1.0,1.0,1.0,1.0,Case D (Missed Security Similarity)
reveal,-7990991774694156606_255,0,,1,4,6664609110189077049_2979,1,memcpy,2,0.2164,0.4572,0.2886,0.0,0.5,1.0,0.45,Uncorrelated / Low Similarity
reveal,-7990991774694156606_255,0,,1,5,-6105298668491046960_2344,1,,2,0.2234,0.2705,0.2375,1.0,0.5,1.0,0.85,Case D (Missed Security Similarity)
reveal,1614547608286395137_256,0,,1,1,1949916022780590905_668,0,,1,0.1667,0.2336,0.1868,1.0,1.0,1.0,1.0,Case D (Missed Security Similarity)
reveal,1614547608286395137_256,0,,1,2,4952739496652083313_2197,0,,0,0.1538,0.0736,0.1298,1.0,0.0,0.6667,0.6,Case D (Missed Security Similarity)
reveal,1614547608286395137_256,0,,1,3,-8815658870890288443_1683,1,,1,0.1176,0.0312,0.0917,1.0,1.0,0.6667,0.9,Case D (Missed Security Similarity)
reveal,1614547608286395137_256,0,,1,4,-7884836206149374350_1109,0,,0,0.1154,0.0312,0.0901,1.0,0.0,0.6667,0.6,Case D (Missed Security Similarity)
reveal,1614547608286395137_256,0,,1,5,-2891277748327314576_715,0,,1,0.1154,0.0312,0.0901,1.0,1.0,0.6667,0.9,Case D (Missed Security Similarity)
reveal,7399683071036018868_257,0,,0,1,7399683071036018868_1079,0,,2,0.2245,0.1918,0.2147,1.0,0.0,0.6667,0.6,Case D (Missed Security Similarity)
reveal,7399683071036018868_257,0,,0,2,7399683071036018868_520,0,strcmp,2,0.1562,0.2373,0.1806,0.0,0.0,0.3333,0.1,Uncorrelated / Low Similarity
reveal,7399683071036018868_257,0,,0,3,7399683071036018868_2633,0,strcmp,2,0.1562,0.1918,0.1669,0.0,0.0,0.3333,0.1,Uncorrelated / Low Similarity
reveal,7399683071036018868_257,0,,0,4,2895622461494525400_433,0,,1,0.1951,0.0352,0.1472,1.0,0.0,1.0,0.7,Case D (Missed Security Similarity)
reveal,7399683071036018868_257,0,,0,5,2895622461494525400_1828,0,printf,1,0.1739,0.0262,0.1296,0.0,0.0,1.0,0.3,Uncorrelated / Low Similarity
reveal,-8046645508582876963_258,0,,1,1,-4106680724983638989_1660,1,memcpy,2,0.1779,0.7189,0.3402,0.0,0.5,1.0,0.45,Uncorrelated / Low Similarity
reveal,-8046645508582876963_258,0,,1,2,9040629826477849200_2395,0,memset,1,0.254,0.439,0.3095,0.0,1.0,0.6667,0.5,Case A (Good)
reveal,-8046645508582876963_258,0,,1,3,9040629826477849200_2222,0,memset,1,0.2439,0.439,0.3024,0.0,1.0,0.6667,0.5,Case D (Missed Security Similarity)
reveal,-8046645508582876963_258,0,,1,4,2820551931453396101_1595,0,,1,0.1887,0.4569,0.2691,1.0,1.0,1.0,1.0,Case D (Missed Security Similarity)
reveal,-8046645508582876963_258,0,,1,5,-1283648210945038844_2374,0,,1,0.1884,0.2784,0.2154,1.0,1.0,0.6667,0.9,Case D (Missed Security Similarity)
reveal,6393050609822897742_259,0,,2,1,-2386031673786599357_1311,0,,2,0.2687,0.5476,0.3523,1.0,1.0,0.6667,0.9,Case A (Good)
reveal,6393050609822897742_259,0,,2,2,-2127895299879503273_2715,0,,1,0.3455,0.3502,0.3469,1.0,0.5,0.6667,0.75,Case A (Good)
reveal,6393050609822897742_259,0,,2,3,-6529313662352494663_2133,0,,1,0.2692,0.143,0.2314,1.0,0.5,0.6667,0.75,Case A (Good)
reveal,6393050609822897742_259,0,,2,4,-9032389459913766398_2994,0,,0,0.2115,0.2115,0.2115,1.0,0.0,0.3333,0.5,Case D (Missed Security Similarity)
reveal,6393050609822897742_259,0,,2,5,-7187272991279783781_1225,0,,0,0.234,0.1505,0.209,1.0,0.0,0.3333,0.5,Case D (Missed Security Similarity)
reveal,6980637897759012306_260,0,,2,1,-8665368283409781704_450,0,,1,0.2462,0.5748,0.3448,1.0,0.5,0.6667,0.75,Case D (Missed Security Similarity)
reveal,6980637897759012306_260,0,,2,2,8461266595329035000_666,0,,2,0.2647,0.3843,0.3006,1.0,0.3333,0.6667,0.7,Case A (Good)
reveal,6980637897759012306_260,0,,2,3,-7076754245473579218_1539,0,,3,0.2453,0.3898,0.2886,1.0,0.6667,0.6667,0.8,Case D (Missed Security Similarity)
reveal,6980637897759012306_260,0,,2,4,5347874611477979643_1517,0,,1,0.2267,0.3302,0.2577,1.0,0.0,0.3333,0.5,Case D (Missed Security Similarity)
reveal,6980637897759012306_260,0,,2,5,8461266595329035000_1816,0,,2,0.24,0.1575,0.2153,1.0,1.0,0.6667,0.9,Case D (Missed Security Similarity)
reveal,4876100961671882393_261,0,,2,1,4876100961671882393_2117,0,,2,0.5636,0.7522,0.6202,1.0,1.0,1.0,1.0,Case A (Good)
reveal,4876100961671882393_261,0,,2,2,4876100961671882393_2063,0,,0,0.3226,0.6329,0.4157,1.0,0.0,1.0,0.7,Case A (Good)
reveal,4876100961671882393_261,0,,2,3,4876100961671882393_2376,0,,2,0.5625,0.0138,0.3979,1.0,1.0,1.0,1.0,Case A (Good)
reveal,4876100961671882393_261,0,,2,4,4876100961671882393_2546,0,,1,0.4151,0.3551,0.3971,1.0,0.5,1.0,0.85,Case A (Good)
reveal,4876100961671882393_261,0,,2,5,4876100961671882393_2326,0,,1,0.46,0.0164,0.3269,1.0,0.5,1.0,0.85,Case A (Good)
reveal,2388171415474875762_262,0,,2,1,2388171415474875762_1532,0,,0,0.3125,0.0797,0.2427,1.0,0.0,1.0,0.7,Case A (Good)
reveal,2388171415474875762_262,0,,2,2,2388171415474875762_311,0,,0,0.3023,0.0145,0.216,1.0,0.0,1.0,0.7,Case A (Good)
reveal,2388171415474875762_262,0,,2,3,1208165234047591297_1067,0,,1,0.2308,0.0126,0.1653,1.0,0.5,0.6667,0.75,Case D (Missed Security Similarity)
reveal,2388171415474875762_262,0,,2,4,-8919449269326401539_2511,0,memcpy,3,0.1544,0.1344,0.1484,0.0,0.6667,0.6667,0.4,Uncorrelated / Low Similarity
reveal,2388171415474875762_262,0,,2,5,-1338403456839869183_2899,1,,2,0.1781,0.0216,0.1311,1.0,1.0,0.3333,0.8,Case D (Missed Security Similarity)
reveal,1760449185745615462_263,0,,2,1,2546373479020365143_210,0,,2,0.2812,0.3525,0.3026,1.0,1.0,0.3333,0.8,Case A (Good)
reveal,1760449185745615462_263,0,,2,2,2546373479020365143_1135,0,,1,0.2571,0.3438,0.2831,1.0,0.5,0.6667,0.75,Case A (Good)
reveal,1760449185745615462_263,0,,2,3,2546373479020365143_711,0,,1,0.2188,0.3816,0.2676,1.0,0.5,0.3333,0.65,Case D (Missed Security Similarity)
reveal,1760449185745615462_263,0,,2,4,2546373479020365143_243,0,,1,0.2391,0.2173,0.2326,1.0,0.5,0.6667,0.75,Case D (Missed Security Similarity)
reveal,1760449185745615462_263,0,,2,5,1760449185745615462_340,0,,1,0.3043,0.0098,0.216,1.0,0.5,0.6667,0.75,Case A (Good)
reveal,2343071019501443392_264,0,,2,1,5611940141018433728_1681,0,,1,0.25,0.4464,0.3089,1.0,0.5,1.0,0.85,Case A (Good)
reveal,2343071019501443392_264,0,,2,2,-2943582541244387919_2294,0,,0,0.1304,0.4013,0.2117,1.0,0.0,0.6667,0.6,Case D (Missed Security Similarity)
reveal,2343071019501443392_264,0,,2,3,-2943582541244387919_967,0,,0,0.1322,0.3679,0.2029,1.0,0.0,0.6667,0.6,Case D (Missed Security Similarity)
reveal,2343071019501443392_264,0,,2,4,-3996653205403580145_1686,0,,1,0.2025,0.0805,0.1659,1.0,0.5,0.3333,0.65,Case D (Missed Security Similarity)
reveal,2343071019501443392_264,0,,2,5,-5390559971540708342_998,0,memset,3,0.1781,0.0113,0.1281,0.0,0.25,0.6667,0.275,Uncorrelated / Low Similarity
reveal,914926989019402478_265,0,,2,1,-4555950263653671147_1754,0,,2,0.2179,0.5753,0.3251,1.0,1.0,0.6667,0.9,Case D (Missed Security Similarity)
reveal,914926989019402478_265,0,,2,2,-1315695702746584250_1685,0,,2,0.2388,0.5224,0.3239,1.0,1.0,1.0,1.0,Case D (Missed Security Similarity)
reveal,914926989019402478_265,0,,2,3,-7683902591435073306_1531,0,,2,0.2623,0.359,0.2913,1.0,1.0,1.0,1.0,Case A (Good)
reveal,914926989019402478_265,0,,2,4,-8884965407551053630_2505,0,open,3,0.1743,0.5158,0.2768,0.0,0.6667,1.0,0.5,Case D (Missed Security Similarity)
reveal,914926989019402478_265,0,,2,5,-1315695702746584250_102,0,,2,0.2449,0.207,0.2335,1.0,1.0,1.0,1.0,Case D (Missed Security Similarity)
reveal,914926989019402478_266,0,,1,1,-2064332158282087279_1355,0,memcpy,1,0.2593,0.1407,0.2237,0.0,1.0,1.0,0.6,Case A (Good)
reveal,914926989019402478_266,0,,1,2,914926989019402478_581,0,,0,0.2391,0.1663,0.2173,1.0,0.0,0.6667,0.6,Case D (Missed Security Similarity)
reveal,914926989019402478_266,0,,1,3,-649112636673899765_1191,0,,1,0.2063,0.0114,0.1479,1.0,1.0,0.6667,0.9,Case D (Missed Security Similarity)
reveal,914926989019402478_266,0,,1,4,-4886619136962902359_889,0,,1,0.1452,0.142,0.1442,1.0,1.0,0.6667,0.9,Case D (Missed Security Similarity)
reveal,914926989019402478_266,0,,1,5,-6579823731174944595_2151,1,,0,0.1957,0.0099,0.1399,1.0,0.0,0.6667,0.6,Case D (Missed Security Similarity)
reveal,1223258652239369123_267,0,,1,1,1223258652239369123_2751,0,,2,0.3231,0.68,0.4302,1.0,0.5,1.0,0.85,Case A (Good)
reveal,1223258652239369123_267,0,,1,2,1223258652239369123_1946,0,,1,0.3966,0.1918,0.3351,1.0,1.0,0.6667,0.9,Case A (Good)
reveal,1223258652239369123_267,0,,1,3,1223258652239369123_1344,0,,2,0.2097,0.6169,0.3318,1.0,0.5,0.6667,0.75,Case D (Missed Security Similarity)
reveal,1223258652239369123_267,0,,1,4,1223258652239369123_2152,0,,2,0.381,0.1918,0.3242,1.0,0.5,0.6667,0.75,Case A (Good)
reveal,1223258652239369123_267,0,,1,5,1223258652239369123_988,0,read,2,0.268,0.084,0.2128,0.0,0.5,1.0,0.45,Case B (Superficially Similar)
reveal,1760449185745615462_268,0,,1,1,-1487877838474751244_2265,0,,2,0.2683,0.2187,0.2534,1.0,0.5,0.6667,0.75,Case A (Good)
reveal,1760449185745615462_268,0,,1,2,-6024601983167898950_1323,0,,2,0.2308,0.1948,0.22,1.0,0.5,0.6667,0.75,Case D (Missed Security Similarity)
reveal,1760449185745615462_268,0,,1,3,-7855974557509681261_669,0,,2,0.2273,0.1995,0.2189,1.0,0.5,0.6667,0.75,Case D (Missed Security Similarity)
reveal,1760449185745615462_268,0,,1,4,-7855974557509681261_2791,0,,1,0.1875,0.2247,0.1987,1.0,1.0,0.6667,0.9,Case D (Missed Security Similarity)
reveal,1760449185745615462_268,0,,1,5,-7855974557509681261_1053,0,,1,0.1905,0.2023,0.194,1.0,1.0,0.6667,0.9,Case D (Missed Security Similarity)
reveal,-1672864273235910388_269,0,,1,1,-1672864273235910388_2588,0,,2,0.4045,0.6067,0.4652,1.0,0.5,1.0,0.85,Case A (Good)
reveal,-1672864273235910388_269,0,,1,2,-1672864273235910388_308,0,,1,0.3814,0.4545,0.4033,1.0,1.0,1.0,1.0,Case A (Good)
reveal,-1672864273235910388_269,0,,1,3,-1672864273235910388_1673,0,,1,0.3409,0.4084,0.3612,1.0,1.0,1.0,1.0,Case A (Good)
reveal,-1672864273235910388_269,0,,1,4,-1672864273235910388_2479,0,,2,0.2456,0.5523,0.3376,1.0,0.5,1.0,0.85,Case D (Missed Security Similarity)
reveal,-1672864273235910388_269,0,,1,5,-1672864273235910388_1496,0,,1,0.3231,0.2401,0.2982,1.0,1.0,1.0,1.0,Case A (Good)
reveal,6080147530626246065_270,0,,1,1,6080147530626246065_2352,1,,2,0.2844,0.7972,0.4382,1.0,0.5,1.0,0.85,Case C (Dangerous - Label Mismatch)
reveal,6080147530626246065_270,0,,1,2,1182028467273264883_471,0,sprintf,1,0.1585,0.4695,0.2518,0.0,1.0,1.0,0.6,Case D (Missed Security Similarity)
reveal,6080147530626246065_270,0,,1,3,2390790920103114259_130,0,,3,0.1401,0.4219,0.2246,1.0,0.3333,1.0,0.8,Case D (Missed Security Similarity)
reveal,6080147530626246065_270,0,,1,4,-4555950263653671147_2102,0,,1,0.084,0.2787,0.1424,1.0,1.0,0.6667,0.9,Case D (Missed Security Similarity)
reveal,6080147530626246065_270,0,,1,5,6393050609822897742_667,0,,1,0.1544,0.0106,0.1112,1.0,1.0,1.0,1.0,Case D (Missed Security Similarity)
reveal,3599206110384554647_271,0,,0,1,3728341105073176576_2146,1,,0,1.0,1.0,1.0,1.0,1.0,1.0,1.0,Case C (Dangerous - Label Mismatch)
reveal,3599206110384554647_271,0,,0,2,3728341105073176576_1781,1,,0,0.7681,1.0,0.8377,1.0,1.0,1.0,1.0,Case C (Dangerous - Label Mismatch)
reveal,3599206110384554647_271,0,,0,3,-331579171381918893_2736,1,,0,0.6825,1.0,0.7778,1.0,1.0,1.0,1.0,Case C (Dangerous - Label Mismatch)
reveal,3599206110384554647_271,0,,0,4,-331579171381918893_125,1,,0,0.6349,1.0,0.7444,1.0,1.0,1.0,1.0,Case C (Dangerous - Label Mismatch)
reveal,3599206110384554647_271,0,,0,5,-1315695702746584250_2402,0,,1,0.1385,0.0289,0.1056,1.0,0.0,1.0,0.7,Case D (Missed Security Similarity)
reveal,8801969307247112896_272,0,memcpy,3,1,8801969307247112896_1704,0,memcpy,3,0.9267,0.9827,0.9435,1.0,1.0,1.0,1.0,Case A (Good)
reveal,8801969307247112896_272,0,memcpy,3,2,8801969307247112896_2385,0,memcpy,3,0.9267,0.9827,0.9435,1.0,1.0,1.0,1.0,Case A (Good)
reveal,8801969307247112896_272,0,memcpy,3,3,8801969307247112896_438,0,memcpy,3,0.8399,0.9795,0.8818,1.0,1.0,1.0,1.0,Case A (Good)
reveal,8801969307247112896_272,0,memcpy,3,4,8801969307247112896_1211,0,,2,0.277,0.224,0.2611,0.0,0.6667,1.0,0.5,Case A (Good)
reveal,8801969307247112896_272,0,memcpy,3,5,-6627217369018123590_1674,0,,0,0.0213,0.0429,0.0278,0.0,0.0,0.3333,0.1,Uncorrelated / Low Similarity
reveal,-2222463888415249941_273,0,,0,1,2687336064028423153_1201,0,,0,0.2222,0.2735,0.2376,1.0,1.0,1.0,1.0,Case D (Missed Security Similarity)
reveal,-2222463888415249941_273,0,,0,2,-4555950263653671147_2778,0,,1,0.1961,0.1601,0.1853,1.0,0.0,0.6667,0.6,Case D (Missed Security Similarity)
reveal,-2222463888415249941_273,0,,0,3,-7248963932691286231_362,0,,0,0.2449,0.0089,0.1741,1.0,1.0,1.0,1.0,Case D (Missed Security Similarity)
reveal,-2222463888415249941_273,0,,0,4,-7795592811940874822_1717,0,,1,0.2264,0.0115,0.162,1.0,0.0,0.6667,0.6,Case D (Missed Security Similarity)
reveal,-2222463888415249941_273,0,,0,5,-3819889754140204145_425,0,,1,0.1739,0.0348,0.1322,1.0,0.0,0.6667,0.6,Case D (Missed Security Similarity)
reveal,1760449185745615462_274,0,,2,1,-7555034601056330007_1405,0,,1,0.1731,0.3299,0.2201,1.0,0.5,1.0,0.85,Case D (Missed Security Similarity)
reveal,1760449185745615462_274,0,,2,2,-8721757784652752372_2631,1,,1,0.1818,0.1675,0.1775,1.0,0.5,1.0,0.85,Case D (Missed Security Similarity)
reveal,1760449185745615462_274,0,,2,3,1949916022780590905_668,0,,1,0.1774,0.0125,0.1279,1.0,0.5,1.0,0.85,Case D (Missed Security Similarity)
reveal,1760449185745615462_274,0,,2,4,8849962823026424130_2215,0,,1,0.1667,0.0099,0.1196,1.0,0.5,1.0,0.85,Case D (Missed Security Similarity)
reveal,1760449185745615462_274,0,,2,5,7198560023137364337_1651,0,,1,0.1613,0.0101,0.1159,1.0,0.5,0.6667,0.75,Case D (Missed Security Similarity)
reveal,2895622461494525400_275,0,memset,3,1,2895622461494525400_892,0,memset,2,0.463,0.7238,0.5412,1.0,0.6667,1.0,0.9,Case A (Good)
reveal,2895622461494525400_275,0,memset,3,2,2895622461494525400_2886,0,memset|sprintf,3,0.3544,0.9185,0.5237,0.5,1.0,1.0,0.8,Case A (Good)
reveal,2895622461494525400_275,0,memset,3,3,2895622461494525400_1361,0,memset|fprintf,2,0.3517,0.802,0.4868,0.5,0.6667,1.0,0.7,Case A (Good)
reveal,2895622461494525400_275,0,memset,3,4,2895622461494525400_1153,0,memset|fprintf|strcmp|strncmp,2,0.3014,0.8179,0.4563,0.25,0.6667,1.0,0.6,Case A (Good)
reveal,2895622461494525400_275,0,memset,3,5,2895622461494525400_138,0,memset,2,0.3027,0.7416,0.4344,1.0,0.6667,1.0,0.9,Case A (Good)
reveal,-2323311514228246061_276,0,,0,1,2542574915000171973_346,0,,0,0.1471,1.0,0.4029,1.0,1.0,0.6667,0.9,Case D (Missed Security Similarity)
reveal,-2323311514228246061_276,0,,0,2,-7614722514335375899_2367,0,,2,0.1077,0.3111,0.1687,1.0,0.0,0.3333,0.5,Case D (Missed Security Similarity)
reveal,-2323311514228246061_276,0,,0,3,1760449185745615462_2026,0,,1,0.08,0.0308,0.0652,1.0,0.0,0.3333,0.5,Case D (Missed Security Similarity)
reveal,-2323311514228246061_276,0,,0,4,1760449185745615462_1563,0,,1,0.0678,0.0288,0.0561,1.0,0.0,0.3333,0.5,Case D (Missed Security Similarity)
reveal,-2323311514228246061_276,0,,0,5,8461266595329035000_653,0,,2,0.0667,0.0242,0.0539,1.0,0.0,0.3333,0.5,Case D (Missed Security Similarity)
reveal,1896723564367514490_277,1,,0,1,4715922168896528064_831,0,,1,0.1091,0.2525,0.1521,1.0,0.0,0.6667,0.6,Case D (Missed Security Similarity)
reveal,1896723564367514490_277,1,,0,2,7607805321589710329_2823,0,,0,0.0928,0.2521,0.1406,1.0,1.0,1.0,1.0,Case D (Missed Security Similarity)
reveal,1896723564367514490_277,1,,0,3,-2901388205723537271_1863,0,close,0,0.1649,0.0124,0.1192,0.0,1.0,1.0,0.6,Case D (Missed Security Similarity)
reveal,1896723564367514490_277,1,,0,4,927123821003322045_223,0,,1,0.0755,0.0327,0.0626,1.0,0.0,0.6667,0.6,Case D (Missed Security Similarity)
reveal,1896723564367514490_277,1,,0,5,-770464550770502023_1986,0,,1,0.0707,0.0327,0.0593,1.0,0.0,0.6667,0.6,Case D (Missed Security Similarity)
reveal,-938099838013462850_278,0,memcpy|free,2,1,5704453449583823009_792,1,memcpy,2,0.2706,0.5818,0.364,0.5,1.0,0.3333,0.6,Case C (Dangerous - Label Mismatch)
reveal,-938099838013462850_278,0,memcpy|free,2,2,5704453449583823009_1801,0,realloc,3,0.2234,0.4435,0.2894,0.0,0.6667,0.6667,0.4,Uncorrelated / Low Similarity
reveal,-938099838013462850_278,0,memcpy|free,2,3,5704453449583823009_724,0,memcpy,1,0.1772,0.4724,0.2658,0.5,0.5,0.3333,0.45,Uncorrelated / Low Similarity
reveal,-938099838013462850_278,0,memcpy|free,2,4,-6090091127667448005_1950,0,,0,0.2533,0.2224,0.2441,0.0,0.0,0.3333,0.1,Case B (Superficially Similar)
reveal,-938099838013462850_278,0,memcpy|free,2,5,-1381237731082039179_2000,0,,2,0.1875,0.3578,0.2386,0.0,1.0,0.3333,0.4,Uncorrelated / Low Similarity
reveal,6323824267898511453_279,0,,3,1,6323824267898511453_2599,0,,3,0.87,0.9915,0.9064,1.0,1.0,1.0,1.0,Case A (Good)
reveal,6323824267898511453_279,0,,3,2,-2915908172644760936_1536,0,,1,0.2784,0.253,0.2708,1.0,0.3333,1.0,0.8,Case A (Good)
reveal,6323824267898511453_279,0,,3,3,-6105298668491046960_2344,1,,2,0.1955,0.2416,0.2093,1.0,0.6667,1.0,0.9,Case D (Missed Security Similarity)
reveal,6323824267898511453_279,0,,3,4,1760449185745615462_1734,0,memset|sscanf,2,0.0299,0.4568,0.1579,0.0,0.25,0.3333,0.175,Uncorrelated / Low Similarity
reveal,6323824267898511453_279,0,,3,5,2772622454795674000_1061,0,,2,0.1792,0.0208,0.1317,1.0,0.6667,1.0,0.9,Case D (Missed Security Similarity)
reveal,-866921002076081979_280,0,,1,1,4952739496652083313_2418,0,,0,0.1452,0.396,0.2204,1.0,0.0,1.0,0.7,Case D (Missed Security Similarity)
reveal,-866921002076081979_280,0,,1,2,-7884836206149374350_1109,0,,0,0.1207,0.1818,0.139,1.0,0.0,1.0,0.7,Case D (Missed Security Similarity)
reveal,-866921002076081979_280,0,,1,3,-1315695702746584250_1675,0,,1,0.1194,0.0699,0.1046,1.0,1.0,0.6667,0.9,Case D (Missed Security Similarity)
reveal,-866921002076081979_280,0,,1,4,-8884965407551053630_2612,0,,3,0.1316,0.026,0.0999,1.0,0.3333,0.6667,0.7,Case D (Missed Security Similarity)
reveal,-866921002076081979_280,0,,1,5,-8884965407551053630_1771,0,,1,0.1343,0.0158,0.0988,1.0,1.0,0.6667,0.9,Case D (Missed Security Similarity)
reveal,-5420171864670538459_281,0,fopen|fclose,2,1,-2607754285145856562_629,0,,1,0.25,0.5798,0.3489,0.0,0.5,0.3333,0.25,Case B (Superficially Similar)
reveal,-5420171864670538459_281,0,fopen|fclose,2,2,-5357254031401749470_630,0,,1,0.1548,0.6464,0.3022,0.0,0.5,0.3333,0.25,Uncorrelated / Low Similarity
reveal,-5420171864670538459_281,0,fopen|fclose,2,3,-4558261210024070448_2209,0,,2,0.1525,0.2097,0.1697,0.0,0.3333,0.3333,0.2,Uncorrelated / Low Similarity
reveal,-5420171864670538459_281,0,fopen|fclose,2,4,-8028756826159773630_584,0,,1,0.1607,0.1316,0.152,0.0,0.5,0.3333,0.25,Uncorrelated / Low Similarity
reveal,-5420171864670538459_281,0,fopen|fclose,2,5,-4558261210024070448_2613,0,,2,0.1833,0.0137,0.1324,0.0,0.3333,0.6667,0.3,Uncorrelated / Low Similarity
reveal,3584320764213684062_282,0,,1,1,3584320764213684062_322,0,,0,0.5,0.5383,0.5115,1.0,0.0,0.6667,0.6,Case A (Good)
reveal,3584320764213684062_282,0,,1,2,-7434014980763120366_1363,0,,0,0.3333,0.4029,0.3542,1.0,0.0,0.6667,0.6,Case A (Good)
reveal,3584320764213684062_282,0,,1,3,4876100961671882393_723,0,,0,0.3333,0.1674,0.2835,1.0,0.0,0.6667,0.6,Case A (Good)
reveal,3584320764213684062_282,0,,1,4,-341028540041678099_1516,0,,0,0.2927,0.2394,0.2767,1.0,0.0,0.6667,0.6,Case A (Good)
reveal,3584320764213684062_282,0,,1,5,-7434014980763120366_610,0,,2,0.2429,0.2553,0.2466,1.0,0.5,1.0,0.85,Case D (Missed Security Similarity)
reveal,-7777331401175181229_283,0,,2,1,2895622461494525400_2489,0,printf,2,0.2,0.5282,0.2984,0.0,1.0,0.6667,0.5,Case D (Missed Security Similarity)
reveal,-7777331401175181229_283,0,,2,2,8170016074494868282_1263,0,send,2,0.2203,0.305,0.2458,0.0,1.0,1.0,0.6,Case D (Missed Security Similarity)
reveal,-7777331401175181229_283,0,,2,3,6099731296275586910_2420,1,strcmp,2,0.1765,0.3077,0.2158,0.0,1.0,0.6667,0.5,Case D (Missed Security Similarity)
reveal,-7777331401175181229_283,0,,2,4,-7136186224744987223_171,1,memcpy|strcmp|snprintf|malloc|read|free|memmove,3,0.0377,0.2781,0.1098,0.0,0.6667,0.3333,0.3,Uncorrelated / Low Similarity
reveal,-7777331401175181229_283,0,,2,5,-8041308796088637266_273,0,fprintf,0,0.1375,0.0122,0.0999,0.0,0.0,0.6667,0.2,Uncorrelated / Low Similarity
reveal,-8115807672627724050_284,0,,1,1,-8115807672627724050_1458,0,,1,0.8182,1.0,0.8727,1.0,1.0,1.0,1.0,Case A (Good)
reveal,-8115807672627724050_284,0,,1,2,-8115807672627724050_11,0,,1,0.6471,0.8654,0.7125,1.0,1.0,1.0,1.0,Case A (Good)
reveal,-8115807672627724050_284,0,,1,3,-8115807672627724050_391,0,,1,0.6111,0.8631,0.6867,1.0,1.0,1.0,1.0,Case A (Good)
reveal,-8115807672627724050_284,0,,1,4,-8115807672627724050_779,0,,1,0.3871,0.8598,0.5289,1.0,1.0,0.6667,0.9,Case A (Good)
reveal,-8115807672627724050_284,0,,1,5,-8028756826159773630_584,0,,1,0.25,0.14,0.217,1.0,1.0,1.0,1.0,Case A (Good)
reveal,3887066622454352196_285,0,,1,1,4423867112908498696_1039,1,,1,0.2821,0.7922,0.4351,1.0,1.0,1.0,1.0,Case C (Dangerous - Label Mismatch)
reveal,3887066622454352196_285,0,,1,2,-7137859843679922870_1795,1,,2,0.3523,0.2651,0.3261,1.0,0.5,1.0,0.85,Case C (Dangerous - Label Mismatch)
reveal,3887066622454352196_285,0,,1,3,6869501901408584645_1129,0,,1,0.2667,0.2705,0.2678,1.0,1.0,1.0,1.0,Case A (Good)
reveal,3887066622454352196_285,0,,1,4,-2338718868165006846_116,0,,1,0.25,0.2699,0.256,1.0,1.0,1.0,1.0,Case A (Good)
reveal,3887066622454352196_285,0,,1,5,6442032569499442758_2195,0,,1,0.2958,0.0734,0.2291,1.0,1.0,0.3333,0.8,Case A (Good)
reveal,-2325305888478261876_286,0,,0,1,1760449185745615462_1322,0,,2,0.2593,0.7951,0.42,1.0,0.0,1.0,0.7,Case A (Good)
reveal,-2325305888478261876_286,0,,0,2,2578089348587614328_2727,0,,0,0.3333,0.616,0.4181,1.0,1.0,1.0,1.0,Case A (Good)
reveal,-2325305888478261876_286,0,,0,3,1760449185745615462_750,0,,2,0.2424,0.6114,0.3531,1.0,0.0,0.6667,0.6,Case D (Missed Security Similarity)
reveal,-2325305888478261876_286,0,,0,4,1760449185745615462_529,0,,1,0.2778,0.1469,0.2385,1.0,0.0,0.6667,0.6,Case A (Good)
reveal,-2325305888478261876_286,0,,0,5,-7855974557509681261_2686,0,,0,0.25,0.1923,0.2327,1.0,1.0,1.0,1.0,Case A (Good)
reveal,4489017523191997023_287,0,,1,1,7092216800726729686_1883,0,,1,0.7857,1.0,0.85,1.0,1.0,1.0,1.0,Case A (Good)
reveal,4489017523191997023_287,0,,1,2,7092216800726729686_1066,0,,1,0.7857,1.0,0.85,1.0,1.0,1.0,1.0,Case A (Good)
reveal,4489017523191997023_287,0,,1,3,7092216800726729686_561,0,,1,0.7857,1.0,0.85,1.0,1.0,1.0,1.0,Case A (Good)
reveal,4489017523191997023_287,0,,1,4,4489017523191997023_1615,0,,1,0.7857,1.0,0.85,1.0,1.0,1.0,1.0,Case A (Good)
reveal,4489017523191997023_287,0,,1,5,825216912438754622_246,0,,1,0.7778,1.0,0.8444,1.0,1.0,1.0,1.0,Case A (Good)
reveal,355220887711506893_288,0,,2,1,-5241093592682744127_1505,1,,2,0.3978,0.7082,0.4909,1.0,1.0,0.6667,0.9,Case C (Dangerous - Label Mismatch)
reveal,355220887711506893_288,0,,2,2,-5241093592682744127_1909,0,,2,0.3981,0.0174,0.2838,1.0,1.0,0.6667,0.9,Case A (Good)
reveal,355220887711506893_288,0,,2,3,-2928324134072492299_37,0,,2,0.2237,0.0193,0.1624,1.0,1.0,0.6667,0.9,Case D (Missed Security Similarity)
reveal,355220887711506893_288,0,,2,4,1414661670117003749_29,0,close|free,2,0.1875,0.0248,0.1387,0.0,1.0,0.3333,0.4,Uncorrelated / Low Similarity
reveal,355220887711506893_288,0,,2,5,-5615323818347734353_270,0,,0,0.1556,0.0205,0.115,1.0,0.0,0.3333,0.5,Case D (Missed Security Similarity)
reveal,-5912543978015782596_289,1,memcpy|strcmp|sscanf|memset|strcpy,3,1,-5912543978015782596_1252,0,memmove|recv|system|memcpy,3,0.2393,0.8401,0.4195,0.125,1.0,1.0,0.65,Case D (Missed Security Similarity)
reveal,-5912543978015782596_289,1,memcpy|strcmp|sscanf|memset|strcpy,3,2,-1487877838474751244_2265,0,,2,0.0854,0.4366,0.1907,0.0,0.6667,0.6667,0.4,Uncorrelated / Low Similarity
reveal,-5912543978015782596_289,1,memcpy|strcmp|sscanf|memset|strcpy,3,3,-7248963932691286231_621,0,memset|close,3,0.0976,0.352,0.1739,0.1667,1.0,0.6667,0.5667,Case D (Missed Security Similarity)
reveal,-5912543978015782596_289,1,memcpy|strcmp|sscanf|memset|strcpy,3,4,-7855974557509681261_2791,0,,1,0.0502,0.4233,0.1621,0.0,0.3333,0.6667,0.3,Uncorrelated / Low Similarity
reveal,-5912543978015782596_289,1,memcpy|strcmp|sscanf|memset|strcpy,3,5,-7855974557509681261_1613,0,,1,0.0462,0.4233,0.1593,0.0,0.3333,0.6667,0.3,Uncorrelated / Low Similarity
reveal,3887066622454352196_290,0,,1,1,-8128341148043427861_2587,0,,2,0.4118,0.7708,0.5195,1.0,0.5,1.0,0.85,Case A (Good)
reveal,3887066622454352196_290,0,,1,2,-8128341148043427861_1908,1,,2,0.4,0.7708,0.5112,1.0,0.5,1.0,0.85,Case C (Dangerous - Label Mismatch)
reveal,3887066622454352196_290,0,,1,3,3887066622454352196_2458,0,,1,0.4194,0.4126,0.4173,1.0,1.0,1.0,1.0,Case A (Good)
reveal,3887066622454352196_290,0,,1,4,-8128341148043427861_1219,0,,2,0.367,0.4187,0.3825,1.0,0.5,1.0,0.85,Case A (Good)
reveal,3887066622454352196_290,0,,1,5,-8925552398357902286_1111,0,,1,0.32,0.3865,0.34,1.0,1.0,1.0,1.0,Case A (Good)
reveal,2687336064028423153_291,0,,0,1,2687336064028423153_1499,0,,0,0.3529,0.6058,0.4288,1.0,1.0,1.0,1.0,Case A (Good)
reveal,2687336064028423153_291,0,,0,2,-8884965407551053630_692,0,,1,0.3043,0.5886,0.3896,1.0,0.0,0.6667,0.6,Case A (Good)
reveal,2687336064028423153_291,0,,0,3,4491846291755990729_1894,0,,0,0.3043,0.5254,0.3707,1.0,1.0,1.0,1.0,Case A (Good)
reveal,2687336064028423153_291,0,,0,4,1760449185745615462_2137,0,,1,0.28,0.2762,0.2789,1.0,0.0,1.0,0.7,Case A (Good)
reveal,2687336064028423153_291,0,,0,5,-6856626433814917486_705,0,,0,0.2121,0.3453,0.2521,1.0,1.0,1.0,1.0,Case D (Missed Security Similarity)
reveal,-7795592811940874822_292,0,memcpy,2,1,-6475363373423390854_2199,0,printf|write,2,0.1527,0.8953,0.3755,0.0,1.0,0.3333,0.4,Uncorrelated / Low Similarity
reveal,-7795592811940874822_292,0,memcpy,2,2,-4960438251319819237_514,0,,1,0.1398,0.6079,0.2802,0.0,0.5,0.3333,0.25,Uncorrelated / Low Similarity
reveal,-7795592811940874822_292,0,memcpy,2,3,-2723830976796502611_90,0,,2,0.1584,0.3307,0.2101,0.0,1.0,0.3333,0.4,Uncorrelated / Low Similarity
reveal,-7795592811940874822_292,0,memcpy,2,4,-4960438251319819237_811,0,,1,0.1068,0.2461,0.1486,0.0,0.5,0.3333,0.25,Uncorrelated / Low Similarity
reveal,-7795592811940874822_292,0,memcpy,2,5,-673406620978847526_135,0,,1,0.0918,0.1324,0.104,0.0,0.5,0.3333,0.25,Uncorrelated / Low Similarity
reveal,8249698884422048746_293,0,,2,1,8249698884422048746_2594,0,,1,0.459,0.2948,0.4098,1.0,0.5,1.0,0.85,Case A (Good)
reveal,8249698884422048746_293,0,,2,2,4483118303465294401_1115,0,printf,1,0.2794,0.3503,0.3007,0.0,0.5,0.6667,0.35,Case B (Superficially Similar)
reveal,8249698884422048746_293,0,,2,3,-5268859819325807498_147,0,,2,0.2,0.2719,0.2216,1.0,1.0,0.3333,0.8,Case D (Missed Security Similarity)
reveal,8249698884422048746_293,0,,2,4,1202634027547122397_1655,0,,2,0.1978,0.2424,0.2112,1.0,1.0,0.3333,0.8,Case D (Missed Security Similarity)
reveal,8249698884422048746_293,0,,2,5,3668456668028959955_991,0,,0,0.2449,0.0095,0.1743,1.0,0.0,0.6667,0.6,Case D (Missed Security Similarity)
reveal,2782335626401253771_294,0,memcpy,2,1,-1145838621747570454_375,0,,1,0.2462,0.3421,0.2749,0.0,0.5,1.0,0.45,Uncorrelated / Low Similarity
reveal,2782335626401253771_294,0,memcpy,2,2,-4885528830177756816_1331,0,,1,0.1964,0.3819,0.2521,0.0,0.5,0.3333,0.25,Uncorrelated / Low Similarity
reveal,2782335626401253771_294,0,memcpy,2,3,5045872831385413038_1411,0,,2,0.1912,0.3862,0.2497,0.0,1.0,0.6667,0.5,Case D (Missed Security Similarity)
reveal,2782335626401253771_294,0,memcpy,2,4,-1145838621747570454_2920,0,,2,0.1544,0.4065,0.23,0.0,1.0,1.0,0.6,Case D (Missed Security Similarity)
reveal,2782335626401253771_294,0,memcpy,2,5,1760449185745615462_820,0,,1,0.2143,0.1314,0.1894,0.0,0.5,1.0,0.45,Uncorrelated / Low Similarity
reveal,2687336064028423153_295,0,memcpy,2,1,2687336064028423153_2741,0,memcpy,3,0.3333,0.8628,0.4922,1.0,0.6667,0.6667,0.8,Case A (Good)
reveal,2687336064028423153_295,0,memcpy,2,2,-341028540041678099_165,0,snprintf,2,0.3125,0.5685,0.3893,0.0,1.0,1.0,0.6,Case A (Good)
reveal,2687336064028423153_295,0,memcpy,2,3,-8054970867770516573_2466,0,,1,0.2154,0.5604,0.3189,0.0,0.5,0.6667,0.35,Uncorrelated / Low Similarity
reveal,2687336064028423153_295,0,memcpy,2,4,6600620671673714486_1371,0,,2,0.2308,0.2705,0.2427,0.0,1.0,0.3333,0.4,Uncorrelated / Low Similarity
reveal,2687336064028423153_295,0,memcpy,2,5,-8721757784652752372_680,0,,2,0.1721,0.0122,0.1241,0.0,1.0,0.6667,0.5,Case D (Missed Security Similarity)
reveal,7295169435648525618_296,0,,2,1,-6391176401823500141_2779,0,,3,0.1241,0.3549,0.1934,1.0,0.25,0.6667,0.675,Case D (Missed Security Similarity)
reveal,7295169435648525618_296,0,,2,2,-6391176401823500141_1591,0,fopen|fclose,2,0.095,0.213,0.1304,0.0,0.3333,0.6667,0.3,Uncorrelated / Low Similarity
reveal,7295169435648525618_296,0,,2,3,-4555950263653671147_1680,0,,0,0.0796,0.2235,0.1228,1.0,0.0,0.3333,0.5,Case D (Missed Security Similarity)
reveal,7295169435648525618_296,0,,2,4,-4552633429382740307_2661,0,,1,0.0783,0.1983,0.1143,1.0,0.5,0.6667,0.75,Case D (Missed Security Similarity)
reveal,7295169435648525618_296,0,,2,5,-4552633429382740307_2579,0,,1,0.0804,0.1439,0.0994,1.0,0.5,0.6667,0.75,Case D (Missed Security Similarity)
reveal,1182028467273264883_297,0,,2,1,1182028467273264883_2202,0,,2,0.6338,0.9917,0.7412,1.0,1.0,1.0,1.0,Case A (Good)
reveal,1182028467273264883_297,0,,2,2,1182028467273264883_2902,0,,2,0.519,0.8395,0.6151,1.0,1.0,1.0,1.0,Case A (Good)
reveal,1182028467273264883_297,0,,2,3,1182028467273264883_2722,0,write,2,0.4588,0.4037,0.4423,0.0,1.0,1.0,0.6,Case A (Good)
reveal,1182028467273264883_297,0,,2,4,1182028467273264883_2459,1,popen|strncmp|fgets,3,0.1854,0.4561,0.2666,0.0,0.6667,1.0,0.5,Case D (Missed Security Similarity)
reveal,1182028467273264883_297,0,,2,5,1182028467273264883_451,0,,2,0.2364,0.0136,0.1695,1.0,0.3333,1.0,0.8,Case D (Missed Security Similarity)
reveal,-1768728156572022708_298,0,vsnprintf|strncpy,2,1,5704453449583823009_792,1,memcpy,2,0.2639,0.4731,0.3267,0.0,0.3333,0.6667,0.3,Case C (Dangerous - Label Mismatch)
reveal,-1768728156572022708_298,0,vsnprintf|strncpy,2,2,5704453449583823009_1801,0,realloc,3,0.225,0.4702,0.2986,0.0,0.25,0.3333,0.175,Uncorrelated / Low Similarity
reveal,-1768728156572022708_298,0,vsnprintf|strncpy,2,3,5704453449583823009_724,0,memcpy,1,0.2063,0.4972,0.2936,0.0,0.5,0.6667,0.35,Uncorrelated / Low Similarity
reveal,-1768728156572022708_298,0,vsnprintf|strncpy,2,4,-6090091127667448005_1950,0,,0,0.2222,0.2622,0.2342,0.0,0.0,0.6667,0.2,Uncorrelated / Low Similarity
reveal,-1768728156572022708_298,0,vsnprintf|strncpy,2,5,-8028756826159773630_1560,0,,1,0.2206,0.0115,0.1579,0.0,0.5,0.6667,0.35,Uncorrelated / Low Similarity
reveal,-6359684484462176044_299,0,,2,1,-6231193035097909837_883,1,memcpy,2,0.3415,0.4656,0.3787,0.0,1.0,1.0,0.6,Case C (Dangerous - Label Mismatch)
reveal,-6359684484462176044_299,0,,2,2,914926989019402478_335,0,write,1,0.2545,0.5169,0.3332,0.0,0.5,0.3333,0.25,Case B (Superficially Similar)
reveal,-6359684484462176044_299,0,,2,3,7295169435648525618_2264,0,,3,0.2308,0.4703,0.3026,1.0,0.6667,0.6667,0.8,Case D (Missed Security Similarity)
reveal,-6359684484462176044_299,0,,2,4,-2607754285145856562_183,0,,2,0.1367,0.4527,0.2315,1.0,1.0,0.6667,0.9,Case D (Missed Security Similarity)
reveal,-6359684484462176044_299,0,,2,5,2100112064176019294_1696,1,read,2,0.2338,0.0108,0.1669,0.0,1.0,0.6667,0.5,Case D (Missed Security Similarity)
