dataset,target_id,target_label,target_apis,target_sanitizers,demo_rank,demo_id,demo_label,demo_apis,demo_sanitizers,code_similarity,graph_similarity,hybrid_score,api_similarity,sanitizer_similarity,memory_similarity,security_similarity,retrieval_case
devign,id_10000_label_False_qemu.c_0,0,,1,1,id_10273_label_False_qemu.c_250,0,fprintf,1,0.0719,0.5138,0.2045,0.0,1.0,0.6667,0.5,Case D (Missed Security Similarity)
devign,id_10000_label_False_qemu.c_0,0,,1,2,id_11967_label_False_qemu.c_1755,0,printf,2,0.0577,0.367,0.1505,0.0,0.5,1.0,0.45,Uncorrelated / Low Similarity
devign,id_10000_label_False_qemu.c_0,0,,1,3,id_12732_label_False_qemu.c_2429,0,,1,0.1,0.0099,0.073,1.0,1.0,1.0,1.0,Case D (Missed Security Similarity)
devign,id_10000_label_False_qemu.c_0,0,,1,4,id_12622_label_False_qemu.c_2334,0,,1,0.0667,0.0142,0.0509,1.0,1.0,1.0,1.0,Case D (Missed Security Similarity)
devign,id_10000_label_False_qemu.c_0,0,,1,5,id_11491_label_True_qemu.c_1332,1,,1,0.0484,0.0095,0.0367,1.0,1.0,1.0,1.0,Case D (Missed Security Similarity)
devign,id_10026_label_False_qemu.c_1,0,,1,1,id_10152_label_True_qemu.c_142,1,,1,0.2778,0.7251,0.412,1.0,1.0,0.6667,0.9,Case C (Dangerous - Label Mismatch)
devign,id_10026_label_False_qemu.c_1,0,,1,2,id_12503_label_True_qemu.c_2219,1,,1,0.1714,0.5694,0.2908,1.0,1.0,0.6667,0.9,Case D (Missed Security Similarity)
devign,id_10026_label_False_qemu.c_1,0,,1,3,id_10249_label_False_qemu.c_228,0,,1,0.1463,0.6262,0.2903,1.0,1.0,0.6667,0.9,Case D (Missed Security Similarity)
devign,id_10026_label_False_qemu.c_1,0,,1,4,id_10954_label_False_qemu.c_849,0,,3,0.1224,0.6416,0.2782,1.0,0.3333,0.6667,0.7,Case D (Missed Security Similarity)
devign,id_10026_label_False_qemu.c_1,0,,1,5,id_13093_label_True_qemu.c_2751,1,,2,0.0893,0.0113,0.0659,1.0,0.5,0.6667,0.75,Case D (Missed Security Similarity)
devign,id_10049_label_False_qemu.c_2,0,,1,1,id_12392_label_True_qemu.c_2117,1,,1,0.8241,0.9882,0.8733,1.0,1.0,1.0,1.0,Case C (Dangerous - Label Mismatch)
devign,id_10049_label_False_qemu.c_2,0,,1,2,id_13362_label_False_qemu.c_2994,0,,1,0.8021,0.9891,0.8582,1.0,1.0,1.0,1.0,Case A (Good)
devign,id_10049_label_False_qemu.c_2,0,,1,3,id_13099_label_True_qemu.c_2756,1,fprintf,1,0.3267,0.8071,0.4708,0.0,1.0,1.0,0.6,Case C (Dangerous - Label Mismatch)
devign,id_10049_label_False_qemu.c_2,0,,1,4,id_12125_label_False_qemu.c_1887,0,,1,0.1209,0.5966,0.2636,1.0,1.0,1.0,1.0,Case D (Missed Security Similarity)
devign,id_10049_label_False_qemu.c_2,0,,1,5,id_11294_label_True_qemu.c_1160,1,,1,0.155,0.364,0.2177,1.0,1.0,0.6667,0.9,Case D (Missed Security Similarity)
devign,id_10055_label_False_qemu.c_3,0,,1,1,id_10375_label_False_qemu.c_338,0,,0,0.2143,0.3945,0.2683,1.0,0.0,0.6667,0.6,Case D (Missed Security Similarity)
devign,id_10055_label_False_qemu.c_3,0,,1,2,id_12837_label_False_qemu.c_2516,0,,1,0.2045,0.2123,0.2069,1.0,1.0,0.6667,0.9,Case D (Missed Security Similarity)
devign,id_10055_label_False_qemu.c_3,0,,1,3,id_12690_label_False_qemu.c_2390,0,,1,0.2,0.1821,0.1946,1.0,1.0,0.6667,0.9,Case D (Missed Security Similarity)
devign,id_10055_label_False_qemu.c_3,0,,1,4,id_10012_label_False_qemu.c_12,0,,1,0.1395,0.2125,0.1614,1.0,1.0,0.6667,0.9,Case D (Missed Security Similarity)
devign,id_10055_label_False_qemu.c_3,0,,1,5,id_1140_label_True_qemu.c_1260,1,,1,0.1154,0.1625,0.1295,1.0,1.0,0.6667,0.9,Case D (Missed Security Similarity)
devign,id_10064_label_False_qemu.c_4,0,,1,1,id_11031_label_False_FFmpeg.c_915,0,,1,0.0882,0.5785,0.2353,1.0,1.0,1.0,1.0,Case D (Missed Security Similarity)
devign,id_10064_label_False_qemu.c_4,0,,1,2,id_12302_label_False_qemu.c_2046,0,fprintf,1,0.037,0.5862,0.2018,0.0,1.0,0.6667,0.5,Case D (Missed Security Similarity)
devign,id_10064_label_False_qemu.c_4,0,,1,3,id_12889_label_False_qemu.c_2566,0,,1,0.0415,0.5647,0.1984,1.0,1.0,1.0,1.0,Case D (Missed Security Similarity)
devign,id_10064_label_False_qemu.c_4,0,,1,4,id_10488_label_False_qemu.c_437,0,,1,0.0308,0.5855,0.1972,1.0,1.0,0.6667,0.9,Case D (Missed Security Similarity)
devign,id_10064_label_False_qemu.c_4,0,,1,5,id_11915_label_False_qemu.c_1713,0,fprintf,1,0.0363,0.245,0.0989,0.0,1.0,0.6667,0.5,Case D (Missed Security Similarity)
devign,id_10081_label_False_qemu.c_5,0,,0,1,id_13220_label_True_qemu.c_2866,1,,1,0.1714,0.7683,0.3505,1.0,0.0,1.0,0.7,Case D (Missed Security Similarity)
devign,id_10081_label_False_qemu.c_5,0,,0,2,id_11463_label_True_FFmpeg.c_1304,1,,2,0.1944,0.5123,0.2898,1.0,0.0,1.0,0.7,Case D (Missed Security Similarity)
devign,id_10081_label_False_qemu.c_5,0,,0,3,id_10873_label_True_qemu.c_776,1,read,1,0.2041,0.3634,0.2519,0.0,0.0,1.0,0.3,Uncorrelated / Low Similarity
devign,id_10081_label_False_qemu.c_5,0,,0,4,id_11215_label_True_qemu.c_1086,1,,2,0.1,0.5024,0.2207,1.0,0.0,1.0,0.7,Case D (Missed Security Similarity)
devign,id_10081_label_False_qemu.c_5,0,,0,5,id_13015_label_False_qemu.c_2686,0,,1,0.0323,0.2982,0.112,1.0,0.0,0.6667,0.6,Case D (Missed Security Similarity)
devign,id_10104_label_True_qemu.c_6,1,,1,1,id_13171_label_False_qemu.c_2820,0,,1,0.3333,0.5398,0.3953,1.0,1.0,0.6667,0.9,Case C (Dangerous - Label Mismatch)
devign,id_10104_label_True_qemu.c_6,1,,1,2,id_11559_label_True_qemu.c_1389,1,,1,0.0976,0.5314,0.2277,1.0,1.0,0.6667,0.9,Case D (Missed Security Similarity)
devign,id_10104_label_True_qemu.c_6,1,,1,3,id_10934_label_False_qemu.c_830,0,,2,0.1844,0.3021,0.2197,1.0,0.5,1.0,0.85,Case D (Missed Security Similarity)
devign,id_10104_label_True_qemu.c_6,1,,1,4,id_10573_label_False_qemu.c_518,0,,2,0.0513,0.3086,0.1285,1.0,0.0,1.0,0.7,Case D (Missed Security Similarity)
devign,id_10104_label_True_qemu.c_6,1,,1,5,id_12198_label_True_FFmpeg.c_1952,1,,1,0.0497,0.2958,0.1235,1.0,1.0,0.6667,0.9,Case D (Missed Security Similarity)
devign,id_10128_label_False_qemu.c_7,0,,0,1,id_11638_label_False_qemu.c_1462,0,,0,0.68,0.9952,0.7745,1.0,1.0,1.0,1.0,Case A (Good)
devign,id_10128_label_False_qemu.c_7,0,,0,2,id_10582_label_False_qemu.c_526,0,,1,0.3864,0.7897,0.5074,1.0,0.0,1.0,0.7,Case A (Good)
devign,id_10128_label_False_qemu.c_7,0,,0,3,id_11787_label_True_qemu.c_1600,1,,2,0.1707,0.6152,0.3041,1.0,0.0,1.0,0.7,Case D (Missed Security Similarity)
devign,id_10128_label_False_qemu.c_7,0,,0,4,id_11986_label_True_qemu.c_1766,1,write,1,0.1711,0.475,0.2622,0.0,0.0,1.0,0.3,Uncorrelated / Low Similarity
devign,id_10128_label_False_qemu.c_7,0,,0,5,id_11179_label_False_qemu.c_1050,0,read,2,0.1121,0.4449,0.212,0.0,0.0,1.0,0.3,Uncorrelated / Low Similarity
devign,id_10161_label_False_FFmpeg.c_8,0,free,2,1,id_11391_label_True_FFmpeg.c_1241,1,strcmp,1,0.08,0.7935,0.2941,0.0,0.5,0.3333,0.25,Uncorrelated / Low Similarity
devign,id_10161_label_False_FFmpeg.c_8,0,free,2,2,id_11737_label_True_FFmpeg.c_1550,1,,1,0.0855,0.4384,0.1914,0.0,0.5,0.6667,0.35,Uncorrelated / Low Similarity
devign,id_10161_label_False_FFmpeg.c_8,0,free,2,3,id_11310_label_False_FFmpeg.c_1175,0,memcpy,1,0.0813,0.4077,0.1792,0.0,0.5,0.3333,0.25,Uncorrelated / Low Similarity
devign,id_10161_label_False_FFmpeg.c_8,0,free,2,4,id_11183_label_False_FFmpeg.c_1055,0,,2,0.0658,0.3373,0.1472,0.0,0.3333,0.3333,0.2,Uncorrelated / Low Similarity
devign,id_10161_label_False_FFmpeg.c_8,0,free,2,5,id_11011_label_False_FFmpeg.c_899,0,strncmp,1,0.0508,0.3689,0.1462,0.0,0.5,0.3333,0.25,Uncorrelated / Low Similarity
devign,id_10175_label_False_FFmpeg.c_9,0,,3,1,id_11860_label_True_FFmpeg.c_1665,1,,2,0.1007,0.8185,0.316,1.0,0.6667,1.0,0.9,Case D (Missed Security Similarity)
devign,id_10175_label_False_FFmpeg.c_9,0,,3,2,id_11846_label_False_FFmpeg.c_1653,0,,1,0.0712,0.7152,0.2644,1.0,0.3333,1.0,0.8,Case D (Missed Security Similarity)
devign,id_10175_label_False_FFmpeg.c_9,0,,3,3,id_10183_label_True_FFmpeg.c_172,1,read,1,0.0873,0.6214,0.2475,0.0,0.3333,1.0,0.4,Uncorrelated / Low Similarity
devign,id_10175_label_False_FFmpeg.c_9,0,,3,4,id_11869_label_False_FFmpeg.c_1671,0,,2,0.1087,0.4809,0.2204,1.0,0.6667,1.0,0.9,Case D (Missed Security Similarity)
devign,id_10175_label_False_FFmpeg.c_9,0,,3,5,id_11565_label_True_FFmpeg.c_1396,1,,1,0.0632,0.499,0.1939,1.0,0.3333,0.6667,0.7,Case D (Missed Security Similarity)
devign,id_10180_label_True_qemu.c_10,1,,2,1,id_11169_label_False_qemu.c_1039,0,,2,0.581,0.7769,0.6398,1.0,1.0,1.0,1.0,Case C (Dangerous - Label Mismatch)
devign,id_10180_label_True_qemu.c_10,1,,2,2,id_10684_label_True_qemu.c_612,1,,2,0.5926,0.0084,0.4173,1.0,1.0,1.0,1.0,Case A (Good)
devign,id_10180_label_True_qemu.c_10,1,,2,3,id_1301_label_False_qemu.c_2689,0,read,1,0.0924,0.5723,0.2364,0.0,0.5,0.6667,0.35,Uncorrelated / Low Similarity
devign,id_10180_label_True_qemu.c_10,1,,2,4,id_10091_label_False_qemu.c_84,0,write,1,0.0692,0.5739,0.2206,0.0,0.5,0.6667,0.35,Uncorrelated / Low Similarity
devign,id_10180_label_True_qemu.c_10,1,,2,5,id_10816_label_True_qemu.c_728,1,fprintf|vsnprintf,2,0.0976,0.0106,0.0715,0.0,0.3333,0.6667,0.3,Uncorrelated / Low Similarity
devign,id_10190_label_False_qemu.c_11,0,,1,1,id_1176_label_False_qemu.c_1582,0,,1,0.1562,0.5592,0.2771,1.0,1.0,0.6667,0.9,Case D (Missed Security Similarity)
devign,id_10190_label_False_qemu.c_11,0,,1,2,id_10379_label_False_qemu.c_341,0,,1,0.1449,0.5134,0.2555,1.0,1.0,1.0,1.0,Case D (Missed Security Similarity)
devign,id_10190_label_False_qemu.c_11,0,,1,3,id_12088_label_True_qemu.c_1859,1,memcpy|free|malloc,2,0.1132,0.4574,0.2165,0.0,0.5,0.3333,0.25,Uncorrelated / Low Similarity
devign,id_10190_label_False_qemu.c_11,0,,1,4,id_11004_label_False_qemu.c_892,0,,2,0.13,0.4118,0.2145,1.0,0.5,0.6667,0.75,Case D (Missed Security Similarity)
devign,id_10190_label_False_qemu.c_11,0,,1,5,id_13245_label_True_qemu.c_2889,1,fprintf|recv|send,2,0.1304,0.3239,0.1885,0.0,0.5,0.6667,0.35,Uncorrelated / Low Similarity
devign,id_10192_label_False_qemu.c_12,0,memcpy,1,1,id_11099_label_True_qemu.c_977,1,fprintf,2,0.0947,0.5215,0.2228,0.0,0.5,1.0,0.45,Uncorrelated / Low Similarity
devign,id_10192_label_False_qemu.c_12,0,memcpy,1,2,id_1298_label_False_qemu.c_2661,0,,2,0.0978,0.5,0.2185,0.0,0.5,0.6667,0.35,Uncorrelated / Low Similarity
devign,id_10192_label_False_qemu.c_12,0,memcpy,1,3,id_12898_label_False_qemu.c_2575,0,,1,0.092,0.4399,0.1963,0.0,1.0,0.6667,0.5,Case D (Missed Security Similarity)
devign,id_10192_label_False_qemu.c_12,0,memcpy,1,4,id_10569_label_False_qemu.c_514,0,fprintf,2,0.0874,0.3272,0.1593,0.0,0.5,1.0,0.45,Uncorrelated / Low Similarity
devign,id_10192_label_False_qemu.c_12,0,memcpy,1,5,id_12189_label_True_qemu.c_1945,1,,2,0.084,0.3312,0.1581,0.0,0.5,1.0,0.45,Uncorrelated / Low Similarity
devign,id_10194_label_False_qemu.c_13,0,fprintf,1,1,id_11557_label_True_qemu.c_1387,1,,1,0.1026,0.3494,0.1766,0.0,1.0,0.6667,0.5,Case D (Missed Security Similarity)
devign,id_10194_label_False_qemu.c_13,0,fprintf,1,2,id_10732_label_True_qemu.c_656,1,,1,0.0833,0.3892,0.1751,0.0,1.0,1.0,0.6,Case D (Missed Security Similarity)
devign,id_10194_label_False_qemu.c_13,0,fprintf,1,3,id_11741_label_True_qemu.c_1555,1,fprintf,1,0.0769,0.268,0.1343,1.0,1.0,1.0,1.0,Case D (Missed Security Similarity)
devign,id_10194_label_False_qemu.c_13,0,fprintf,1,4,id_11591_label_False_FFmpeg.c_1423,0,memset,2,0.0874,0.2104,0.1243,0.0,0.5,0.6667,0.35,Uncorrelated / Low Similarity
devign,id_10194_label_False_qemu.c_13,0,fprintf,1,5,id_10467_label_True_qemu.c_420,1,,0,0.1389,0.0099,0.1002,0.0,0.0,1.0,0.3,Uncorrelated / Low Similarity
devign,id_10213_label_False_FFmpeg.c_14,0,,1,1,id_13115_label_True_qemu.c_2772,1,,3,0.0621,0.7074,0.2557,1.0,0.3333,1.0,0.8,Case D (Missed Security Similarity)
devign,id_10213_label_False_FFmpeg.c_14,0,,1,2,id_12872_label_False_qemu.c_2549,0,,1,0.0891,0.5672,0.2325,1.0,1.0,0.6667,0.9,Case D (Missed Security Similarity)
devign,id_10213_label_False_FFmpeg.c_14,0,,1,3,id_10706_label_False_qemu.c_634,0,,2,0.0833,0.4413,0.1907,1.0,0.5,0.6667,0.75,Case D (Missed Security Similarity)
devign,id_10213_label_False_FFmpeg.c_14,0,,1,4,id_12127_label_False_qemu.c_1889,0,,1,0.0619,0.397,0.1624,1.0,1.0,0.6667,0.9,Case D (Missed Security Similarity)
devign,id_10213_label_False_FFmpeg.c_14,0,,1,5,id_10214_label_True_qemu.c_199,1,,0,0.0588,0.3567,0.1482,1.0,0.0,0.3333,0.5,Case D (Missed Security Similarity)
devign,id_10233_label_False_FFmpeg.c_15,0,,1,1,id_11802_label_True_FFmpeg.c_1616,1,,1,0.6821,0.9577,0.7647,1.0,1.0,1.0,1.0,Case C (Dangerous - Label Mismatch)
devign,id_10233_label_False_FFmpeg.c_15,0,,1,2,id_11429_label_False_FFmpeg.c_1277,0,,1,0.1411,0.6316,0.2882,1.0,1.0,1.0,1.0,Case D (Missed Security Similarity)
devign,id_10233_label_False_FFmpeg.c_15,0,,1,3,id_12352_label_False_FFmpeg.c_2088,0,,1,0.1418,0.4646,0.2386,1.0,1.0,1.0,1.0,Case D (Missed Security Similarity)
devign,id_10233_label_False_FFmpeg.c_15,0,,1,4,id_11489_label_True_FFmpeg.c_1329,1,printf,1,0.0924,0.5531,0.2306,0.0,1.0,1.0,0.6,Case D (Missed Security Similarity)
devign,id_10233_label_False_FFmpeg.c_15,0,,1,5,id_12333_label_False_FFmpeg.c_2069,0,,1,0.1368,0.395,0.2143,1.0,1.0,1.0,1.0,Case D (Missed Security Similarity)
devign,id_10244_label_False_FFmpeg.c_16,0,memcpy,1,1,id_1330_label_True_FFmpeg.c_2948,1,memcpy,1,0.8881,0.9915,0.9191,1.0,1.0,1.0,1.0,Case C (Dangerous - Label Mismatch)
devign,id_10244_label_False_FFmpeg.c_16,0,memcpy,1,2,id_11948_label_False_FFmpeg.c_1740,0,,1,0.0949,0.9862,0.3623,0.0,1.0,1.0,0.6,Case D (Missed Security Similarity)
devign,id_10244_label_False_FFmpeg.c_16,0,memcpy,1,3,id_12612_label_True_FFmpeg.c_2325,1,memset,3,0.0888,0.5237,0.2193,0.0,0.3333,1.0,0.4,Uncorrelated / Low Similarity
devign,id_10244_label_False_FFmpeg.c_16,0,memcpy,1,4,id_11321_label_False_FFmpeg.c_1183,0,,2,0.0716,0.253,0.126,0.0,0.5,1.0,0.45,Uncorrelated / Low Similarity
devign,id_10244_label_False_FFmpeg.c_16,0,memcpy,1,5,id_10823_label_True_FFmpeg.c_735,1,,1,0.0986,0.0126,0.0728,0.0,1.0,0.6667,0.5,Case D (Missed Security Similarity)
devign,id_10253_label_False_FFmpeg.c_17,0,,1,1,id_12982_label_True_FFmpeg.c_2655,1,memset,2,0.1076,0.8004,0.3154,0.0,0.5,1.0,0.45,Uncorrelated / Low Similarity
devign,id_10253_label_False_FFmpeg.c_17,0,,1,2,id_11515_label_True_FFmpeg.c_1353,1,memcpy,2,0.0978,0.7975,0.3077,0.0,0.5,0.6667,0.35,Uncorrelated / Low Similarity
devign,id_10253_label_False_FFmpeg.c_17,0,,1,3,id_10111_label_True_FFmpeg.c_105,1,,1,0.1169,0.718,0.2973,1.0,1.0,0.6667,0.9,Case D (Missed Security Similarity)
devign,id_10253_label_False_FFmpeg.c_17,0,,1,4,id_13317_label_True_FFmpeg.c_2954,1,memset,1,0.1276,0.3962,0.2081,0.0,1.0,0.6667,0.5,Case D (Missed Security Similarity)
devign,id_10253_label_False_FFmpeg.c_17,0,,1,5,id_13287_label_False_FFmpeg.c_2927,0,memset|memcpy,1,0.1018,0.333,0.1711,0.0,1.0,0.6667,0.5,Case D (Missed Security Similarity)
devign,id_10266_label_False_qemu.c_18,0,,2,1,id_11751_label_True_qemu.c_1562,1,open|read,2,0.0389,0.7126,0.241,0.0,1.0,1.0,0.6,Case D (Missed Security Similarity)
devign,id_10266_label_False_qemu.c_18,0,,2,2,id_11532_label_True_qemu.c_1365,1,,3,0.0882,0.47,0.2028,1.0,0.6667,1.0,0.9,Case D (Missed Security Similarity)
devign,id_10266_label_False_qemu.c_18,0,,2,3,id_1146_label_True_qemu.c_1309,1,,3,0.082,0.4691,0.1981,1.0,0.6667,1.0,0.9,Case D (Missed Security Similarity)
devign,id_10266_label_False_qemu.c_18,0,,2,4,id_11371_label_True_qemu.c_1226,1,,2,0.0625,0.469,0.1844,1.0,0.3333,1.0,0.8,Case D (Missed Security Similarity)
devign,id_10266_label_False_qemu.c_18,0,,2,5,id_10929_label_False_qemu.c_825,0,,2,0.0548,0.0141,0.0426,1.0,0.3333,1.0,0.8,Case D (Missed Security Similarity)
devign,id_10268_label_False_qemu.c_19,0,,1,1,id_12641_label_False_qemu.c_2352,0,,1,0.6923,0.7366,0.7056,1.0,1.0,1.0,1.0,Case A (Good)
devign,id_10268_label_False_qemu.c_19,0,,1,2,id_12735_label_False_qemu.c_2432,0,,1,0.5,0.7366,0.571,1.0,1.0,1.0,1.0,Case A (Good)
devign,id_10268_label_False_qemu.c_19,0,,1,3,id_11161_label_True_qemu.c_1032,1,,0,0.0833,0.5399,0.2203,1.0,0.0,1.0,0.7,Case D (Missed Security Similarity)
devign,id_10268_label_False_qemu.c_19,0,,1,4,id_10743_label_True_qemu.c_663,1,,0,0.0833,0.5399,0.2203,1.0,0.0,1.0,0.7,Case D (Missed Security Similarity)
devign,id_10268_label_False_qemu.c_19,0,,1,5,id_11670_label_False_qemu.c_1492,0,,0,0.087,0.4784,0.2044,1.0,0.0,1.0,0.7,Case D (Missed Security Similarity)
devign,id_10269_label_False_qemu.c_20,0,,2,1,id_10094_label_False_qemu.c_87,0,send,2,0.1341,0.7262,0.3118,0.0,1.0,1.0,0.6,Case D (Missed Security Similarity)
devign,id_10269_label_False_qemu.c_20,0,,2,2,id_1176_label_False_qemu.c_1582,0,,1,0.1791,0.5099,0.2784,1.0,0.5,1.0,0.85,Case D (Missed Security Similarity)
devign,id_10269_label_False_qemu.c_20,0,,2,3,id_12088_label_True_qemu.c_1859,1,memcpy|free|malloc,2,0.1081,0.41,0.1987,0.0,1.0,0.6667,0.5,Case D (Missed Security Similarity)
devign,id_10269_label_False_qemu.c_20,0,,2,4,id_10719_label_False_qemu.c_648,0,,1,0.0818,0.3827,0.1721,1.0,0.5,1.0,0.85,Case D (Missed Security Similarity)
devign,id_10269_label_False_qemu.c_20,0,,2,5,id_1289_label_False_qemu.c_2577,0,,1,0.1268,0.2772,0.1719,1.0,0.5,1.0,0.85,Case D (Missed Security Similarity)
devign,id_10278_label_False_qemu.c_21,0,,1,1,id_12588_label_True_qemu.c_2300,1,,1,0.2619,0.7732,0.4153,1.0,1.0,1.0,1.0,Case C (Dangerous - Label Mismatch)
devign,id_10278_label_False_qemu.c_21,0,,1,2,id_10968_label_True_qemu.c_859,1,memcpy,1,0.25,0.5335,0.335,0.0,1.0,1.0,0.6,Case C (Dangerous - Label Mismatch)
devign,id_10278_label_False_qemu.c_21,0,,1,3,id_11918_label_False_qemu.c_1716,0,memcpy,1,0.1863,0.5876,0.3067,0.0,1.0,1.0,0.6,Case D (Missed Security Similarity)
devign,id_10278_label_False_qemu.c_21,0,,1,4,id_10567_label_False_qemu.c_512,0,,1,0.2302,0.4802,0.3052,1.0,1.0,1.0,1.0,Case D (Missed Security Similarity)
devign,id_10278_label_False_qemu.c_21,0,,1,5,id_12146_label_False_qemu.c_1902,0,,1,0.0714,0.4413,0.1824,1.0,1.0,0.6667,0.9,Case D (Missed Security Similarity)
devign,id_10282_label_False_qemu.c_22,0,,2,1,id_11186_label_False_qemu.c_1058,0,,2,0.3519,0.8076,0.4886,1.0,1.0,0.6667,0.9,Case A (Good)
devign,id_10282_label_False_qemu.c_22,0,,2,2,id_10581_label_False_qemu.c_525,0,,2,0.3273,0.8076,0.4714,1.0,1.0,0.6667,0.9,Case A (Good)
devign,id_10282_label_False_qemu.c_22,0,,2,3,id_1083_label_False_qemu.c_750,0,,3,0.25,0.8157,0.4197,1.0,0.6667,0.6667,0.8,Case A (Good)
devign,id_10282_label_False_qemu.c_22,0,,2,4,id_12583_label_True_qemu.c_2296,1,,3,0.2239,0.8157,0.4014,1.0,0.6667,0.6667,0.8,Case D (Missed Security Similarity)
devign,id_10282_label_False_qemu.c_22,0,,2,5,id_1047_label_True_qemu.c_430,1,,3,0.2113,0.7936,0.386,1.0,0.6667,0.6667,0.8,Case D (Missed Security Similarity)
devign,id_10291_label_False_qemu.c_23,0,,1,1,id_12260_label_True_qemu.c_2006,1,,1,0.1111,0.6174,0.263,1.0,1.0,1.0,1.0,Case D (Missed Security Similarity)
devign,id_10291_label_False_qemu.c_23,0,,1,2,id_10994_label_False_qemu.c_881,0,send,1,0.1078,0.4372,0.2066,0.0,1.0,0.6667,0.5,Case D (Missed Security Similarity)
devign,id_10291_label_False_qemu.c_23,0,,1,3,id_11658_label_True_qemu.c_1480,1,,1,0.134,0.3626,0.2026,1.0,1.0,0.6667,0.9,Case D (Missed Security Similarity)
devign,id_10291_label_False_qemu.c_23,0,,1,4,id_12494_label_True_qemu.c_2210,1,memset,1,0.1217,0.1744,0.1375,0.0,1.0,1.0,0.6,Case D (Missed Security Similarity)
devign,id_10291_label_False_qemu.c_23,0,,1,5,id_11804_label_True_qemu.c_1618,1,,1,0.0595,0.1089,0.0743,1.0,1.0,0.6667,0.9,Case D (Missed Security Similarity)
devign,id_10295_label_False_qemu.c_24,0,,1,1,id_11287_label_True_qemu.c_1154,1,fprintf,2,0.5695,0.7657,0.6283,0.0,0.5,1.0,0.45,Case C (Dangerous - Label Mismatch)
devign,id_10295_label_False_qemu.c_24,0,,1,2,id_10209_label_False_qemu.c_195,0,,1,0.0101,0.403,0.128,1.0,1.0,0.6667,0.9,Case D (Missed Security Similarity)
devign,id_10295_label_False_qemu.c_24,0,,1,3,id_12792_label_True_qemu.c_2479,1,,2,0.0147,0.2599,0.0882,1.0,0.5,0.6667,0.75,Case D (Missed Security Similarity)
devign,id_10295_label_False_qemu.c_24,0,,1,4,id_13304_label_True_qemu.c_2943,1,,1,0.0157,0.1125,0.0448,1.0,1.0,0.6667,0.9,Case D (Missed Security Similarity)
devign,id_10295_label_False_qemu.c_24,0,,1,5,id_10314_label_False_qemu.c_287,0,,1,0.0238,0.0109,0.0199,1.0,1.0,1.0,1.0,Case D (Missed Security Similarity)
devign,id_10308_label_False_FFmpeg.c_25,0,printf,1,1,id_12506_label_True_FFmpeg.c_2222,1,printf,1,0.621,0.0095,0.4376,1.0,1.0,1.0,1.0,Case C (Dangerous - Label Mismatch)
devign,id_10308_label_False_FFmpeg.c_25,0,printf,1,2,id_12808_label_True_FFmpeg.c_2492,1,,1,0.3169,0.1214,0.2582,0.0,1.0,1.0,0.6,Case C (Dangerous - Label Mismatch)
devign,id_10308_label_False_FFmpeg.c_25,0,printf,1,3,id_12497_label_True_FFmpeg.c_2213,1,,1,0.0756,0.4191,0.1786,0.0,1.0,1.0,0.6,Case D (Missed Security Similarity)
devign,id_10308_label_False_FFmpeg.c_25,0,printf,1,4,id_10799_label_True_FFmpeg.c_712,1,,1,0.07,0.3891,0.1657,0.0,1.0,1.0,0.6,Case D (Missed Security Similarity)
devign,id_10308_label_False_FFmpeg.c_25,0,printf,1,5,id_11256_label_True_FFmpeg.c_1125,1,,1,0.0926,0.1215,0.1013,0.0,1.0,1.0,0.6,Case D (Missed Security Similarity)
devign,id_10316_label_False_qemu.c_26,0,,0,1,id_10978_label_False_qemu.c_867,0,,1,0.25,0.324,0.2722,1.0,0.0,1.0,0.7,Case A (Good)
devign,id_10316_label_False_qemu.c_26,0,,0,2,id_13354_label_False_qemu.c_2989,0,,1,0.2143,0.3355,0.2506,1.0,0.0,1.0,0.7,Case D (Missed Security Similarity)
devign,id_10316_label_False_qemu.c_26,0,,0,3,id_12633_label_False_qemu.c_2344,0,strcmp,1,0.0566,0.2534,0.1156,0.0,0.0,0.6667,0.2,Uncorrelated / Low Similarity
devign,id_10316_label_False_qemu.c_26,0,,0,4,id_11771_label_False_qemu.c_1584,0,,1,0.0444,0.2013,0.0915,1.0,0.0,1.0,0.7,Case D (Missed Security Similarity)
devign,id_10316_label_False_qemu.c_26,0,,0,5,id_11601_label_False_qemu.c_1432,0,,1,0.0588,0.1632,0.0901,1.0,0.0,1.0,0.7,Case D (Missed Security Similarity)
devign,id_10322_label_False_qemu.c_27,0,,1,1,id_10248_label_False_qemu.c_227,0,,1,0.3333,0.6679,0.4337,1.0,1.0,1.0,1.0,Case A (Good)
devign,id_10322_label_False_qemu.c_27,0,,1,2,id_10367_label_False_qemu.c_332,0,,0,0.3333,0.6466,0.4273,1.0,0.0,0.6667,0.6,Case A (Good)
devign,id_10322_label_False_qemu.c_27,0,,1,3,id_1100_label_False_qemu.c_897,0,,0,0.3333,0.5589,0.401,1.0,0.0,0.6667,0.6,Case A (Good)
devign,id_10322_label_False_qemu.c_27,0,,1,4,id_12262_label_True_qemu.c_2008,1,,0,0.3333,0.5589,0.401,1.0,0.0,0.6667,0.6,Case C (Dangerous - Label Mismatch)
devign,id_10322_label_False_qemu.c_27,0,,1,5,id_11891_label_True_qemu.c_1691,1,,0,0.3077,0.2612,0.2937,1.0,0.0,0.6667,0.6,Case C (Dangerous - Label Mismatch)
devign,id_10327_label_False_qemu.c_28,0,write,1,1,id_10890_label_False_qemu.c_791,0,,1,0.2071,0.7844,0.3803,0.0,1.0,1.0,0.6,Case D (Missed Security Similarity)
devign,id_10327_label_False_qemu.c_28,0,write,1,2,id_1204_label_False_qemu.c_1826,0,,1,0.192,0.6562,0.3313,0.0,1.0,0.6667,0.5,Case D (Missed Security Similarity)
devign,id_10327_label_False_qemu.c_28,0,write,1,3,id_12705_label_False_qemu.c_2404,0,write,1,0.1453,0.7378,0.323,1.0,1.0,1.0,1.0,Case D (Missed Security Similarity)
devign,id_10327_label_False_qemu.c_28,0,write,1,4,id_11588_label_True_FFmpeg.c_1419,1,,1,0.0896,0.5699,0.2337,0.0,1.0,1.0,0.6,Case D (Missed Security Similarity)
devign,id_10327_label_False_qemu.c_28,0,write,1,5,id_12673_label_False_qemu.c_2375,0,fprintf,1,0.1308,0.3863,0.2074,0.0,1.0,1.0,0.6,Case D (Missed Security Similarity)
devign,id_10333_label_False_qemu.c_29,0,,1,1,id_10082_label_False_qemu.c_74,0,write,1,0.3929,0.8546,0.5314,0.0,1.0,1.0,0.6,Case A (Good)
devign,id_10333_label_False_qemu.c_29,0,,1,2,id_10489_label_False_qemu.c_438,0,,1,0.1731,0.6641,0.3204,1.0,1.0,1.0,1.0,Case D (Missed Security Similarity)
devign,id_10333_label_False_qemu.c_29,0,,1,3,id_11994_label_True_qemu.c_1774,1,,0,0.0556,0.175,0.0914,1.0,0.0,0.6667,0.6,Case D (Missed Security Similarity)
devign,id_10333_label_False_qemu.c_29,0,,1,4,id_1095_label_False_qemu.c_854,0,,1,0.0076,0.2122,0.069,1.0,1.0,1.0,1.0,Case D (Missed Security Similarity)
devign,id_10333_label_False_qemu.c_29,0,,1,5,id_10527_label_False_qemu.c_473,0,,0,0.0541,0.0854,0.0635,1.0,0.0,0.6667,0.6,Case D (Missed Security Similarity)
devign,id_10338_label_False_qemu.c_30,0,printf,0,1,id_11039_label_True_qemu.c_923,1,,0,0.0714,0.5616,0.2185,0.0,1.0,1.0,0.6,Case D (Missed Security Similarity)
devign,id_10338_label_False_qemu.c_30,0,printf,0,2,id_10743_label_True_qemu.c_663,1,,0,0.0488,0.5598,0.2021,0.0,1.0,1.0,0.6,Case D (Missed Security Similarity)
devign,id_10338_label_False_qemu.c_30,0,printf,0,3,id_11161_label_True_qemu.c_1032,1,,0,0.0488,0.5598,0.2021,0.0,1.0,1.0,0.6,Case D (Missed Security Similarity)
devign,id_10338_label_False_qemu.c_30,0,printf,0,4,id_12641_label_False_qemu.c_2352,0,,1,0.0526,0.542,0.1995,0.0,0.0,1.0,0.3,Uncorrelated / Low Similarity
devign,id_10338_label_False_qemu.c_30,0,printf,0,5,id_11670_label_False_qemu.c_1492,0,,0,0.05,0.4981,0.1844,0.0,1.0,1.0,0.6,Case D (Missed Security Similarity)
devign,id_10351_label_True_qemu.c_31,1,,2,1,id_12521_label_True_qemu.c_2237,1,fprintf,1,0.0898,0.5723,0.2346,0.0,0.5,0.6667,0.35,Uncorrelated / Low Similarity
devign,id_10351_label_True_qemu.c_31,1,,2,2,id_11640_label_False_qemu.c_1465,0,,1,0.0823,0.5832,0.2326,1.0,0.5,0.6667,0.75,Case D (Missed Security Similarity)
devign,id_10351_label_True_qemu.c_31,1,,2,3,id_12069_label_True_qemu.c_1843,1,,1,0.0973,0.3366,0.1691,1.0,0.5,0.6667,0.75,Case D (Missed Security Similarity)
devign,id_10351_label_True_qemu.c_31,1,,2,4,id_12831_label_False_qemu.c_2510,0,,1,0.0476,0.3516,0.1388,1.0,0.5,0.6667,0.75,Case D (Missed Security Similarity)
devign,id_10351_label_True_qemu.c_31,1,,2,5,id_11130_label_False_qemu.c_1007,0,,1,0.0691,0.1524,0.0941,1.0,0.5,0.6667,0.75,Case D (Missed Security Similarity)
devign,id_10355_label_True_qemu.c_32,1,memcpy|free,1,1,id_10300_label_False_qemu.c_273,0,,3,0.075,0.3931,0.1704,0.0,0.3333,0.6667,0.3,Uncorrelated / Low Similarity
devign,id_10355_label_True_qemu.c_32,1,memcpy|free,1,2,id_10400_label_False_FFmpeg.c_360,0,,1,0.0811,0.363,0.1657,0.0,1.0,0.3333,0.4,Uncorrelated / Low Similarity
devign,id_10355_label_True_qemu.c_32,1,memcpy|free,1,3,id_10336_label_False_qemu.c_306,0,,3,0.0661,0.3896,0.1632,0.0,0.3333,0.6667,0.3,Uncorrelated / Low Similarity
devign,id_10355_label_True_qemu.c_32,1,memcpy|free,1,4,id_10139_label_False_qemu.c_129,0,,1,0.0635,0.3333,0.1444,0.0,1.0,0.6667,0.5,Case D (Missed Security Similarity)
devign,id_10355_label_True_qemu.c_32,1,memcpy|free,1,5,id_11505_label_True_qemu.c_1343,1,,2,0.0451,0.367,0.1417,0.0,0.5,0.6667,0.35,Uncorrelated / Low Similarity
devign,id_1035_label_True_FFmpeg.c_33,1,,0,1,id_10882_label_False_qemu.c_784,0,,0,0.4545,0.7581,0.5456,1.0,1.0,0.6667,0.9,Case C (Dangerous - Label Mismatch)
devign,id_1035_label_True_FFmpeg.c_33,1,,0,2,id_11339_label_True_qemu.c_1198,1,,0,0.375,0.7943,0.5008,1.0,1.0,1.0,1.0,Case A (Good)
devign,id_1035_label_True_FFmpeg.c_33,1,,0,3,id_11675_label_False_qemu.c_1496,0,,0,0.3333,0.7614,0.4618,1.0,1.0,1.0,1.0,Case C (Dangerous - Label Mismatch)
devign,id_1035_label_True_FFmpeg.c_33,1,,0,4,id_11891_label_True_qemu.c_1691,1,,0,0.3077,0.777,0.4485,1.0,1.0,0.6667,0.9,Case A (Good)
devign,id_1035_label_True_FFmpeg.c_33,1,,0,5,id_11800_label_True_qemu.c_1614,1,,1,0.2667,0.6389,0.3783,1.0,0.0,1.0,0.7,Case A (Good)
devign,id_10364_label_False_qemu.c_34,0,,3,1,id_12725_label_False_qemu.c_2423,0,,2,0.0566,0.5005,0.1898,1.0,0.6667,1.0,0.9,Case D (Missed Security Similarity)
devign,id_10364_label_False_qemu.c_34,0,,3,2,id_12230_label_True_qemu.c_1979,1,read,3,0.0647,0.4106,0.1685,0.0,1.0,0.6667,0.5,Case D (Missed Security Similarity)
devign,id_10364_label_False_qemu.c_34,0,,3,3,id_10337_label_False_qemu.c_307,0,,3,0.0337,0.2181,0.089,1.0,0.5,1.0,0.85,Case D (Missed Security Similarity)
devign,id_10364_label_False_qemu.c_34,0,,3,4,id_11262_label_False_qemu.c_1131,0,,3,0.0337,0.1522,0.0692,1.0,0.5,1.0,0.85,Case D (Missed Security Similarity)
devign,id_10364_label_False_qemu.c_34,0,,3,5,id_12744_label_False_qemu.c_2441,0,,1,0.0455,0.1112,0.0652,1.0,0.3333,1.0,0.8,Case D (Missed Security Similarity)
devign,id_10370_label_False_qemu.c_35,0,,3,1,id_1157_label_False_qemu.c_1410,0,,0,0.1724,0.482,0.2653,1.0,0.0,1.0,0.7,Case D (Missed Security Similarity)
devign,id_10370_label_False_qemu.c_35,0,,3,2,id_10337_label_False_qemu.c_307,0,,3,0.129,0.513,0.2442,1.0,0.5,1.0,0.85,Case D (Missed Security Similarity)
devign,id_10370_label_False_qemu.c_35,0,,3,3,id_11262_label_False_qemu.c_1131,0,,3,0.129,0.3612,0.1987,1.0,0.5,1.0,0.85,Case D (Missed Security Similarity)
devign,id_10370_label_False_qemu.c_35,0,,3,4,id_12230_label_True_qemu.c_1979,1,read,3,0.042,0.4485,0.164,0.0,1.0,0.6667,0.5,Case D (Missed Security Similarity)
devign,id_10370_label_False_qemu.c_35,0,,3,5,id_12744_label_False_qemu.c_2441,0,,1,0.129,0.0112,0.0937,1.0,0.3333,1.0,0.8,Case D (Missed Security Similarity)
devign,id_10374_label_False_qemu.c_36,0,,0,1,id_10541_label_False_qemu.c_488,0,,2,0.08,0.2987,0.1456,1.0,0.0,1.0,0.7,Case D (Missed Security Similarity)
devign,id_10374_label_False_qemu.c_36,0,,0,2,id_11769_label_False_qemu.c_1581,0,,1,0.1212,0.1516,0.1303,1.0,0.0,1.0,0.7,Case D (Missed Security Similarity)
devign,id_10374_label_False_qemu.c_36,0,,0,3,id_1213_label_False_qemu.c_1897,0,,3,0.0577,0.2298,0.1093,1.0,0.0,1.0,0.7,Case D (Missed Security Similarity)
devign,id_10374_label_False_qemu.c_36,0,,0,4,id_1159_label_False_qemu.c_1429,0,close|open,2,0.0727,0.1708,0.1021,0.0,0.0,1.0,0.3,Uncorrelated / Low Similarity
devign,id_10374_label_False_qemu.c_36,0,,0,5,id_11049_label_True_qemu.c_933,1,close|recv|snprintf,3,0.0441,0.1777,0.0842,0.0,0.0,1.0,0.3,Uncorrelated / Low Similarity
devign,id_10385_label_False_qemu.c_37,0,,3,1,id_11401_label_False_qemu.c_1252,0,,1,0.1091,0.6844,0.2817,1.0,0.3333,1.0,0.8,Case D (Missed Security Similarity)
devign,id_10385_label_False_qemu.c_37,0,,3,2,id_11598_label_False_qemu.c_1427,0,,1,0.1111,0.143,0.1207,1.0,0.3333,0.6667,0.7,Case D (Missed Security Similarity)
devign,id_10385_label_False_qemu.c_37,0,,3,3,id_13331_label_True_qemu.c_2969,1,,2,0.0946,0.011,0.0695,1.0,0.6667,0.6667,0.8,Case D (Missed Security Similarity)
devign,id_10385_label_False_qemu.c_37,0,,3,4,id_11035_label_True_qemu.c_919,1,,1,0.08,0.0104,0.0591,1.0,0.3333,0.6667,0.7,Case D (Missed Security Similarity)
devign,id_10385_label_False_qemu.c_37,0,,3,5,id_12196_label_True_qemu.c_1950,1,,1,0.0323,0.1179,0.058,1.0,0.3333,1.0,0.8,Case D (Missed Security Similarity)
devign,id_1038_label_True_qemu.c_38,1,,2,1,id_10342_label_False_qemu.c_311,0,,2,0.1538,0.7018,0.3182,1.0,1.0,1.0,1.0,Case D (Missed Security Similarity)
devign,id_1038_label_True_qemu.c_38,1,,2,2,id_12737_label_False_qemu.c_2434,0,,1,0.1506,0.6889,0.3121,1.0,0.5,1.0,0.85,Case D (Missed Security Similarity)
devign,id_1038_label_True_qemu.c_38,1,,2,3,id_1026_label_True_qemu.c_246,1,,3,0.0913,0.6957,0.2726,1.0,0.6667,1.0,0.9,Case D (Missed Security Similarity)
devign,id_1038_label_True_qemu.c_38,1,,2,4,id_10189_label_False_qemu.c_177,0,,1,0.1071,0.4851,0.2205,1.0,0.5,1.0,0.85,Case D (Missed Security Similarity)
devign,id_1038_label_True_qemu.c_38,1,,2,5,id_11271_label_False_qemu.c_1137,0,send,2,0.1111,0.3978,0.1971,0.0,1.0,1.0,0.6,Case D (Missed Security Similarity)
devign,id_10406_label_True_qemu.c_39,1,,3,1,id_10618_label_True_qemu.c_554,1,memcpy,1,0.0472,0.6265,0.221,0.0,0.3333,1.0,0.4,Uncorrelated / Low Similarity
devign,id_10406_label_True_qemu.c_39,1,,3,2,id_12791_label_True_qemu.c_2478,1,strcmp,2,0.043,0.592,0.2077,0.0,0.6667,0.6667,0.4,Uncorrelated / Low Similarity
devign,id_10406_label_True_qemu.c_39,1,,3,3,id_10198_label_False_qemu.c_182,0,,1,0.0448,0.5559,0.1981,1.0,0.3333,1.0,0.8,Case D (Missed Security Similarity)
devign,id_10406_label_True_qemu.c_39,1,,3,4,id_11710_label_True_qemu.c_1527,1,system,2,0.0239,0.54,0.1787,0.0,0.6667,1.0,0.5,Case D (Missed Security Similarity)
devign,id_10406_label_True_qemu.c_39,1,,3,5,id_12096_label_True_qemu.c_1865,1,,1,0.0404,0.1499,0.0732,1.0,0.3333,0.6667,0.7,Case D (Missed Security Similarity)
devign,id_1040_label_True_qemu.c_40,1,,0,1,id_11476_label_True_qemu.c_1316,1,,1,0.4,0.2822,0.3647,1.0,0.0,1.0,0.7,Case A (Good)
devign,id_1040_label_True_qemu.c_40,1,,0,2,id_10116_label_True_qemu.c_109,1,,1,0.3333,0.3653,0.3429,1.0,0.0,1.0,0.7,Case A (Good)
devign,id_1040_label_True_qemu.c_40,1,,0,3,id_12978_label_True_qemu.c_2650,1,,1,0.2759,0.0312,0.2025,1.0,0.0,1.0,0.7,Case A (Good)
devign,id_1040_label_True_qemu.c_40,1,,0,4,id_10761_label_True_qemu.c_679,1,,1,0.2759,0.0312,0.2025,1.0,0.0,1.0,0.7,Case A (Good)
devign,id_1040_label_True_qemu.c_40,1,,0,5,id_10742_label_True_qemu.c_662,1,,1,0.2727,0.0114,0.1943,1.0,0.0,1.0,0.7,Case A (Good)
devign,id_10410_label_False_FFmpeg.c_41,0,,1,1,id_11064_label_False_FFmpeg.c_949,0,,1,0.48,0.5187,0.4916,1.0,1.0,1.0,1.0,Case A (Good)
devign,id_10410_label_False_FFmpeg.c_41,0,,1,2,id_12413_label_False_FFmpeg.c_2134,0,,1,0.3182,0.2678,0.3031,1.0,1.0,1.0,1.0,Case A (Good)
devign,id_10410_label_False_FFmpeg.c_41,0,,1,3,id_13219_label_True_FFmpeg.c_2864,1,,1,0.2759,0.3326,0.2929,1.0,1.0,1.0,1.0,Case C (Dangerous - Label Mismatch)
devign,id_10410_label_False_FFmpeg.c_41,0,,1,4,id_12818_label_True_FFmpeg.c_2499,1,,2,0.1622,0.3587,0.2211,1.0,0.5,1.0,0.85,Case D (Missed Security Similarity)
devign,id_10410_label_False_FFmpeg.c_41,0,,1,5,id_10657_label_False_FFmpeg.c_592,0,,1,0.0909,0.2606,0.1418,1.0,1.0,1.0,1.0,Case D (Missed Security Similarity)
devign,id_10414_label_True_FFmpeg.c_42,1,,1,1,id_12393_label_False_FFmpeg.c_2118,0,,1,0.183,0.4152,0.2527,1.0,1.0,0.6667,0.9,Case D (Missed Security Similarity)
devign,id_10414_label_True_FFmpeg.c_42,1,,1,2,id_11846_label_False_FFmpeg.c_1653,0,,1,0.1381,0.4057,0.2184,1.0,1.0,1.0,1.0,Case D (Missed Security Similarity)
devign,id_10414_label_True_FFmpeg.c_42,1,,1,3,id_11040_label_False_FFmpeg.c_925,0,,1,0.1016,0.2949,0.1596,1.0,1.0,1.0,1.0,Case D (Missed Security Similarity)
devign,id_10414_label_True_FFmpeg.c_42,1,,1,4,id_11935_label_True_FFmpeg.c_1731,1,,2,0.0872,0.099,0.0907,1.0,0.5,1.0,0.85,Case D (Missed Security Similarity)
devign,id_10414_label_True_FFmpeg.c_42,1,,1,5,id_10864_label_True_FFmpeg.c_769,1,,1,0.1152,0.009,0.0833,1.0,1.0,0.6667,0.9,Case D (Missed Security Similarity)
devign,id_10416_label_True_qemu.c_43,1,,1,1,id_1293_label_False_qemu.c_2615,0,read,2,0.2179,0.5791,0.3263,0.0,0.5,1.0,0.45,Uncorrelated / Low Similarity
devign,id_10416_label_True_qemu.c_43,1,,1,2,id_11607_label_False_qemu.c_1438,0,,2,0.1152,0.3681,0.191,1.0,0.0,1.0,0.7,Case D (Missed Security Similarity)
devign,id_10416_label_True_qemu.c_43,1,,1,3,id_11090_label_False_FFmpeg.c_969,0,,1,0.0702,0.408,0.1715,1.0,1.0,0.6667,0.9,Case D (Missed Security Similarity)
devign,id_10416_label_True_qemu.c_43,1,,1,4,id_13041_label_True_FFmpeg.c_2705,1,,3,0.0725,0.0124,0.0545,1.0,0.3333,0.6667,0.7,Case D (Missed Security Similarity)
devign,id_10416_label_True_qemu.c_43,1,,1,5,id_13032_label_True_qemu.c_2700,1,,3,0.0426,0.0091,0.0325,1.0,0.3333,1.0,0.8,Case D (Missed Security Similarity)
devign,id_10429_label_False_FFmpeg.c_44,0,,0,1,id_12416_label_False_FFmpeg.c_2137,0,,0,0.7273,1.0,0.8091,1.0,1.0,1.0,1.0,Case A (Good)
devign,id_10429_label_False_FFmpeg.c_44,0,,0,2,id_13283_label_False_FFmpeg.c_2923,0,,0,0.6818,0.9307,0.7565,1.0,1.0,1.0,1.0,Case A (Good)
devign,id_10429_label_False_FFmpeg.c_44,0,,0,3,id_13082_label_False_FFmpeg.c_2742,0,,0,0.6818,0.8671,0.7374,1.0,1.0,1.0,1.0,Case A (Good)
devign,id_10429_label_False_FFmpeg.c_44,0,,0,4,id_1325_label_False_FFmpeg.c_2902,0,,0,0.56,0.7198,0.6079,1.0,1.0,1.0,1.0,Case A (Good)
devign,id_10429_label_False_FFmpeg.c_44,0,,0,5,id_12359_label_False_FFmpeg.c_2093,0,,0,0.5417,0.5881,0.5556,1.0,1.0,1.0,1.0,Case A (Good)
devign,id_10449_label_False_FFmpeg.c_45,0,,1,1,id_11335_label_False_FFmpeg.c_1194,0,,1,0.5,0.6494,0.5448,1.0,1.0,0.6667,0.9,Case A (Good)
devign,id_10449_label_False_FFmpeg.c_45,0,,1,2,id_10143_label_False_FFmpeg.c_134,0,,1,0.3871,0.0091,0.2737,1.0,1.0,1.0,1.0,Case A (Good)
devign,id_10449_label_False_FFmpeg.c_45,0,,1,3,id_10769_label_False_FFmpeg.c_684,0,,1,0.2188,0.36,0.2611,1.0,1.0,0.6667,0.9,Case D (Missed Security Similarity)
devign,id_10449_label_False_FFmpeg.c_45,0,,1,4,id_1322_label_True_FFmpeg.c_2874,1,,1,0.141,0.4794,0.2425,1.0,1.0,1.0,1.0,Case D (Missed Security Similarity)
devign,id_10449_label_False_FFmpeg.c_45,0,,1,5,id_11090_label_False_FFmpeg.c_969,0,,1,0.0496,0.2506,0.1099,1.0,1.0,1.0,1.0,Case D (Missed Security Similarity)
devign,id_1046_label_True_qemu.c_46,1,fprintf,1,1,id_10809_label_True_qemu.c_722,1,fclose,1,0.25,0.5959,0.3538,0.0,1.0,1.0,0.6,Case A (Good)
devign,id_1046_label_True_qemu.c_46,1,fprintf,1,2,id_10289_label_False_qemu.c_262,0,,1,0.1757,0.6623,0.3217,0.0,1.0,1.0,0.6,Case D (Missed Security Similarity)
devign,id_1046_label_True_qemu.c_46,1,fprintf,1,3,id_10130_label_False_qemu.c_123,0,,1,0.1413,0.5705,0.2701,0.0,1.0,1.0,0.6,Case D (Missed Security Similarity)
devign,id_1046_label_True_qemu.c_46,1,fprintf,1,4,id_11109_label_True_qemu.c_989,1,write,2,0.128,0.5049,0.2411,0.0,0.5,1.0,0.45,Uncorrelated / Low Similarity
devign,id_1046_label_True_qemu.c_46,1,fprintf,1,5,id_10652_label_True_qemu.c_587,1,fprintf,1,0.1864,0.2767,0.2135,1.0,1.0,1.0,1.0,Case D (Missed Security Similarity)
devign,id_10478_label_False_qemu.c_47,0,,1,1,id_10807_label_True_qemu.c_720,1,,1,0.1048,0.5276,0.2316,1.0,1.0,0.6667,0.9,Case D (Missed Security Similarity)
devign,id_10478_label_False_qemu.c_47,0,,1,2,id_12659_label_False_FFmpeg.c_2367,0,,1,0.069,0.3433,0.1513,1.0,1.0,1.0,1.0,Case D (Missed Security Similarity)
devign,id_10478_label_False_qemu.c_47,0,,1,3,id_12286_label_True_qemu.c_2029,1,,1,0.0488,0.2631,0.1131,1.0,1.0,1.0,1.0,Case D (Missed Security Similarity)
devign,id_10478_label_False_qemu.c_47,0,,1,4,id_11476_label_True_qemu.c_1316,1,,1,0.0787,0.128,0.0935,1.0,1.0,0.3333,0.8,Case D (Missed Security Similarity)
devign,id_10478_label_False_qemu.c_47,0,,1,5,id_10761_label_True_qemu.c_679,1,,1,0.0769,0.0298,0.0628,1.0,1.0,0.3333,0.8,Case D (Missed Security Similarity)
devign,id_10480_label_False_qemu.c_48,0,,2,1,id_12776_label_False_qemu.c_2470,0,,1,0.3182,0.651,0.418,1.0,0.5,1.0,0.85,Case A (Good)
devign,id_10480_label_False_qemu.c_48,0,,2,2,id_13165_label_False_qemu.c_2814,0,,2,0.28,0.7397,0.4179,1.0,1.0,1.0,1.0,Case A (Good)
devign,id_10480_label_False_qemu.c_48,0,,2,3,id_1025_label_True_qemu.c_239,1,,0,0.35,0.5323,0.4047,1.0,0.0,1.0,0.7,Case C (Dangerous - Label Mismatch)
devign,id_10480_label_False_qemu.c_48,0,,2,4,id_11938_label_True_qemu.c_1733,1,,0,0.2857,0.1385,0.2415,1.0,0.0,1.0,0.7,Case C (Dangerous - Label Mismatch)
devign,id_10480_label_False_qemu.c_48,0,,2,5,id_13098_label_True_qemu.c_2755,1,,1,0.25,0.0098,0.1779,1.0,0.5,1.0,0.85,Case C (Dangerous - Label Mismatch)
devign,id_10485_label_False_qemu.c_49,0,strcpy|memcpy|free,3,1,id_11808_label_True_FFmpeg.c_1621,1,free,1,0.0317,0.5717,0.1937,0.3333,0.3333,0.6667,0.4333,Uncorrelated / Low Similarity
devign,id_10485_label_False_qemu.c_49,0,strcpy|memcpy|free,3,2,id_12819_label_True_qemu.c_2500,1,,0,0.0405,0.143,0.0712,0.0,0.0,0.3333,0.1,Uncorrelated / Low Similarity
devign,id_10485_label_False_qemu.c_49,0,strcpy|memcpy|free,3,3,id_11029_label_False_FFmpeg.c_912,0,,1,0.0122,0.206,0.0704,0.0,0.3333,0.3333,0.2,Uncorrelated / Low Similarity
devign,id_10485_label_False_qemu.c_49,0,strcpy|memcpy|free,3,4,id_11292_label_True_qemu.c_1159,1,free,1,0.0165,0.1636,0.0606,0.3333,0.3333,0.6667,0.4333,Uncorrelated / Low Similarity
devign,id_10485_label_False_qemu.c_49,0,strcpy|memcpy|free,3,5,id_11761_label_False_qemu.c_1573,0,,1,0.0547,0.0107,0.0415,0.0,0.3333,0.3333,0.2,Uncorrelated / Low Similarity
devign,id_10498_label_False_FFmpeg.c_50,0,,1,1,id_126_label_False_FFmpeg.c_2401,0,,3,0.1622,0.8158,0.3582,1.0,0.3333,1.0,0.8,Case D (Missed Security Similarity)
devign,id_10498_label_False_FFmpeg.c_50,0,,1,2,id_11892_label_True_FFmpeg.c_1692,1,,3,0.1974,0.6472,0.3323,1.0,0.3333,0.6667,0.7,Case D (Missed Security Similarity)
devign,id_10498_label_False_FFmpeg.c_50,0,,1,3,id_10621_label_False_FFmpeg.c_557,0,memset,3,0.072,0.8605,0.3085,0.0,0.3333,0.6667,0.3,Uncorrelated / Low Similarity
devign,id_10498_label_False_FFmpeg.c_50,0,,1,4,id_12574_label_True_FFmpeg.c_2287,1,,0,0.225,0.2638,0.2366,1.0,0.0,1.0,0.7,Case D (Missed Security Similarity)
devign,id_10498_label_False_FFmpeg.c_50,0,,1,5,id_1172_label_False_qemu.c_1545,0,,1,0.0973,0.3208,0.1644,1.0,1.0,1.0,1.0,Case D (Missed Security Similarity)
devign,id_10502_label_True_FFmpeg.c_51,1,,1,1,id_10593_label_True_FFmpeg.c_535,1,,1,0.6207,0.0107,0.4377,1.0,1.0,1.0,1.0,Case A (Good)
devign,id_10502_label_True_FFmpeg.c_51,1,,1,2,id_10458_label_True_FFmpeg.c_411,1,,1,0.0606,0.3533,0.1484,1.0,1.0,1.0,1.0,Case D (Missed Security Similarity)
devign,id_10502_label_True_FFmpeg.c_51,1,,1,3,id_11065_label_False_FFmpeg.c_950,0,,1,0.0735,0.2562,0.1283,1.0,1.0,1.0,1.0,Case D (Missed Security Similarity)
devign,id_10502_label_True_FFmpeg.c_51,1,,1,4,id_11698_label_True_FFmpeg.c_1512,1,memset|read|printf|write,4,0.0541,0.2611,0.1162,0.0,0.25,1.0,0.375,Uncorrelated / Low Similarity
devign,id_10502_label_True_FFmpeg.c_51,1,,1,5,id_13203_label_True_FFmpeg.c_2850,1,,1,0.125,0.0103,0.0906,1.0,1.0,1.0,1.0,Case D (Missed Security Similarity)
devign,id_10504_label_True_qemu.c_52,1,,1,1,id_1195_label_False_qemu.c_1749,0,,1,0.0578,0.6021,0.2211,1.0,1.0,0.6667,0.9,Case D (Missed Security Similarity)
devign,id_10504_label_True_qemu.c_52,1,,1,2,id_10303_label_False_qemu.c_276,0,,1,0.0891,0.3055,0.1541,1.0,1.0,0.6667,0.9,Case D (Missed Security Similarity)
devign,id_10504_label_True_qemu.c_52,1,,1,3,id_1173_label_False_qemu.c_1553,0,calloc|free|printf,3,0.0497,0.3487,0.1394,0.0,0.3333,0.6667,0.3,Uncorrelated / Low Similarity
devign,id_10504_label_True_qemu.c_52,1,,1,4,id_10514_label_False_FFmpeg.c_461,0,,2,0.0427,0.1301,0.0689,1.0,0.5,1.0,0.85,Case D (Missed Security Similarity)
devign,id_10504_label_True_qemu.c_52,1,,1,5,id_10905_label_True_qemu.c_804,1,,1,0.0143,0.1935,0.068,1.0,1.0,1.0,1.0,Case D (Missed Security Similarity)
devign,id_10513_label_False_FFmpeg.c_53,0,,1,1,id_12842_label_False_qemu.c_2522,0,,2,0.2373,0.7733,0.3981,1.0,0.5,1.0,0.85,Case D (Missed Security Similarity)
devign,id_10513_label_False_FFmpeg.c_53,0,,1,2,id_13212_label_True_FFmpeg.c_2858,1,read,1,0.0769,0.583,0.2287,0.0,1.0,1.0,0.6,Case D (Missed Security Similarity)
devign,id_10513_label_False_FFmpeg.c_53,0,,1,3,id_12952_label_True_FFmpeg.c_2625,1,,1,0.0926,0.5403,0.2269,1.0,1.0,1.0,1.0,Case D (Missed Security Similarity)
devign,id_10513_label_False_FFmpeg.c_53,0,,1,4,id_12003_label_True_FFmpeg.c_1784,1,memset,2,0.1017,0.4319,0.2008,0.0,0.5,1.0,0.45,Uncorrelated / Low Similarity
devign,id_10513_label_False_FFmpeg.c_53,0,,1,5,id_11375_label_True_FFmpeg.c_1229,1,write,1,0.0556,0.2496,0.1138,0.0,1.0,1.0,0.6,Case D (Missed Security Similarity)
devign,id_10520_label_True_FFmpeg.c_54,1,memcpy,2,1,id_11666_label_False_FFmpeg.c_1487,0,read,1,0.0654,0.652,0.2414,0.0,0.5,0.6667,0.35,Uncorrelated / Low Similarity
devign,id_10520_label_True_FFmpeg.c_54,1,memcpy,2,2,id_10784_label_True_FFmpeg.c_696,1,,1,0.1333,0.4747,0.2358,0.0,0.5,0.6667,0.35,Uncorrelated / Low Similarity
devign,id_10520_label_True_FFmpeg.c_54,1,memcpy,2,3,id_12905_label_True_FFmpeg.c_2584,1,free,1,0.0515,0.6284,0.2246,0.0,0.5,0.3333,0.25,Uncorrelated / Low Similarity
devign,id_10520_label_True_FFmpeg.c_54,1,memcpy,2,4,id_11353_label_False_FFmpeg.c_1212,0,,2,0.0792,0.5083,0.2079,0.0,0.3333,0.6667,0.3,Uncorrelated / Low Similarity
devign,id_10520_label_True_FFmpeg.c_54,1,memcpy,2,5,id_12549_label_True_FFmpeg.c_2262,1,read,1,0.0483,0.4984,0.1833,0.0,0.5,0.6667,0.35,Uncorrelated / Low Similarity
devign,id_10539_label_False_FFmpeg.c_55,0,memcpy,2,1,id_11875_label_True_FFmpeg.c_1677,1,memset,2,0.0899,0.0466,0.0769,0.0,1.0,1.0,0.6,Case D (Missed Security Similarity)
devign,id_10539_label_False_FFmpeg.c_55,0,memcpy,2,2,id_12922_label_True_FFmpeg.c_2600,1,,1,0.0513,0.1034,0.0669,0.0,0.5,1.0,0.45,Uncorrelated / Low Similarity
devign,id_10539_label_False_FFmpeg.c_55,0,memcpy,2,3,id_13145_label_True_qemu.c_2798,1,,2,0.0366,0.1077,0.0579,0.0,0.3333,0.6667,0.3,Uncorrelated / Low Similarity
devign,id_10539_label_False_FFmpeg.c_55,0,memcpy,2,4,id_11554_label_False_FFmpeg.c_1384,0,,1,0.0357,0.0855,0.0507,0.0,0.5,0.6667,0.35,Uncorrelated / Low Similarity
devign,id_10539_label_False_FFmpeg.c_55,0,memcpy,2,5,id_10320_label_False_qemu.c_292,0,,1,0.0288,0.0232,0.0271,0.0,0.5,1.0,0.45,Uncorrelated / Low Similarity
devign,id_10547_label_False_FFmpeg.c_56,0,,1,1,id_12195_label_True_FFmpeg.c_1949,1,,1,0.25,0.5593,0.3428,1.0,1.0,0.6667,0.9,Case C (Dangerous - Label Mismatch)
devign,id_10547_label_False_FFmpeg.c_56,0,,1,2,id_10651_label_True_FFmpeg.c_586,1,,1,0.0778,0.6827,0.2593,1.0,1.0,1.0,1.0,Case D (Missed Security Similarity)
devign,id_10547_label_False_FFmpeg.c_56,0,,1,3,id_12510_label_False_FFmpeg.c_2227,0,,1,0.1587,0.4367,0.2421,1.0,1.0,0.6667,0.9,Case D (Missed Security Similarity)
devign,id_10547_label_False_FFmpeg.c_56,0,,1,4,id_12335_label_True_FFmpeg.c_2071,1,,1,0.0922,0.5544,0.2309,1.0,1.0,1.0,1.0,Case D (Missed Security Similarity)
devign,id_10547_label_False_FFmpeg.c_56,0,,1,5,id_11445_label_False_FFmpeg.c_1292,0,,1,0.12,0.4835,0.2291,1.0,1.0,1.0,1.0,Case D (Missed Security Similarity)
devign,id_10554_label_False_FFmpeg.c_57,0,,3,1,id_10617_label_True_FFmpeg.c_553,1,,2,0.1239,0.9915,0.3842,1.0,0.25,1.0,0.775,Case D (Missed Security Similarity)
devign,id_10554_label_False_FFmpeg.c_57,0,,3,2,id_1209_label_False_FFmpeg.c_1867,0,memcpy,2,0.1195,0.5805,0.2578,0.0,0.25,1.0,0.375,Uncorrelated / Low Similarity
devign,id_10554_label_False_FFmpeg.c_57,0,,3,3,id_11352_label_False_FFmpeg.c_1211,0,,1,0.0531,0.4677,0.1775,1.0,0.3333,1.0,0.8,Case D (Missed Security Similarity)
devign,id_10554_label_False_FFmpeg.c_57,0,,3,4,id_10774_label_True_FFmpeg.c_687,1,,3,0.0897,0.3524,0.1686,1.0,1.0,1.0,1.0,Case D (Missed Security Similarity)
devign,id_10554_label_False_FFmpeg.c_57,0,,3,5,id_12864_label_False_FFmpeg.c_2542,0,,2,0.0442,0.0111,0.0343,1.0,0.25,1.0,0.775,Case D (Missed Security Similarity)
devign,id_10556_label_False_FFmpeg.c_58,0,,1,1,id_12633_label_False_qemu.c_2344,0,strcmp,1,0.1216,0.2662,0.165,0.0,1.0,0.6667,0.5,Case D (Missed Security Similarity)
devign,id_10556_label_False_FFmpeg.c_58,0,,1,2,id_11601_label_False_qemu.c_1432,0,,1,0.1,0.2715,0.1515,1.0,1.0,1.0,1.0,Case D (Missed Security Similarity)
devign,id_10556_label_False_FFmpeg.c_58,0,,1,3,id_11771_label_False_qemu.c_1584,0,,1,0.1101,0.2375,0.1483,1.0,1.0,1.0,1.0,Case D (Missed Security Similarity)
devign,id_10556_label_False_FFmpeg.c_58,0,,1,4,id_13354_label_False_qemu.c_2989,0,,1,0.1,0.1552,0.1166,1.0,1.0,1.0,1.0,Case D (Missed Security Similarity)
devign,id_10556_label_False_FFmpeg.c_58,0,,1,5,id_10978_label_False_qemu.c_867,0,,1,0.093,0.1475,0.1094,1.0,1.0,1.0,1.0,Case D (Missed Security Similarity)
devign,id_10564_label_False_FFmpeg.c_59,0,,1,1,id_12352_label_False_FFmpeg.c_2088,0,,1,0.859,1.0,0.9013,1.0,1.0,1.0,1.0,Case A (Good)
devign,id_10564_label_False_FFmpeg.c_59,0,,1,2,id_11429_label_False_FFmpeg.c_1277,0,,1,0.2937,0.8976,0.4748,1.0,1.0,1.0,1.0,Case A (Good)
devign,id_10564_label_False_FFmpeg.c_59,0,,1,3,id_13297_label_False_FFmpeg.c_2936,0,,1,0.2899,0.1671,0.2531,1.0,1.0,1.0,1.0,Case A (Good)
devign,id_10564_label_False_FFmpeg.c_59,0,,1,4,id_12959_label_True_FFmpeg.c_2632,1,,1,0.284,0.1671,0.2489,1.0,1.0,1.0,1.0,Case C (Dangerous - Label Mismatch)
devign,id_10564_label_False_FFmpeg.c_59,0,,1,5,id_11441_label_False_FFmpeg.c_1289,0,,1,0.2048,0.1646,0.1927,1.0,1.0,1.0,1.0,Case D (Missed Security Similarity)
devign,id_1056_label_True_qemu.c_60,1,,1,1,id_10455_label_True_qemu.c_408,1,,1,0.1522,0.6152,0.2911,1.0,1.0,0.6667,0.9,Case D (Missed Security Similarity)
devign,id_1056_label_True_qemu.c_60,1,,1,2,id_12422_label_True_qemu.c_2142,1,,1,0.1373,0.5811,0.2704,1.0,1.0,0.6667,0.9,Case D (Missed Security Similarity)
devign,id_1056_label_True_qemu.c_60,1,,1,3,id_11864_label_True_qemu.c_1667,1,,3,0.1023,0.5263,0.2295,1.0,0.3333,1.0,0.8,Case D (Missed Security Similarity)
devign,id_1056_label_True_qemu.c_60,1,,1,4,id_11747_label_True_FFmpeg.c_1559,1,,3,0.0471,0.4401,0.165,1.0,0.3333,1.0,0.8,Case D (Missed Security Similarity)
devign,id_1056_label_True_qemu.c_60,1,,1,5,id_12915_label_True_FFmpeg.c_2594,1,memcpy|free,1,0.0391,0.3851,0.1429,0.0,1.0,0.6667,0.5,Case D (Missed Security Similarity)
devign,id_10583_label_False_qemu.c_61,0,,1,1,id_13052_label_False_qemu.c_2714,0,,1,0.2843,0.7856,0.4347,1.0,0.0,0.6667,0.6,Case A (Good)
devign,id_10583_label_False_qemu.c_61,0,,1,2,id_1306_label_True_qemu.c_2731,1,,3,0.0735,0.8224,0.2981,1.0,0.3333,0.6667,0.7,Case D (Missed Security Similarity)
devign,id_10583_label_False_qemu.c_61,0,,1,3,id_12488_label_True_qemu.c_2204,1,,1,0.1429,0.6377,0.2913,1.0,1.0,1.0,1.0,Case D (Missed Security Similarity)
devign,id_10583_label_False_qemu.c_61,0,,1,4,id_12798_label_True_qemu.c_2484,1,strcmp,1,0.1284,0.6023,0.2706,0.0,1.0,1.0,0.6,Case D (Missed Security Similarity)
devign,id_10583_label_False_qemu.c_61,0,,1,5,id_10285_label_False_qemu.c_259,0,,1,0.1481,0.0117,0.1072,1.0,0.0,1.0,0.7,Case D (Missed Security Similarity)
devign,id_10594_label_True_qemu.c_62,1,fprintf|printf,4,1,id_12749_label_False_qemu.c_2445,0,fprintf,4,0.078,0.8757,0.3173,0.5,1.0,1.0,0.8,Case D (Missed Security Similarity)
devign,id_10594_label_True_qemu.c_62,1,fprintf|printf,4,2,id_12779_label_True_qemu.c_2471,1,fprintf|strcmp,3,0.1634,0.577,0.2875,0.3333,0.75,1.0,0.6583,Case D (Missed Security Similarity)
devign,id_10594_label_True_qemu.c_62,1,fprintf|printf,4,3,id_12025_label_False_qemu.c_1805,0,,2,0.1531,0.5755,0.2798,0.0,0.5,1.0,0.45,Uncorrelated / Low Similarity
devign,id_10594_label_True_qemu.c_62,1,fprintf|printf,4,4,id_1037_label_True_qemu.c_342,1,read|write,4,0.0495,0.7832,0.2696,0.0,1.0,1.0,0.6,Case D (Missed Security Similarity)
devign,id_10594_label_True_qemu.c_62,1,fprintf|printf,4,5,id_10775_label_True_qemu.c_688,1,,2,0.0548,0.5352,0.1989,0.0,0.5,1.0,0.45,Uncorrelated / Low Similarity
devign,id_1059_label_True_FFmpeg.c_63,1,,1,1,id_10005_label_False_FFmpeg.c_4,0,,1,0.1111,0.4436,0.2109,1.0,0.0,1.0,0.7,Case D (Missed Security Similarity)
devign,id_1059_label_True_FFmpeg.c_63,1,,1,2,id_11421_label_False_FFmpeg.c_1272,0,,2,0.1026,0.3829,0.1867,1.0,0.5,1.0,0.85,Case D (Missed Security Similarity)
devign,id_1059_label_True_FFmpeg.c_63,1,,1,3,id_12851_label_False_qemu.c_2531,0,,0,0.098,0.3551,0.1752,1.0,0.0,1.0,0.7,Case D (Missed Security Similarity)
devign,id_1059_label_True_FFmpeg.c_63,1,,1,4,id_11994_label_True_qemu.c_1774,1,,0,0.0357,0.2366,0.096,1.0,0.0,1.0,0.7,Case D (Missed Security Similarity)
devign,id_1059_label_True_FFmpeg.c_63,1,,1,5,id_10527_label_False_qemu.c_473,0,,0,0.0345,0.0964,0.0531,1.0,0.0,1.0,0.7,Case D (Missed Security Similarity)
devign,id_10609_label_True_FFmpeg.c_64,1,,1,1,id_12953_label_True_FFmpeg.c_2626,1,,1,0.2097,0.5815,0.3212,1.0,1.0,0.6667,0.9,Case D (Missed Security Similarity)
devign,id_10609_label_True_FFmpeg.c_64,1,,1,2,id_1177_label_False_qemu.c_1593,0,memset,2,0.1633,0.56,0.2823,0.0,0.5,0.6667,0.35,Uncorrelated / Low Similarity
devign,id_10609_label_True_FFmpeg.c_64,1,,1,3,id_11163_label_True_qemu.c_1034,1,,2,0.197,0.4105,0.261,1.0,0.5,0.6667,0.75,Case D (Missed Security Similarity)
devign,id_10609_label_True_FFmpeg.c_64,1,,1,4,id_10930_label_False_qemu.c_827,0,,1,0.1667,0.4811,0.261,1.0,1.0,0.6667,0.9,Case D (Missed Security Similarity)
devign,id_10609_label_True_FFmpeg.c_64,1,,1,5,id_11076_label_True_qemu.c_958,1,,2,0.2203,0.3534,0.2603,1.0,0.5,0.6667,0.75,Case D (Missed Security Similarity)
devign,id_1060_label_False_qemu.c_65,0,read|strcpy|snprintf,2,1,id_10703_label_False_qemu.c_631,0,snprintf,2,0.0603,0.7002,0.2523,0.3333,1.0,0.6667,0.6333,Case D (Missed Security Similarity)
devign,id_1060_label_False_qemu.c_65,0,read|strcpy|snprintf,2,2,id_13336_label_True_qemu.c_2973,1,,3,0.0312,0.6593,0.2197,0.0,0.6667,1.0,0.5,Case D (Missed Security Similarity)
devign,id_1060_label_False_qemu.c_65,0,read|strcpy|snprintf,2,3,id_12782_label_True_qemu.c_2473,1,,2,0.0441,0.5062,0.1827,0.0,1.0,1.0,0.6,Case D (Missed Security Similarity)
devign,id_1060_label_False_qemu.c_65,0,read|strcpy|snprintf,2,4,id_11542_label_True_qemu.c_1375,1,,1,0.0488,0.3487,0.1388,0.0,0.5,1.0,0.45,Uncorrelated / Low Similarity
devign,id_1060_label_False_qemu.c_65,0,read|strcpy|snprintf,2,5,id_13134_label_True_qemu.c_2790,1,memset|memcpy,2,0.0294,0.3674,0.1308,0.0,1.0,0.6667,0.5,Case D (Missed Security Similarity)
devign,id_10620_label_False_FFmpeg.c_66,0,,3,1,id_11576_label_False_FFmpeg.c_1406,0,,1,0.1959,0.8385,0.3887,1.0,0.3333,1.0,0.8,Case D (Missed Security Similarity)
devign,id_10620_label_False_FFmpeg.c_66,0,,3,2,id_13264_label_True_FFmpeg.c_2907,1,,1,0.1186,0.6444,0.2764,1.0,0.3333,1.0,0.8,Case D (Missed Security Similarity)
devign,id_10620_label_False_FFmpeg.c_66,0,,3,3,id_11569_label_True_FFmpeg.c_1399,1,system|write,1,0.0744,0.7193,0.2679,0.0,0.3333,1.0,0.4,Uncorrelated / Low Similarity
devign,id_10620_label_False_FFmpeg.c_66,0,,3,4,id_11072_label_True_FFmpeg.c_955,1,,1,0.0651,0.5766,0.2186,1.0,0.3333,0.6667,0.7,Case D (Missed Security Similarity)
devign,id_10620_label_False_FFmpeg.c_66,0,,3,5,id_12640_label_False_FFmpeg.c_2351,0,,0,0.0632,0.1854,0.0998,1.0,0.0,0.6667,0.6,Case D (Missed Security Similarity)
devign,id_10640_label_True_qemu.c_67,1,,0,1,id_11670_label_False_qemu.c_1492,0,,0,0.1351,0.2442,0.1679,1.0,1.0,0.3333,0.8,Case D (Missed Security Similarity)
devign,id_10640_label_True_qemu.c_67,1,,0,2,id_11161_label_True_qemu.c_1032,1,,0,0.1282,0.2404,0.1619,1.0,1.0,0.3333,0.8,Case D (Missed Security Similarity)
devign,id_10640_label_True_qemu.c_67,1,,0,3,id_10743_label_True_qemu.c_663,1,,0,0.1282,0.2404,0.1619,1.0,1.0,0.3333,0.8,Case D (Missed Security Similarity)
devign,id_10640_label_True_qemu.c_67,1,,0,4,id_12641_label_False_qemu.c_2352,0,,1,0.0943,0.237,0.1371,1.0,0.0,0.3333,0.5,Case D (Missed Security Similarity)
devign,id_10640_label_True_qemu.c_67,1,,0,5,id_12735_label_False_qemu.c_2432,0,,1,0.0943,0.237,0.1371,1.0,0.0,0.3333,0.5,Case D (Missed Security Similarity)
devign,id_10648_label_True_qemu.c_68,1,,2,1,id_12071_label_True_qemu.c_1846,1,,2,0.0748,0.5523,0.218,1.0,0.3333,1.0,0.8,Case D (Missed Security Similarity)
devign,id_10648_label_True_qemu.c_68,1,,2,2,id_12670_label_False_qemu.c_2374,0,,2,0.0926,0.4197,0.1907,1.0,0.3333,1.0,0.8,Case D (Missed Security Similarity)
devign,id_10648_label_True_qemu.c_68,1,,2,3,id_11699_label_True_qemu.c_1513,1,,1,0.068,0.3554,0.1542,1.0,0.5,0.6667,0.75,Case D (Missed Security Similarity)
devign,id_10648_label_True_qemu.c_68,1,,2,4,id_13246_label_True_qemu.c_2890,1,,1,0.0465,0.3931,0.1505,1.0,0.5,0.6667,0.75,Case D (Missed Security Similarity)
devign,id_10648_label_True_qemu.c_68,1,,2,5,id_12608_label_True_qemu.c_2320,1,,2,0.037,0.1295,0.0648,1.0,0.3333,0.6667,0.7,Case D (Missed Security Similarity)
devign,id_10665_label_True_FFmpeg.c_69,1,memset,3,1,id_11340_label_True_FFmpeg.c_1200,1,memcpy,3,0.1796,0.7184,0.3413,0.0,1.0,1.0,0.6,Case D (Missed Security Similarity)
devign,id_10665_label_True_FFmpeg.c_69,1,memset,3,2,id_11045_label_True_FFmpeg.c_930,1,memcpy,2,0.1712,0.7197,0.3357,0.0,0.6667,1.0,0.5,Case D (Missed Security Similarity)
devign,id_10665_label_True_FFmpeg.c_69,1,memset,3,3,id_10910_label_True_FFmpeg.c_809,1,memcpy,2,0.1677,0.7141,0.3316,0.0,0.6667,1.0,0.5,Case D (Missed Security Similarity)
devign,id_10665_label_True_FFmpeg.c_69,1,memset,3,4,id_1030_label_False_FFmpeg.c_282,0,,3,0.1404,0.7219,0.3149,0.0,1.0,1.0,0.6,Case D (Missed Security Similarity)
devign,id_10665_label_True_FFmpeg.c_69,1,memset,3,5,id_10566_label_False_FFmpeg.c_511,0,,1,0.1149,0.6773,0.2837,0.0,0.3333,0.6667,0.3,Uncorrelated / Low Similarity
devign,id_10670_label_True_FFmpeg.c_70,1,memset|memmove,4,1,id_10398_label_False_FFmpeg.c_357,0,memset,2,0.0553,0.6041,0.2199,0.5,0.5,1.0,0.65,Case D (Missed Security Similarity)
devign,id_10670_label_True_FFmpeg.c_70,1,memset|memmove,4,2,id_10879_label_False_qemu.c_780,0,fprintf,2,0.0395,0.4995,0.1775,0.0,0.5,1.0,0.45,Uncorrelated / Low Similarity
devign,id_10670_label_True_FFmpeg.c_70,1,memset|memmove,4,3,id_11432_label_True_qemu.c_1281,1,fprintf|strcmp,2,0.0468,0.3783,0.1463,0.0,0.5,1.0,0.45,Uncorrelated / Low Similarity
devign,id_10670_label_True_FFmpeg.c_70,1,memset|memmove,4,4,id_12008_label_False_FFmpeg.c_1787,0,,1,0.0603,0.3202,0.1383,0.0,0.25,1.0,0.375,Uncorrelated / Low Similarity
devign,id_10670_label_True_FFmpeg.c_70,1,memset|memmove,4,5,id_11537_label_False_FFmpeg.c_1369,0,,2,0.055,0.2587,0.1161,0.0,0.5,1.0,0.45,Uncorrelated / Low Similarity
devign,id_10671_label_True_FFmpeg.c_71,1,,1,1,id_11857_label_False_FFmpeg.c_1661,0,,0,0.0366,0.671,0.2269,1.0,0.0,1.0,0.7,Case D (Missed Security Similarity)
devign,id_10671_label_True_FFmpeg.c_71,1,,1,2,id_11031_label_False_FFmpeg.c_915,0,,1,0.1008,0.2589,0.1483,1.0,1.0,1.0,1.0,Case D (Missed Security Similarity)
devign,id_10671_label_True_FFmpeg.c_71,1,,1,3,id_13216_label_True_FFmpeg.c_2861,1,,1,0.093,0.2082,0.1276,1.0,1.0,0.6667,0.9,Case D (Missed Security Similarity)
devign,id_10671_label_True_FFmpeg.c_71,1,,1,4,id_1315_label_True_FFmpeg.c_2809,1,,2,0.0729,0.2405,0.1232,1.0,0.5,0.6667,0.75,Case D (Missed Security Similarity)
devign,id_10671_label_True_FFmpeg.c_71,1,,1,5,id_11835_label_False_FFmpeg.c_1645,0,,1,0.0632,0.2545,0.1206,1.0,1.0,0.6667,0.9,Case D (Missed Security Similarity)
devign,id_10672_label_True_FFmpeg.c_72,1,write,3,1,id_12990_label_True_FFmpeg.c_2662,1,write,3,0.8342,0.9877,0.8802,1.0,1.0,1.0,1.0,Case A (Good)
devign,id_10672_label_True_FFmpeg.c_72,1,write,3,2,id_10669_label_False_FFmpeg.c_601,0,strcmp|write,3,0.1104,0.6478,0.2716,0.5,1.0,1.0,0.8,Case D (Missed Security Similarity)
devign,id_10672_label_True_FFmpeg.c_72,1,write,3,3,id_11797_label_True_FFmpeg.c_1609,1,system,3,0.1109,0.3675,0.1879,0.0,1.0,1.0,0.6,Case D (Missed Security Similarity)
devign,id_10672_label_True_FFmpeg.c_72,1,write,3,4,id_10752_label_False_FFmpeg.c_670,0,free,1,0.0396,0.3694,0.1385,0.0,0.3333,0.6667,0.3,Uncorrelated / Low Similarity
devign,id_10672_label_True_FFmpeg.c_72,1,write,3,5,id_10838_label_True_FFmpeg.c_748,1,,1,0.0424,0.0126,0.0335,0.0,0.3333,0.6667,0.3,Uncorrelated / Low Similarity
devign,id_10699_label_True_FFmpeg.c_73,1,,0,1,id_10191_label_False_FFmpeg.c_178,0,open|snprintf,3,0.0145,0.6907,0.2173,0.0,0.0,1.0,0.3,Uncorrelated / Low Similarity
devign,id_10699_label_True_FFmpeg.c_73,1,,0,2,id_12492_label_True_FFmpeg.c_2209,1,,1,0.0499,0.4553,0.1715,1.0,0.0,1.0,0.7,Case D (Missed Security Similarity)
devign,id_10699_label_True_FFmpeg.c_73,1,,0,3,id_12534_label_False_qemu.c_2250,0,,2,0.0088,0.534,0.1664,1.0,0.0,0.6667,0.6,Case D (Missed Security Similarity)
devign,id_10699_label_True_FFmpeg.c_73,1,,0,4,id_11994_label_True_qemu.c_1774,1,,0,0.0068,0.212,0.0684,1.0,1.0,0.6667,0.9,Case D (Missed Security Similarity)
devign,id_10699_label_True_FFmpeg.c_73,1,,0,5,id_10527_label_False_qemu.c_473,0,,0,0.0103,0.0803,0.0313,1.0,1.0,0.6667,0.9,Case D (Missed Security Similarity)
devign,id_10721_label_False_qemu.c_74,0,,0,1,id_11258_label_False_qemu.c_1127,0,,0,0.1923,0.466,0.2744,1.0,1.0,0.6667,0.9,Case D (Missed Security Similarity)
devign,id_10721_label_False_qemu.c_74,0,,0,2,id_13184_label_False_qemu.c_2830,0,,0,0.1429,0.4611,0.2383,1.0,1.0,0.6667,0.9,Case D (Missed Security Similarity)
devign,id_10721_label_False_qemu.c_74,0,,0,3,id_11953_label_False_qemu.c_1745,0,,0,0.1613,0.3519,0.2185,1.0,1.0,0.6667,0.9,Case D (Missed Security Similarity)
devign,id_10721_label_False_qemu.c_74,0,,0,4,id_10086_label_False_qemu.c_78,0,,0,0.0288,0.5357,0.1809,1.0,1.0,1.0,1.0,Case D (Missed Security Similarity)
devign,id_10721_label_False_qemu.c_74,0,,0,5,id_12213_label_True_qemu.c_1963,1,,1,0.0139,0.1445,0.0531,1.0,0.0,0.6667,0.6,Case D (Missed Security Similarity)
devign,id_10723_label_True_FFmpeg.c_75,1,,1,1,id_10623_label_False_FFmpeg.c_558,0,,1,0.1111,0.878,0.3412,1.0,1.0,1.0,1.0,Case D (Missed Security Similarity)
devign,id_10723_label_True_FFmpeg.c_75,1,,1,2,id_12932_label_True_FFmpeg.c_2609,1,,1,0.0857,0.3902,0.1771,1.0,1.0,1.0,1.0,Case D (Missed Security Similarity)
devign,id_10723_label_True_FFmpeg.c_75,1,,1,3,id_11050_label_True_FFmpeg.c_935,1,,1,0.0735,0.3872,0.1676,1.0,0.0,1.0,0.7,Case D (Missed Security Similarity)
devign,id_10723_label_True_FFmpeg.c_75,1,,1,4,id_1325_label_False_FFmpeg.c_2902,0,,0,0.0781,0.1409,0.097,1.0,0.0,0.6667,0.6,Case D (Missed Security Similarity)
devign,id_10723_label_True_FFmpeg.c_75,1,,1,5,id_11789_label_False_FFmpeg.c_1602,0,,0,0.0781,0.1409,0.097,1.0,0.0,0.6667,0.6,Case D (Missed Security Similarity)
devign,id_10727_label_True_qemu.c_76,1,,1,1,id_11922_label_False_qemu.c_1720,0,,1,0.0497,0.5593,0.2026,1.0,1.0,0.6667,0.9,Case D (Missed Security Similarity)
devign,id_10727_label_True_qemu.c_76,1,,1,2,id_12256_label_True_qemu.c_2003,1,fprintf,2,0.0317,0.5705,0.1934,0.0,0.5,0.6667,0.35,Uncorrelated / Low Similarity
devign,id_10727_label_True_qemu.c_76,1,,1,3,id_11619_label_False_qemu.c_1446,0,,1,0.0482,0.519,0.1894,1.0,1.0,0.6667,0.9,Case D (Missed Security Similarity)
devign,id_10727_label_True_qemu.c_76,1,,1,4,id_12888_label_False_qemu.c_2565,0,,2,0.0563,0.4123,0.1631,1.0,0.5,1.0,0.85,Case D (Missed Security Similarity)
devign,id_10727_label_True_qemu.c_76,1,,1,5,id_13323_label_True_qemu.c_2961,1,,1,0.0685,0.322,0.1445,1.0,1.0,1.0,1.0,Case D (Missed Security Similarity)
devign,id_10730_label_True_qemu.c_77,1,system,0,1,id_13103_label_True_qemu.c_2761,1,system,1,0.4681,0.9905,0.6248,1.0,0.0,1.0,0.7,Case A (Good)
devign,id_10730_label_True_qemu.c_77,1,system,0,2,id_10223_label_False_qemu.c_205,0,,1,0.1493,0.4971,0.2536,0.0,0.0,0.6667,0.2,Uncorrelated / Low Similarity
devign,id_10730_label_True_qemu.c_77,1,system,0,3,id_10080_label_False_qemu.c_73,0,,1,0.1042,0.5497,0.2378,0.0,0.0,1.0,0.3,Uncorrelated / Low Similarity
devign,id_10730_label_True_qemu.c_77,1,system,0,4,id_13301_label_True_qemu.c_2942,1,,1,0.1739,0.0175,0.127,0.0,0.0,0.6667,0.2,Uncorrelated / Low Similarity
devign,id_10730_label_True_qemu.c_77,1,system,0,5,id_13232_label_True_qemu.c_2876,1,,1,0.163,0.0175,0.1194,0.0,0.0,0.6667,0.2,Uncorrelated / Low Similarity
devign,id_10735_label_True_qemu.c_78,1,,3,1,id_11681_label_False_qemu.c_1502,0,,1,0.0847,0.7724,0.291,1.0,0.3333,1.0,0.8,Case D (Missed Security Similarity)
devign,id_10735_label_True_qemu.c_78,1,,3,2,id_11253_label_True_qemu.c_1123,1,,1,0.093,0.7134,0.2791,1.0,0.3333,1.0,0.8,Case D (Missed Security Similarity)
devign,id_10735_label_True_qemu.c_78,1,,3,3,id_1311_label_True_qemu.c_2776,1,,2,0.1042,0.5799,0.2469,1.0,0.6667,1.0,0.9,Case D (Missed Security Similarity)
devign,id_10735_label_True_qemu.c_78,1,,3,4,id_11855_label_False_qemu.c_1659,0,,1,0.0737,0.6368,0.2426,1.0,0.3333,1.0,0.8,Case D (Missed Security Similarity)
devign,id_10735_label_True_qemu.c_78,1,,3,5,id_10900_label_False_qemu.c_799,0,,1,0.0909,0.1882,0.1201,1.0,0.3333,1.0,0.8,Case D (Missed Security Similarity)
devign,id_10738_label_False_FFmpeg.c_79,0,memset|memcpy,2,1,id_11591_label_False_FFmpeg.c_1423,0,memset,2,0.2515,0.3358,0.2768,0.5,1.0,1.0,0.8,Case A (Good)
devign,id_10738_label_False_FFmpeg.c_79,0,memset|memcpy,2,2,id_10363_label_False_qemu.c_329,0,,1,0.0296,0.271,0.102,0.0,0.5,0.6667,0.35,Uncorrelated / Low Similarity
devign,id_10738_label_False_FFmpeg.c_79,0,memset|memcpy,2,3,id_11557_label_True_qemu.c_1387,1,,1,0.0526,0.1944,0.0952,0.0,0.5,1.0,0.45,Uncorrelated / Low Similarity
devign,id_10738_label_False_FFmpeg.c_79,0,memset|memcpy,2,4,id_10732_label_True_qemu.c_656,1,,1,0.0462,0.2071,0.0944,0.0,0.5,0.6667,0.35,Uncorrelated / Low Similarity
devign,id_10738_label_False_FFmpeg.c_79,0,memset|memcpy,2,5,id_11106_label_True_FFmpeg.c_986,1,memcpy,3,0.0863,0.0097,0.0633,0.5,0.6667,1.0,0.7,Case D (Missed Security Similarity)
devign,id_10741_label_True_qemu.c_80,1,,2,1,id_12622_label_False_qemu.c_2334,0,,1,0.4848,0.6407,0.5316,1.0,0.5,1.0,0.85,Case C (Dangerous - Label Mismatch)
devign,id_10741_label_True_qemu.c_80,1,,2,2,id_12593_label_True_qemu.c_2306,1,,1,0.075,0.316,0.1473,1.0,0.5,1.0,0.85,Case D (Missed Security Similarity)
devign,id_10741_label_True_qemu.c_80,1,,2,3,id_12732_label_False_qemu.c_2429,0,,1,0.0526,0.361,0.1451,1.0,0.5,1.0,0.85,Case D (Missed Security Similarity)
devign,id_10741_label_True_qemu.c_80,1,,2,4,id_11994_label_True_qemu.c_1774,1,,0,0.0714,0.1696,0.1009,1.0,0.0,1.0,0.7,Case D (Missed Security Similarity)
devign,id_10741_label_True_qemu.c_80,1,,2,5,id_10527_label_False_qemu.c_473,0,,0,0.069,0.0837,0.0734,1.0,0.0,1.0,0.7,Case D (Missed Security Similarity)
devign,id_10744_label_True_qemu.c_81,1,,1,1,id_11376_label_False_FFmpeg.c_1230,0,,1,0.1379,0.182,0.1512,1.0,1.0,0.6667,0.9,Case D (Missed Security Similarity)
devign,id_10744_label_True_qemu.c_81,1,,1,2,id_11790_label_False_FFmpeg.c_1604,0,,1,0.0875,0.2506,0.1364,1.0,1.0,0.6667,0.9,Case D (Missed Security Similarity)
devign,id_10744_label_True_qemu.c_81,1,,1,3,id_12679_label_False_qemu.c_2380,0,,2,0.125,0.1504,0.1326,1.0,0.5,0.6667,0.75,Case D (Missed Security Similarity)
devign,id_10744_label_True_qemu.c_81,1,,1,4,id_11110_label_True_FFmpeg.c_991,1,,2,0.1053,0.1586,0.1213,1.0,0.5,0.6667,0.75,Case D (Missed Security Similarity)
devign,id_10744_label_True_qemu.c_81,1,,1,5,id_11799_label_True_FFmpeg.c_1611,1,,1,0.0811,0.1936,0.1148,1.0,1.0,0.6667,0.9,Case D (Missed Security Similarity)
devign,id_10750_label_False_FFmpeg.c_82,0,read,2,1,id_10697_label_True_FFmpeg.c_624,1,memset|read,3,0.1077,0.6377,0.2667,0.5,0.6667,1.0,0.7,Case D (Missed Security Similarity)
devign,id_10750_label_False_FFmpeg.c_82,0,read,2,2,id_10851_label_True_FFmpeg.c_758,1,memset|read,3,0.1,0.5581,0.2374,0.5,0.6667,1.0,0.7,Case D (Missed Security Similarity)
devign,id_10750_label_False_FFmpeg.c_82,0,read,2,3,id_12338_label_True_FFmpeg.c_2074,1,,1,0.0599,0.3578,0.1493,0.0,0.5,1.0,0.45,Uncorrelated / Low Similarity
devign,id_10750_label_False_FFmpeg.c_82,0,read,2,4,id_11507_label_True_qemu.c_1345,1,,1,0.0221,0.4411,0.1478,0.0,0.5,1.0,0.45,Uncorrelated / Low Similarity
devign,id_10750_label_False_FFmpeg.c_82,0,read,2,5,id_11152_label_False_qemu.c_1025,0,,1,0.0657,0.0132,0.05,0.0,0.5,0.6667,0.35,Uncorrelated / Low Similarity
devign,id_10765_label_False_FFmpeg.c_83,0,,1,1,id_10676_label_True_FFmpeg.c_605,1,,1,0.1793,0.5073,0.2777,1.0,1.0,1.0,1.0,Case D (Missed Security Similarity)
devign,id_10765_label_False_FFmpeg.c_83,0,,1,2,id_11089_label_False_FFmpeg.c_968,0,memcpy,2,0.1024,0.4831,0.2166,0.0,0.5,1.0,0.45,Uncorrelated / Low Similarity
devign,id_10765_label_False_FFmpeg.c_83,0,,1,3,id_13288_label_False_FFmpeg.c_2928,0,,1,0.114,0.4447,0.2132,1.0,1.0,0.6667,0.9,Case D (Missed Security Similarity)
devign,id_10765_label_False_FFmpeg.c_83,0,,1,4,id_10747_label_True_FFmpeg.c_666,1,memset,2,0.1134,0.3371,0.1805,0.0,0.5,1.0,0.45,Uncorrelated / Low Similarity
devign,id_10765_label_False_FFmpeg.c_83,0,,1,5,id_12610_label_False_FFmpeg.c_2323,0,,1,0.0933,0.2513,0.1407,1.0,1.0,1.0,1.0,Case D (Missed Security Similarity)
devign,id_10767_label_False_FFmpeg.c_84,0,fprintf,1,1,id_12945_label_True_qemu.c_2620,1,,1,0.0403,0.7545,0.2546,0.0,1.0,0.6667,0.5,Case D (Missed Security Similarity)
devign,id_10767_label_False_FFmpeg.c_84,0,fprintf,1,2,id_12681_label_False_qemu.c_2382,0,,1,0.0344,0.539,0.1858,0.0,1.0,0.6667,0.5,Case D (Missed Security Similarity)
devign,id_10767_label_False_FFmpeg.c_84,0,fprintf,1,3,id_12761_label_False_qemu.c_2457,0,,1,0.0504,0.3098,0.1282,0.0,1.0,0.6667,0.5,Case D (Missed Security Similarity)
devign,id_10767_label_False_FFmpeg.c_84,0,fprintf,1,4,id_11761_label_False_qemu.c_1573,0,,1,0.0409,0.2344,0.0989,0.0,1.0,1.0,0.6,Case D (Missed Security Similarity)
devign,id_10767_label_False_FFmpeg.c_84,0,fprintf,1,5,id_10135_label_False_qemu.c_127,0,,1,0.0386,0.2206,0.0932,0.0,1.0,1.0,0.6,Case D (Missed Security Similarity)
devign,id_10772_label_True_FFmpeg.c_85,1,,1,1,id_10758_label_True_FFmpeg.c_676,1,,1,0.4375,0.3675,0.4165,1.0,1.0,1.0,1.0,Case A (Good)
devign,id_10772_label_True_FFmpeg.c_85,1,,1,2,id_11645_label_False_FFmpeg.c_1468,0,,1,0.4038,0.4371,0.4138,1.0,1.0,0.6667,0.9,Case C (Dangerous - Label Mismatch)
devign,id_10772_label_True_FFmpeg.c_85,1,,1,3,id_11659_label_True_FFmpeg.c_1481,1,,1,0.1472,0.4022,0.2237,1.0,1.0,1.0,1.0,Case D (Missed Security Similarity)
devign,id_10772_label_True_FFmpeg.c_85,1,,1,4,id_11728_label_False_FFmpeg.c_1543,0,,1,0.1484,0.3945,0.2222,1.0,1.0,1.0,1.0,Case D (Missed Security Similarity)
devign,id_10772_label_True_FFmpeg.c_85,1,,1,5,id_12804_label_True_FFmpeg.c_2489,1,memset|memcpy|read|printf,2,0.0543,0.4079,0.1604,0.0,0.5,1.0,0.45,Uncorrelated / Low Similarity
devign,id_10773_label_True_FFmpeg.c_86,1,,2,1,id_11896_label_False_FFmpeg.c_1695,0,,1,0.1786,0.7166,0.34,1.0,0.5,1.0,0.85,Case D (Missed Security Similarity)
devign,id_10773_label_True_FFmpeg.c_86,1,,2,2,id_11063_label_False_FFmpeg.c_948,0,,1,0.1786,0.6721,0.3266,1.0,0.5,1.0,0.85,Case D (Missed Security Similarity)
devign,id_10773_label_True_FFmpeg.c_86,1,,2,3,id_10756_label_False_FFmpeg.c_674,0,,2,0.0891,0.4076,0.1847,1.0,0.3333,0.6667,0.7,Case D (Missed Security Similarity)
devign,id_10773_label_True_FFmpeg.c_86,1,,2,4,id_11568_label_True_FFmpeg.c_1398,1,memcpy,2,0.0407,0.3275,0.1268,0.0,1.0,0.6667,0.5,Case D (Missed Security Similarity)
devign,id_10773_label_True_FFmpeg.c_86,1,,2,5,id_11479_label_True_FFmpeg.c_1319,1,memset|memcpy,2,0.0306,0.1299,0.0604,0.0,1.0,0.6667,0.5,Case D (Missed Security Similarity)
devign,id_10801_label_True_qemu.c_87,1,,2,1,id_10715_label_False_qemu.c_644,0,,1,0.0886,0.3894,0.1789,1.0,0.5,0.6667,0.75,Case D (Missed Security Similarity)
devign,id_10801_label_True_qemu.c_87,1,,2,2,id_11739_label_True_qemu.c_1552,1,,1,0.0988,0.3366,0.1701,1.0,0.5,0.6667,0.75,Case D (Missed Security Similarity)
devign,id_10801_label_True_qemu.c_87,1,,2,3,id_11942_label_True_FFmpeg.c_1736,1,,1,0.0606,0.3987,0.162,1.0,0.5,1.0,0.85,Case D (Missed Security Similarity)
devign,id_10801_label_True_qemu.c_87,1,,2,4,id_1216_label_False_qemu.c_1925,0,fprintf|strcmp,2,0.0607,0.395,0.161,0.0,0.3333,1.0,0.4,Uncorrelated / Low Similarity
devign,id_10801_label_True_qemu.c_87,1,,2,5,id_12726_label_False_qemu.c_2424,0,strncmp,3,0.0876,0.2848,0.1468,0.0,0.6667,1.0,0.5,Case D (Missed Security Similarity)
devign,id_10836_label_True_FFmpeg.c_88,1,,1,1,id_12358_label_False_FFmpeg.c_2092,0,,1,0.0805,0.4127,0.1802,1.0,1.0,1.0,1.0,Case D (Missed Security Similarity)
devign,id_10836_label_True_FFmpeg.c_88,1,,1,2,id_1086_label_False_FFmpeg.c_772,0,,1,0.0707,0.3454,0.1531,1.0,1.0,1.0,1.0,Case D (Missed Security Similarity)
devign,id_10836_label_True_FFmpeg.c_88,1,,1,3,id_11396_label_True_FFmpeg.c_1246,1,,2,0.0818,0.256,0.134,1.0,0.5,1.0,0.85,Case D (Missed Security Similarity)
devign,id_10836_label_True_FFmpeg.c_88,1,,1,4,id_1020_label_True_FFmpeg.c_196,1,memcpy,1,0.0645,0.273,0.1271,0.0,1.0,1.0,0.6,Case D (Missed Security Similarity)
devign,id_10836_label_True_FFmpeg.c_88,1,,1,5,id_11982_label_False_FFmpeg.c_1765,0,,2,0.035,0.0088,0.0272,1.0,0.5,1.0,0.85,Case D (Missed Security Similarity)
devign,id_10842_label_True_FFmpeg.c_89,1,memset|strcmp,1,1,id_11650_label_True_FFmpeg.c_1473,1,memcpy,2,0.1014,0.9553,0.3576,0.0,0.5,0.6667,0.35,Uncorrelated / Low Similarity
devign,id_10842_label_True_FFmpeg.c_89,1,memset|strcmp,1,2,id_1133_label_True_FFmpeg.c_1199,1,memcpy,2,0.1212,0.8999,0.3548,0.0,0.5,1.0,0.45,Uncorrelated / Low Similarity
devign,id_10842_label_True_FFmpeg.c_89,1,memset|strcmp,1,3,id_12599_label_False_FFmpeg.c_2311,0,memcpy,2,0.1333,0.7441,0.3166,0.0,0.5,1.0,0.45,Uncorrelated / Low Similarity
devign,id_10842_label_True_FFmpeg.c_89,1,memset|strcmp,1,4,id_12076_label_True_FFmpeg.c_1850,1,memset,2,0.1013,0.7523,0.2966,0.5,0.5,1.0,0.65,Case D (Missed Security Similarity)
devign,id_10842_label_True_FFmpeg.c_89,1,memset|strcmp,1,5,id_10415_label_True_FFmpeg.c_370,1,memcpy,2,0.1169,0.0105,0.085,0.0,0.5,1.0,0.45,Uncorrelated / Low Similarity
devign,id_10847_label_True_qemu.c_90,1,memset,2,1,id_10591_label_True_qemu.c_534,1,memset,2,0.062,0.6507,0.2386,1.0,1.0,0.6667,0.9,Case D (Missed Security Similarity)
devign,id_10847_label_True_qemu.c_90,1,memset,2,2,id_10331_label_False_qemu.c_302,0,,2,0.0857,0.4758,0.2027,0.0,0.3333,1.0,0.4,Uncorrelated / Low Similarity
devign,id_10847_label_True_qemu.c_90,1,memset,2,3,id_10703_label_False_qemu.c_631,0,snprintf,2,0.0661,0.4568,0.1833,0.0,1.0,0.6667,0.5,Case D (Missed Security Similarity)
devign,id_10847_label_True_qemu.c_90,1,memset,2,4,id_11541_label_True_qemu.c_1374,1,,1,0.1154,0.1556,0.1274,0.0,0.5,1.0,0.45,Uncorrelated / Low Similarity
devign,id_10847_label_True_qemu.c_90,1,memset,2,5,id_1192_label_False_qemu.c_1727,0,memset,2,0.0723,0.2165,0.1155,1.0,1.0,0.6667,0.9,Case D (Missed Security Similarity)
devign,id_10849_label_True_FFmpeg.c_91,1,,1,1,id_11227_label_True_FFmpeg.c_1098,1,,1,0.7143,1.0,0.8,1.0,1.0,1.0,1.0,Case A (Good)
devign,id_10849_label_True_FFmpeg.c_91,1,,1,2,id_1010_label_True_FFmpeg.c_104,1,,2,0.1081,0.4796,0.2195,1.0,0.5,1.0,0.85,Case D (Missed Security Similarity)
devign,id_10849_label_True_FFmpeg.c_91,1,,1,3,id_10786_label_True_FFmpeg.c_698,1,,1,0.1385,0.2368,0.168,1.0,1.0,1.0,1.0,Case D (Missed Security Similarity)
devign,id_10849_label_True_FFmpeg.c_91,1,,1,4,id_13226_label_True_FFmpeg.c_2870,1,,2,0.0921,0.0118,0.068,1.0,0.5,1.0,0.85,Case D (Missed Security Similarity)
devign,id_10849_label_True_FFmpeg.c_91,1,,1,5,id_10202_label_False_FFmpeg.c_188,0,,2,0.0864,0.0118,0.064,1.0,0.5,1.0,0.85,Case D (Missed Security Similarity)
devign,id_10857_label_True_qemu.c_92,1,,2,1,id_11229_label_True_qemu.c_1100,1,,2,0.1515,0.5673,0.2762,1.0,0.3333,0.6667,0.7,Case D (Missed Security Similarity)
devign,id_10857_label_True_qemu.c_92,1,,2,2,id_12632_label_False_qemu.c_2343,0,,1,0.1474,0.565,0.2727,1.0,0.0,0.6667,0.6,Case D (Missed Security Similarity)
devign,id_10857_label_True_qemu.c_92,1,,2,3,id_12488_label_True_qemu.c_2204,1,,1,0.1414,0.5673,0.2692,1.0,0.0,0.6667,0.6,Case D (Missed Security Similarity)
devign,id_10857_label_True_qemu.c_92,1,,2,4,id_11363_label_True_qemu.c_1219,1,,1,0.1149,0.4379,0.2118,1.0,0.0,0.6667,0.6,Case D (Missed Security Similarity)
devign,id_10857_label_True_qemu.c_92,1,,2,5,id_11787_label_True_qemu.c_1600,1,,2,0.0674,0.3131,0.1411,1.0,0.3333,0.6667,0.7,Case D (Missed Security Similarity)
devign,id_10868_label_True_FFmpeg.c_93,1,,1,1,id_10112_label_True_FFmpeg.c_106,1,,1,0.2065,0.3766,0.2576,1.0,1.0,1.0,1.0,Case D (Missed Security Similarity)
devign,id_10868_label_True_FFmpeg.c_93,1,,1,2,id_10588_label_False_FFmpeg.c_531,0,,1,0.078,0.3139,0.1488,1.0,1.0,1.0,1.0,Case D (Missed Security Similarity)
devign,id_10868_label_True_FFmpeg.c_93,1,,1,3,id_11296_label_True_FFmpeg.c_1161,1,,2,0.1127,0.2036,0.14,1.0,0.5,1.0,0.85,Case D (Missed Security Similarity)
devign,id_10868_label_True_FFmpeg.c_93,1,,1,4,id_11994_label_True_qemu.c_1774,1,,0,0.0282,0.2272,0.0879,1.0,0.0,0.6667,0.6,Case D (Missed Security Similarity)
devign,id_10868_label_True_FFmpeg.c_93,1,,1,5,id_10527_label_False_qemu.c_473,0,,0,0.0423,0.0818,0.0541,1.0,0.0,0.6667,0.6,Case D (Missed Security Similarity)
devign,id_10869_label_True_FFmpeg.c_94,1,memcpy,2,1,id_13283_label_False_FFmpeg.c_2923,0,,0,0.1233,0.1678,0.1366,0.0,0.0,0.6667,0.2,Uncorrelated / Low Similarity
devign,id_10869_label_True_FFmpeg.c_94,1,memcpy,2,2,id_12416_label_False_FFmpeg.c_2137,0,,0,0.1067,0.1699,0.1256,0.0,0.0,0.6667,0.2,Uncorrelated / Low Similarity
devign,id_10869_label_True_FFmpeg.c_94,1,memcpy,2,3,id_10996_label_False_FFmpeg.c_883,0,,0,0.0676,0.1811,0.1016,0.0,0.0,0.6667,0.2,Uncorrelated / Low Similarity
devign,id_10869_label_True_FFmpeg.c_94,1,memcpy,2,4,id_11632_label_False_FFmpeg.c_1457,0,,1,0.125,0.0118,0.091,0.0,0.5,1.0,0.45,Uncorrelated / Low Similarity
devign,id_10869_label_True_FFmpeg.c_94,1,memcpy,2,5,id_13082_label_False_FFmpeg.c_2742,0,,0,0.1233,0.0132,0.0902,0.0,0.0,0.6667,0.2,Uncorrelated / Low Similarity
devign,id_10875_label_False_qemu.c_95,0,,1,1,id_10529_label_False_qemu.c_475,0,,1,0.5,0.9024,0.6207,1.0,1.0,1.0,1.0,Case A (Good)
devign,id_10875_label_False_qemu.c_95,0,,1,2,id_10717_label_False_qemu.c_646,0,,1,0.4043,0.9002,0.553,1.0,1.0,0.6667,0.9,Case A (Good)
devign,id_10875_label_False_qemu.c_95,0,,1,3,id_12833_label_False_qemu.c_2512,0,,2,0.2388,0.6507,0.3624,1.0,0.5,1.0,0.85,Case D (Missed Security Similarity)
devign,id_10875_label_False_qemu.c_95,0,,1,4,id_1079_label_False_qemu.c_713,0,,1,0.15,0.3208,0.2012,1.0,1.0,1.0,1.0,Case D (Missed Security Similarity)
devign,id_10875_label_False_qemu.c_95,0,,1,5,id_11786_label_True_qemu.c_1599,1,,1,0.1163,0.3228,0.1782,1.0,0.0,1.0,0.7,Case D (Missed Security Similarity)
devign,id_10877_label_False_qemu.c_96,0,printf,1,1,id_10427_label_True_qemu.c_381,1,,1,0.069,0.3772,0.1614,0.0,1.0,0.6667,0.5,Case D (Missed Security Similarity)
devign,id_10877_label_False_qemu.c_96,0,printf,1,2,id_12057_label_True_qemu.c_1831,1,printf,1,0.1212,0.0116,0.0883,1.0,1.0,1.0,1.0,Case D (Missed Security Similarity)
devign,id_10877_label_False_qemu.c_96,0,printf,1,3,id_10258_label_False_qemu.c_237,0,memset,1,0.1189,0.0125,0.087,0.0,1.0,0.6667,0.5,Case D (Missed Security Similarity)
devign,id_10877_label_False_qemu.c_96,0,printf,1,4,id_11785_label_True_qemu.c_1598,1,printf,1,0.1,0.0116,0.0735,1.0,1.0,1.0,1.0,Case D (Missed Security Similarity)
devign,id_10877_label_False_qemu.c_96,0,printf,1,5,id_1140_label_True_qemu.c_1260,1,,1,0.0857,0.0091,0.0627,0.0,1.0,0.6667,0.5,Case D (Missed Security Similarity)
devign,id_10899_label_False_qemu.c_97,0,strcmp|strncpy|memset|snprintf|open|free|fprintf|write,3,1,id_1054_label_True_qemu.c_496,1,strcmp|strncpy|memset|snprintf|open|free|fprintf|write,3,0.9651,0.9923,0.9732,1.0,1.0,1.0,1.0,Case C (Dangerous - Label Mismatch)
devign,id_10899_label_False_qemu.c_97,0,strcmp|strncpy|memset|snprintf|open|free|fprintf|write,3,2,id_12982_label_True_FFmpeg.c_2655,1,memset,2,0.0526,0.6408,0.2291,0.125,0.6667,0.3333,0.35,Uncorrelated / Low Similarity
devign,id_10899_label_False_qemu.c_97,0,strcmp|strncpy|memset|snprintf|open|free|fprintf|write,3,3,id_12533_label_False_qemu.c_2249,0,strcmp,3,0.0611,0.476,0.1856,0.125,1.0,0.6667,0.55,Case D (Missed Security Similarity)
devign,id_10899_label_False_qemu.c_97,0,strcmp|strncpy|memset|snprintf|open|free|fprintf|write,3,4,id_11776_label_False_qemu.c_1589,0,memset,1,0.0402,0.1516,0.0736,0.125,0.3333,0.3333,0.25,Uncorrelated / Low Similarity
devign,id_10899_label_False_qemu.c_97,0,strcmp|strncpy|memset|snprintf|open|free|fprintf|write,3,5,id_10691_label_True_FFmpeg.c_619,1,free,1,0.0181,0.1153,0.0473,0.125,0.3333,0.6667,0.35,Uncorrelated / Low Similarity
devign,id_1089_label_True_qemu.c_98,1,,1,1,id_11818_label_True_qemu.c_1629,1,,4,0.082,0.3896,0.1742,1.0,0.25,1.0,0.775,Case D (Missed Security Similarity)
devign,id_1089_label_True_qemu.c_98,1,,1,2,id_10708_label_False_qemu.c_636,0,,1,0.1765,0.1518,0.1691,1.0,1.0,1.0,1.0,Case D (Missed Security Similarity)
devign,id_1089_label_True_qemu.c_98,1,,1,3,id_13005_label_False_qemu.c_2676,0,,2,0.0781,0.3345,0.155,1.0,0.5,1.0,0.85,Case D (Missed Security Similarity)
devign,id_1089_label_True_qemu.c_98,1,,1,4,id_1073_label_False_qemu.c_660,0,,1,0.098,0.2706,0.1498,1.0,1.0,0.6667,0.9,Case D (Missed Security Similarity)
devign,id_1089_label_True_qemu.c_98,1,,1,5,id_12910_label_True_qemu.c_2589,1,,3,0.0458,0.014,0.0363,1.0,0.3333,0.6667,0.7,Case D (Missed Security Similarity)
devign,id_108_label_False_qemu.c_99,0,calloc|printf,3,1,id_1173_label_False_qemu.c_1553,0,calloc|free|printf,3,0.5111,0.5321,0.5174,0.6667,1.0,1.0,0.8667,Case A (Good)
devign,id_108_label_False_qemu.c_99,0,calloc|printf,3,2,id_12462_label_False_FFmpeg.c_2179,0,memcpy,2,0.109,0.5484,0.2408,0.0,0.6667,0.3333,0.3,Uncorrelated / Low Similarity
devign,id_108_label_False_qemu.c_99,0,calloc|printf,3,3,id_11857_label_False_FFmpeg.c_1661,0,,0,0.0345,0.2083,0.0866,0.0,0.0,0.3333,0.1,Uncorrelated / Low Similarity
devign,id_108_label_False_qemu.c_99,0,calloc|printf,3,4,id_11872_label_False_FFmpeg.c_1674,0,,0,0.0345,0.2083,0.0866,0.0,0.0,0.3333,0.1,Uncorrelated / Low Similarity
devign,id_108_label_False_qemu.c_99,0,calloc|printf,3,5,id_11250_label_False_FFmpeg.c_1120,0,memcpy,3,0.057,0.1068,0.0719,0.0,1.0,0.6667,0.5,Case D (Missed Security Similarity)
devign,id_10914_label_True_qemu.c_100,1,,2,1,id_12453_label_False_qemu.c_2169,0,,1,0.16,0.5691,0.2827,1.0,0.5,1.0,0.85,Case D (Missed Security Similarity)
devign,id_10914_label_True_qemu.c_100,1,,2,2,id_1159_label_False_qemu.c_1429,0,close|open,2,0.1471,0.512,0.2565,0.0,1.0,1.0,0.6,Case D (Missed Security Similarity)
devign,id_10914_label_True_qemu.c_100,1,,2,3,id_11753_label_True_qemu.c_1564,1,close,1,0.1667,0.4198,0.2426,0.0,0.5,1.0,0.45,Uncorrelated / Low Similarity
devign,id_10914_label_True_qemu.c_100,1,,2,4,id_1213_label_False_qemu.c_1897,0,,3,0.0882,0.4154,0.1864,1.0,0.6667,1.0,0.9,Case D (Missed Security Similarity)
devign,id_10914_label_True_qemu.c_100,1,,2,5,id_11049_label_True_qemu.c_933,1,close|recv|snprintf,3,0.0733,0.3996,0.1712,0.0,0.6667,1.0,0.5,Case D (Missed Security Similarity)
devign,id_10950_label_False_FFmpeg.c_101,0,,1,1,id_11645_label_False_FFmpeg.c_1468,0,,1,0.1429,0.8017,0.3405,1.0,1.0,0.6667,0.9,Case D (Missed Security Similarity)
devign,id_10950_label_False_FFmpeg.c_101,0,,1,2,id_10696_label_True_FFmpeg.c_623,1,read,1,0.1264,0.7656,0.3181,0.0,1.0,0.6667,0.5,Case D (Missed Security Similarity)
devign,id_10950_label_False_FFmpeg.c_101,0,,1,3,id_11021_label_False_FFmpeg.c_907,0,,1,0.1284,0.7065,0.3018,1.0,1.0,0.6667,0.9,Case D (Missed Security Similarity)
devign,id_10950_label_False_FFmpeg.c_101,0,,1,4,id_10140_label_False_FFmpeg.c_131,0,,2,0.1089,0.7425,0.299,1.0,0.5,1.0,0.85,Case D (Missed Security Similarity)
devign,id_10950_label_False_FFmpeg.c_101,0,,1,5,id_13274_label_True_FFmpeg.c_2915,1,,1,0.0827,0.4634,0.1969,1.0,1.0,0.6667,0.9,Case D (Missed Security Similarity)
devign,id_10962_label_True_FFmpeg.c_102,1,strcmp|snprintf,3,1,id_11391_label_True_FFmpeg.c_1241,1,strcmp,1,0.0615,0.9346,0.3235,0.5,0.3333,1.0,0.6,Case D (Missed Security Similarity)
devign,id_10962_label_True_FFmpeg.c_102,1,strcmp|snprintf,3,2,id_10118_label_False_FFmpeg.c_111,0,memcpy,1,0.0543,0.763,0.2669,0.0,0.3333,1.0,0.4,Uncorrelated / Low Similarity
devign,id_10962_label_True_FFmpeg.c_102,1,strcmp|snprintf,3,3,id_1116_label_False_FFmpeg.c_1040,0,memcpy,3,0.056,0.6347,0.2296,0.0,1.0,1.0,0.6,Case D (Missed Security Similarity)
devign,id_10962_label_True_FFmpeg.c_102,1,strcmp|snprintf,3,4,id_12456_label_False_FFmpeg.c_2172,0,memset,3,0.0146,0.4745,0.1526,0.0,1.0,1.0,0.6,Case D (Missed Security Similarity)
devign,id_10962_label_True_FFmpeg.c_102,1,strcmp|snprintf,3,5,id_10754_label_False_FFmpeg.c_672,0,memset,4,0.0321,0.317,0.1176,0.0,0.75,1.0,0.525,Case D (Missed Security Similarity)
devign,id_10971_label_True_FFmpeg.c_103,1,memcpy,2,1,id_12993_label_False_FFmpeg.c_2665,0,,1,0.076,0.7021,0.2638,0.0,0.5,1.0,0.45,Uncorrelated / Low Similarity
devign,id_10971_label_True_FFmpeg.c_103,1,memcpy,2,2,id_12486_label_False_FFmpeg.c_2202,0,,1,0.0933,0.6507,0.2606,0.0,0.5,1.0,0.45,Uncorrelated / Low Similarity
devign,id_10971_label_True_FFmpeg.c_103,1,memcpy,2,3,id_11860_label_True_FFmpeg.c_1665,1,,2,0.1136,0.5658,0.2493,0.0,1.0,1.0,0.6,Case D (Missed Security Similarity)
devign,id_10971_label_True_FFmpeg.c_103,1,memcpy,2,4,id_11758_label_False_FFmpeg.c_1569,0,,1,0.0714,0.4242,0.1773,0.0,0.5,0.6667,0.35,Uncorrelated / Low Similarity
devign,id_10971_label_True_FFmpeg.c_103,1,memcpy,2,5,id_13072_label_True_FFmpeg.c_2734,1,,2,0.0842,0.3809,0.1732,0.0,0.3333,1.0,0.4,Uncorrelated / Low Similarity
devign,id_10974_label_True_qemu.c_104,1,,1,1,id_13037_label_True_qemu.c_2702,1,,2,0.1125,0.5133,0.2327,1.0,0.5,1.0,0.85,Case D (Missed Security Similarity)
devign,id_10974_label_True_qemu.c_104,1,,1,2,id_11716_label_True_qemu.c_1531,1,,1,0.1257,0.2371,0.1591,1.0,1.0,0.6667,0.9,Case D (Missed Security Similarity)
devign,id_10974_label_True_qemu.c_104,1,,1,3,id_1066_label_False_qemu.c_602,0,read,2,0.0794,0.2703,0.1367,0.0,0.5,0.6667,0.35,Uncorrelated / Low Similarity
devign,id_10974_label_True_qemu.c_104,1,,1,4,id_11994_label_True_qemu.c_1774,1,,0,0.0294,0.156,0.0674,1.0,0.0,1.0,0.7,Case D (Missed Security Similarity)
devign,id_10974_label_True_qemu.c_104,1,,1,5,id_10527_label_False_qemu.c_473,0,,0,0.0441,0.0806,0.0551,1.0,0.0,1.0,0.7,Case D (Missed Security Similarity)
devign,id_10982_label_False_qemu.c_105,0,,1,1,id_10634_label_True_qemu.c_570,1,memcpy|strcmp,2,0.1056,0.9192,0.3497,0.0,0.5,0.6667,0.35,Uncorrelated / Low Similarity
devign,id_10982_label_False_qemu.c_105,0,,1,2,id_13000_label_False_qemu.c_2673,0,memset,1,0.1383,0.8296,0.3457,0.0,1.0,1.0,0.6,Case D (Missed Security Similarity)
devign,id_10982_label_False_qemu.c_105,0,,1,3,id_12388_label_True_qemu.c_2112,1,,0,0.0896,0.6483,0.2572,1.0,0.0,1.0,0.7,Case D (Missed Security Similarity)
devign,id_10982_label_False_qemu.c_105,0,,1,4,id_12138_label_False_qemu.c_1896,0,,3,0.0615,0.6404,0.2352,1.0,0.3333,1.0,0.8,Case D (Missed Security Similarity)
devign,id_10982_label_False_qemu.c_105,0,,1,5,id_12602_label_True_qemu.c_2315,1,,1,0.1348,0.4444,0.2277,1.0,1.0,1.0,1.0,Case D (Missed Security Similarity)
devign,id_10984_label_False_qemu.c_106,0,,1,1,id_11138_label_False_qemu.c_1014,0,,2,0.102,0.4108,0.1947,1.0,0.5,1.0,0.85,Case D (Missed Security Similarity)
devign,id_10984_label_False_qemu.c_106,0,,1,2,id_13281_label_True_FFmpeg.c_2922,1,strcmp,3,0.0465,0.4827,0.1774,0.0,0.3333,1.0,0.4,Uncorrelated / Low Similarity
devign,id_10984_label_False_qemu.c_106,0,,1,3,id_11091_label_True_qemu.c_970,1,,2,0.1562,0.1823,0.1641,1.0,0.5,1.0,0.85,Case D (Missed Security Similarity)
devign,id_10984_label_False_qemu.c_106,0,,1,4,id_10537_label_False_qemu.c_484,0,strcmp,0,0.129,0.1698,0.1413,0.0,0.0,1.0,0.3,Uncorrelated / Low Similarity
devign,id_10984_label_False_qemu.c_106,0,,1,5,id_1294_label_False_qemu.c_2623,0,,2,0.0909,0.1975,0.1229,1.0,0.5,1.0,0.85,Case D (Missed Security Similarity)
devign,id_10992_label_False_FFmpeg.c_107,0,,2,1,id_12464_label_False_FFmpeg.c_2181,0,,2,0.1066,0.5259,0.2324,1.0,1.0,1.0,1.0,Case D (Missed Security Similarity)
devign,id_10992_label_False_FFmpeg.c_107,0,,2,2,id_11081_label_False_FFmpeg.c_962,0,memset|memcpy|free,3,0.0922,0.5442,0.2278,0.0,0.25,0.6667,0.275,Uncorrelated / Low Similarity
devign,id_10992_label_False_FFmpeg.c_107,0,,2,3,id_10468_label_True_FFmpeg.c_421,1,memset|memcpy|free,3,0.0922,0.5423,0.2272,0.0,0.25,0.6667,0.275,Uncorrelated / Low Similarity
devign,id_10992_label_False_FFmpeg.c_107,0,,2,4,id_12998_label_False_FFmpeg.c_2670,0,,1,0.0582,0.5191,0.1965,1.0,0.5,1.0,0.85,Case D (Missed Security Similarity)
devign,id_10992_label_False_FFmpeg.c_107,0,,2,5,id_11447_label_False_FFmpeg.c_1293,0,fprintf|printf,1,0.0806,0.3112,0.1498,0.0,0.5,1.0,0.45,Uncorrelated / Low Similarity
devign,id_10999_label_False_qemu.c_108,0,,0,1,id_11274_label_False_qemu.c_1140,0,,1,0.25,0.0721,0.1966,1.0,0.0,1.0,0.7,Case A (Good)
devign,id_10999_label_False_qemu.c_108,0,,0,2,id_12443_label_False_qemu.c_2161,0,fprintf,2,0.1719,0.0331,0.1303,0.0,0.0,1.0,0.3,Uncorrelated / Low Similarity
devign,id_10999_label_False_qemu.c_108,0,,0,3,id_10166_label_True_qemu.c_155,1,fprintf|fopen|fclose,1,0.1667,0.0171,0.1218,0.0,0.0,1.0,0.3,Uncorrelated / Low Similarity
devign,id_10999_label_False_qemu.c_108,0,,0,4,id_10397_label_False_FFmpeg.c_356,0,memcpy,2,0.1094,0.0157,0.0813,0.0,0.0,1.0,0.3,Uncorrelated / Low Similarity
devign,id_10999_label_False_qemu.c_108,0,,0,5,id_11106_label_True_FFmpeg.c_986,1,memcpy,3,0.0437,0.0141,0.0348,0.0,0.0,1.0,0.3,Uncorrelated / Low Similarity
devign,id_11016_label_False_qemu.c_109,0,send,1,1,id_1072_label_False_qemu.c_654,0,,1,0.1111,0.6454,0.2714,0.0,1.0,0.6667,0.5,Case D (Missed Security Similarity)
devign,id_11016_label_False_qemu.c_109,0,send,1,2,id_10959_label_True_qemu.c_853,1,,1,0.0674,0.6298,0.2361,0.0,0.0,0.6667,0.2,Uncorrelated / Low Similarity
devign,id_11016_label_False_qemu.c_109,0,send,1,3,id_11681_label_False_qemu.c_1502,0,,1,0.0632,0.6394,0.236,0.0,1.0,0.6667,0.5,Case D (Missed Security Similarity)
devign,id_11016_label_False_qemu.c_109,0,send,1,4,id_13059_label_False_qemu.c_2721,0,,2,0.0909,0.4859,0.2094,0.0,0.5,1.0,0.45,Uncorrelated / Low Similarity
devign,id_11016_label_False_qemu.c_109,0,send,1,5,id_11974_label_False_qemu.c_1761,0,,2,0.0935,0.2931,0.1534,0.0,0.5,0.6667,0.35,Uncorrelated / Low Similarity
devign,id_11026_label_False_FFmpeg.c_110,0,,2,1,id_12177_label_True_FFmpeg.c_1933,1,,3,0.0573,0.6933,0.2481,1.0,0.6667,1.0,0.9,Case D (Missed Security Similarity)
devign,id_11026_label_False_FFmpeg.c_110,0,,2,2,id_1177_label_False_qemu.c_1593,0,memset,2,0.0813,0.5611,0.2252,0.0,0.3333,1.0,0.4,Uncorrelated / Low Similarity
devign,id_11026_label_False_FFmpeg.c_110,0,,2,3,id_10720_label_False_qemu.c_650,0,memset|send|gets,2,0.0815,0.4422,0.1897,0.0,0.3333,1.0,0.4,Uncorrelated / Low Similarity
devign,id_11026_label_False_FFmpeg.c_110,0,,2,4,id_11163_label_True_qemu.c_1034,1,,2,0.0652,0.3439,0.1488,1.0,0.3333,1.0,0.8,Case D (Missed Security Similarity)
devign,id_11026_label_False_FFmpeg.c_110,0,,2,5,id_10930_label_False_qemu.c_827,0,,1,0.0619,0.2907,0.1305,1.0,0.5,1.0,0.85,Case D (Missed Security Similarity)
devign,id_11046_label_True_qemu.c_111,1,,0,1,id_11855_label_False_qemu.c_1659,0,,1,0.0556,0.4622,0.1776,1.0,0.0,1.0,0.7,Case D (Missed Security Similarity)
devign,id_11046_label_True_qemu.c_111,1,,0,2,id_1073_label_False_qemu.c_660,0,,1,0.0769,0.3777,0.1671,1.0,0.0,0.6667,0.6,Case D (Missed Security Similarity)
devign,id_11046_label_True_qemu.c_111,1,,0,3,id_11153_label_False_qemu.c_1026,0,,0,0.1087,0.2989,0.1657,1.0,1.0,1.0,1.0,Case D (Missed Security Similarity)
devign,id_11046_label_True_qemu.c_111,1,,0,4,id_11408_label_False_qemu.c_1258,0,,1,0.0581,0.3028,0.1315,1.0,0.0,1.0,0.7,Case D (Missed Security Similarity)
devign,id_11046_label_True_qemu.c_111,1,,0,5,id_10900_label_False_qemu.c_799,0,,1,0.0667,0.1719,0.0982,1.0,0.0,1.0,0.7,Case D (Missed Security Similarity)
devign,id_11070_label_True_qemu.c_112,1,,1,1,id_13055_label_False_qemu.c_2717,0,,1,0.1538,0.6233,0.2947,1.0,1.0,1.0,1.0,Case D (Missed Security Similarity)
devign,id_11070_label_True_qemu.c_112,1,,1,2,id_11668_label_False_qemu.c_1489,0,,2,0.0751,0.6541,0.2488,1.0,0.5,1.0,0.85,Case D (Missed Security Similarity)
devign,id_11070_label_True_qemu.c_112,1,,1,3,id_11150_label_False_qemu.c_1024,0,,2,0.1165,0.4836,0.2266,1.0,0.5,0.6667,0.75,Case D (Missed Security Similarity)
devign,id_11070_label_True_qemu.c_112,1,,1,4,id_11787_label_True_qemu.c_1600,1,,2,0.1154,0.4338,0.2109,1.0,0.5,1.0,0.85,Case D (Missed Security Similarity)
devign,id_11070_label_True_qemu.c_112,1,,1,5,id_12116_label_False_qemu.c_1881,0,,2,0.0816,0.4743,0.1994,1.0,0.5,1.0,0.85,Case D (Missed Security Similarity)
devign,id_1107_label_False_qemu.c_113,0,,1,1,id_13220_label_True_qemu.c_2866,1,,1,0.1667,0.7876,0.3529,1.0,1.0,1.0,1.0,Case D (Missed Security Similarity)
devign,id_1107_label_False_qemu.c_113,0,,1,2,id_11636_label_False_qemu.c_1460,0,,1,0.1667,0.5785,0.2902,1.0,1.0,1.0,1.0,Case D (Missed Security Similarity)
devign,id_1107_label_False_qemu.c_113,0,,1,3,id_11463_label_True_FFmpeg.c_1304,1,,2,0.1892,0.4994,0.2823,1.0,0.5,1.0,0.85,Case D (Missed Security Similarity)
devign,id_1107_label_False_qemu.c_113,0,,1,4,id_10304_label_False_qemu.c_277,0,write,1,0.1346,0.4228,0.2211,0.0,1.0,1.0,0.6,Case D (Missed Security Similarity)
devign,id_1107_label_False_qemu.c_113,0,,1,5,id_11215_label_True_qemu.c_1086,1,,2,0.12,0.3464,0.1879,1.0,0.5,1.0,0.85,Case D (Missed Security Similarity)
devign,id_11080_label_False_FFmpeg.c_114,0,memset,2,1,id_1127_label_True_FFmpeg.c_1146,1,memcpy,2,0.1469,0.9062,0.3747,0.0,1.0,1.0,0.6,Case D (Missed Security Similarity)
devign,id_11080_label_False_FFmpeg.c_114,0,memset,2,2,id_1015_label_False_FFmpeg.c_149,0,memset,2,0.1034,0.1021,0.103,1.0,1.0,1.0,1.0,Case D (Missed Security Similarity)
devign,id_11080_label_False_FFmpeg.c_114,0,memset,2,3,id_10148_label_False_FFmpeg.c_138,0,,2,0.098,0.0756,0.0913,0.0,0.3333,1.0,0.4,Uncorrelated / Low Similarity
devign,id_11080_label_False_FFmpeg.c_114,0,memset,2,4,id_1328_label_True_FFmpeg.c_2930,1,,2,0.0974,0.0756,0.0909,0.0,0.3333,1.0,0.4,Uncorrelated / Low Similarity
devign,id_11080_label_False_FFmpeg.c_114,0,memset,2,5,id_11129_label_False_FFmpeg.c_1005,0,memset|read,3,0.0526,0.0177,0.0421,0.5,0.25,1.0,0.575,Case D (Missed Security Similarity)
devign,id_11084_label_False_FFmpeg.c_115,0,,1,1,id_11011_label_False_FFmpeg.c_899,0,strncmp,1,0.0756,0.3515,0.1584,0.0,1.0,0.6667,0.5,Case D (Missed Security Similarity)
devign,id_11084_label_False_FFmpeg.c_115,0,,1,2,id_12863_label_False_FFmpeg.c_2541,0,memcpy|open,3,0.0602,0.3673,0.1524,0.0,0.3333,1.0,0.4,Uncorrelated / Low Similarity
devign,id_11084_label_False_FFmpeg.c_115,0,,1,3,id_10759_label_True_FFmpeg.c_677,1,memcpy,3,0.0526,0.3633,0.1458,0.0,0.3333,0.6667,0.3,Uncorrelated / Low Similarity
devign,id_11084_label_False_FFmpeg.c_115,0,,1,4,id_10961_label_True_FFmpeg.c_855,1,,2,0.0617,0.3248,0.1406,1.0,0.5,0.6667,0.75,Case D (Missed Security Similarity)
devign,id_11084_label_False_FFmpeg.c_115,0,,1,5,id_12193_label_False_FFmpeg.c_1948,0,,1,0.0862,0.1535,0.1064,1.0,1.0,1.0,1.0,Case D (Missed Security Similarity)
devign,id_1108_label_False_qemu.c_116,0,,1,1,id_12698_label_False_qemu.c_2398,0,,1,0.8378,0.9961,0.8853,1.0,1.0,1.0,1.0,Case A (Good)
devign,id_1108_label_False_qemu.c_116,0,,1,2,id_10246_label_False_qemu.c_225,0,,1,0.7436,0.9912,0.8179,1.0,1.0,1.0,1.0,Case A (Good)
devign,id_1108_label_False_qemu.c_116,0,,1,3,id_10127_label_False_qemu.c_120,0,,1,0.6429,0.9912,0.7473,1.0,1.0,1.0,1.0,Case A (Good)
devign,id_1108_label_False_qemu.c_116,0,,1,4,id_11191_label_True_qemu.c_1064,1,,1,0.6341,0.9912,0.7412,1.0,1.0,1.0,1.0,Case C (Dangerous - Label Mismatch)
devign,id_1108_label_False_qemu.c_116,0,,1,5,id_10935_label_False_qemu.c_831,0,,1,0.5128,0.8069,0.601,1.0,0.0,1.0,0.7,Case A (Good)
devign,id_11113_label_True_qemu.c_117,1,,2,1,id_10993_label_False_qemu.c_880,0,,1,0.0938,0.7331,0.2856,1.0,0.5,1.0,0.85,Case D (Missed Security Similarity)
devign,id_11113_label_True_qemu.c_117,1,,2,2,id_12516_label_True_qemu.c_2233,1,,1,0.0927,0.5443,0.2282,1.0,0.5,1.0,0.85,Case D (Missed Security Similarity)
devign,id_11113_label_True_qemu.c_117,1,,2,3,id_13164_label_False_qemu.c_2813,0,,1,0.0536,0.581,0.2118,1.0,0.5,1.0,0.85,Case D (Missed Security Similarity)
devign,id_11113_label_True_qemu.c_117,1,,2,4,id_12432_label_False_FFmpeg.c_2151,0,,1,0.069,0.4092,0.171,1.0,0.5,1.0,0.85,Case D (Missed Security Similarity)
devign,id_11113_label_True_qemu.c_117,1,,2,5,id_10280_label_False_qemu.c_256,0,,1,0.0805,0.3364,0.1573,1.0,0.5,1.0,0.85,Case D (Missed Security Similarity)
devign,id_11117_label_True_qemu.c_118,1,,1,1,id_1196_label_False_qemu.c_1756,0,,1,0.5172,0.8166,0.607,1.0,1.0,1.0,1.0,Case C (Dangerous - Label Mismatch)
devign,id_11117_label_True_qemu.c_118,1,,1,2,id_10001_label_False_qemu.c_1,0,,1,0.1765,0.6503,0.3186,1.0,1.0,1.0,1.0,Case D (Missed Security Similarity)
devign,id_11117_label_True_qemu.c_118,1,,1,3,id_11908_label_False_qemu.c_1708,0,,2,0.1875,0.2506,0.2064,1.0,0.5,1.0,0.85,Case D (Missed Security Similarity)
devign,id_11117_label_True_qemu.c_118,1,,1,4,id_1299_label_False_qemu.c_2671,0,,1,0.16,0.2719,0.1936,1.0,1.0,1.0,1.0,Case D (Missed Security Similarity)
devign,id_11117_label_True_qemu.c_118,1,,1,5,id_11003_label_False_qemu.c_891,0,,1,0.1786,0.1899,0.182,1.0,1.0,1.0,1.0,Case D (Missed Security Similarity)
devign,id_11126_label_False_qemu.c_119,0,,0,1,id_12126_label_False_qemu.c_1888,0,,2,0.2759,0.394,0.3113,1.0,0.0,0.6667,0.6,Case A (Good)
devign,id_11126_label_False_qemu.c_119,0,,0,2,id_11636_label_False_qemu.c_1460,0,,1,0.1842,0.5101,0.282,1.0,0.0,1.0,0.7,Case D (Missed Security Similarity)
devign,id_11126_label_False_qemu.c_119,0,,0,3,id_12754_label_False_qemu.c_2450,0,printf,1,0.2,0.4207,0.2662,0.0,0.0,1.0,0.3,Uncorrelated / Low Similarity
devign,id_11126_label_False_qemu.c_119,0,,0,4,id_111_label_False_qemu.c_1070,0,write|printf,0,0.2857,0.1864,0.2559,0.0,1.0,1.0,0.6,Case A (Good)
devign,id_11126_label_False_qemu.c_119,0,,0,5,id_11215_label_True_qemu.c_1086,1,,2,0.1304,0.3329,0.1912,1.0,0.0,1.0,0.7,Case D (Missed Security Similarity)
devign,id_11127_label_False_qemu.c_120,0,,1,1,id_11702_label_True_qemu.c_1518,1,memmove,2,0.3333,0.3641,0.3425,0.0,0.5,1.0,0.45,Case C (Dangerous - Label Mismatch)
devign,id_11127_label_False_qemu.c_120,0,,1,2,id_13111_label_False_FFmpeg.c_2769,0,memcpy,1,0.1463,0.5678,0.2728,0.0,1.0,1.0,0.6,Case D (Missed Security Similarity)
devign,id_11127_label_False_qemu.c_120,0,,1,3,id_11718_label_True_qemu.c_1533,1,,2,0.1139,0.4128,0.2036,1.0,0.5,1.0,0.85,Case D (Missed Security Similarity)
devign,id_11127_label_False_qemu.c_120,0,,1,4,id_11557_label_True_qemu.c_1387,1,,1,0.1591,0.0098,0.1143,1.0,1.0,0.6667,0.9,Case D (Missed Security Similarity)
devign,id_11127_label_False_qemu.c_120,0,,1,5,id_10363_label_False_qemu.c_329,0,,1,0.087,0.0101,0.0639,1.0,1.0,1.0,1.0,Case D (Missed Security Similarity)
devign,id_11128_label_False_qemu.c_121,0,fprintf,1,1,id_10066_label_False_qemu.c_59,0,,1,0.0849,0.7178,0.2748,0.0,1.0,0.6667,0.5,Case D (Missed Security Similarity)
devign,id_11128_label_False_qemu.c_121,0,fprintf,1,2,id_1118_label_False_qemu.c_1062,0,memcpy,2,0.0605,0.4694,0.1831,0.0,0.5,0.6667,0.35,Uncorrelated / Low Similarity
devign,id_11128_label_False_qemu.c_121,0,fprintf,1,3,id_12536_label_False_qemu.c_2252,0,,2,0.0606,0.3586,0.15,0.0,0.5,0.6667,0.35,Uncorrelated / Low Similarity
devign,id_11128_label_False_qemu.c_121,0,fprintf,1,4,id_11772_label_False_qemu.c_1585,0,,1,0.1038,0.1605,0.1208,0.0,1.0,1.0,0.6,Case D (Missed Security Similarity)
devign,id_11128_label_False_qemu.c_121,0,fprintf,1,5,id_11629_label_False_qemu.c_1454,0,,1,0.0805,0.1238,0.0935,0.0,1.0,1.0,0.6,Case D (Missed Security Similarity)
devign,id_11140_label_False_FFmpeg.c_122,0,,3,1,id_11737_label_True_FFmpeg.c_1550,1,,1,0.0648,0.5215,0.2018,1.0,0.3333,0.6667,0.7,Case D (Missed Security Similarity)
devign,id_11140_label_False_FFmpeg.c_122,0,,3,2,id_1116_label_False_FFmpeg.c_1040,0,memcpy,3,0.0657,0.3841,0.1612,0.0,1.0,1.0,0.6,Case D (Missed Security Similarity)
devign,id_11140_label_False_FFmpeg.c_122,0,,3,3,id_12456_label_False_FFmpeg.c_2172,0,memset,3,0.0114,0.4147,0.1324,0.0,1.0,1.0,0.6,Case D (Missed Security Similarity)
devign,id_11140_label_False_FFmpeg.c_122,0,,3,4,id_10754_label_False_FFmpeg.c_672,0,memset,4,0.0181,0.3258,0.1104,0.0,0.75,1.0,0.525,Case D (Missed Security Similarity)
devign,id_11140_label_False_FFmpeg.c_122,0,,3,5,id_11366_label_True_FFmpeg.c_1222,1,,1,0.0312,0.2916,0.1094,1.0,0.3333,0.6667,0.7,Case D (Missed Security Similarity)
devign,id_11141_label_False_qemu.c_123,0,memset|write,3,1,id_11145_label_False_qemu.c_1018,0,memset|write,2,0.4631,0.9889,0.6209,1.0,0.6667,1.0,0.9,Case A (Good)
devign,id_11141_label_False_qemu.c_123,0,memset|write,3,2,id_12180_label_True_qemu.c_1937,1,memset|write,2,0.4398,0.9909,0.6052,1.0,0.6667,1.0,0.9,Case C (Dangerous - Label Mismatch)
devign,id_11141_label_False_qemu.c_123,0,memset|write,3,3,id_13340_label_True_qemu.c_2976,1,,3,0.2372,0.2687,0.2466,0.0,1.0,1.0,0.6,Case D (Missed Security Similarity)
devign,id_11141_label_False_qemu.c_123,0,memset|write,3,4,id_1279_label_True_qemu.c_2485,1,,3,0.1317,0.3265,0.1901,0.0,1.0,1.0,0.6,Case D (Missed Security Similarity)
devign,id_11141_label_False_qemu.c_123,0,memset|write,3,5,id_11276_label_False_qemu.c_1142,0,,0,0.0136,0.0811,0.0338,0.0,0.0,1.0,0.3,Uncorrelated / Low Similarity
devign,id_11142_label_False_qemu.c_124,0,,1,1,id_10166_label_True_qemu.c_155,1,fprintf|fopen|fclose,1,0.2439,0.4867,0.3168,0.0,1.0,1.0,0.6,Case D (Missed Security Similarity)
devign,id_11142_label_False_qemu.c_124,0,,1,2,id_10706_label_False_qemu.c_634,0,,2,0.1224,0.3133,0.1797,1.0,0.5,0.6667,0.75,Case D (Missed Security Similarity)
devign,id_11142_label_False_qemu.c_124,0,,1,3,id_11078_label_True_qemu.c_960,1,,2,0.0889,0.3456,0.1659,1.0,0.5,0.6667,0.75,Case D (Missed Security Similarity)
devign,id_11142_label_False_qemu.c_124,0,,1,4,id_13212_label_True_FFmpeg.c_2858,1,read,1,0.0548,0.4231,0.1653,0.0,1.0,1.0,0.6,Case D (Missed Security Similarity)
devign,id_11142_label_False_qemu.c_124,0,,1,5,id_11502_label_True_FFmpeg.c_1341,1,memcpy|write,2,0.0575,0.3438,0.1434,0.0,0.5,1.0,0.45,Uncorrelated / Low Similarity
devign,id_11143_label_False_qemu.c_125,0,,3,1,id_10880_label_False_FFmpeg.c_782,0,memcpy,3,0.0576,0.4588,0.178,0.0,1.0,0.6667,0.5,Case D (Missed Security Similarity)
devign,id_11143_label_False_qemu.c_125,0,,3,2,id_1206_label_False_FFmpeg.c_1844,0,,1,0.0333,0.5094,0.1762,1.0,0.3333,0.6667,0.7,Case D (Missed Security Similarity)
devign,id_11143_label_False_qemu.c_125,0,,3,3,id_11078_label_True_qemu.c_960,1,,2,0.0506,0.4307,0.1647,1.0,0.6667,1.0,0.9,Case D (Missed Security Similarity)
devign,id_11143_label_False_qemu.c_125,0,,3,4,id_10706_label_False_qemu.c_634,0,,2,0.1026,0.2892,0.1586,1.0,0.6667,1.0,0.9,Case D (Missed Security Similarity)
devign,id_11143_label_False_qemu.c_125,0,,3,5,id_11502_label_True_FFmpeg.c_1341,1,memcpy|write,2,0.0595,0.2939,0.1298,0.0,0.6667,0.6667,0.4,Uncorrelated / Low Similarity
devign,id_11167_label_False_qemu.c_126,0,memset,2,1,id_10591_label_True_qemu.c_534,1,memset,2,0.0455,0.8404,0.2839,1.0,1.0,0.6667,0.9,Case D (Missed Security Similarity)
devign,id_11167_label_False_qemu.c_126,0,memset,2,2,id_12583_label_True_qemu.c_2296,1,,3,0.0789,0.5914,0.2327,0.0,0.6667,1.0,0.5,Case D (Missed Security Similarity)
devign,id_11167_label_False_qemu.c_126,0,memset,2,3,id_10703_label_False_qemu.c_631,0,snprintf,2,0.0484,0.5965,0.2128,0.0,1.0,0.6667,0.5,Case D (Missed Security Similarity)
devign,id_11167_label_False_qemu.c_126,0,memset,2,4,id_13331_label_True_qemu.c_2969,1,,2,0.1731,0.0088,0.1238,0.0,0.3333,1.0,0.4,Uncorrelated / Low Similarity
devign,id_11167_label_False_qemu.c_126,0,memset,2,5,id_11541_label_True_qemu.c_1374,1,,1,0.1132,0.0112,0.0826,0.0,0.5,1.0,0.45,Uncorrelated / Low Similarity
devign,id_11193_label_True_qemu.c_127,1,,2,1,id_10184_label_False_qemu.c_173,0,,0,0.0513,0.3419,0.1385,1.0,0.0,1.0,0.7,Case D (Missed Security Similarity)
devign,id_11193_label_True_qemu.c_127,1,,2,2,id_10387_label_False_qemu.c_348,0,,0,0.0625,0.2019,0.1043,1.0,0.0,1.0,0.7,Case D (Missed Security Similarity)
devign,id_11193_label_True_qemu.c_127,1,,2,3,id_11514_label_True_qemu.c_1352,1,,0,0.061,0.1957,0.1014,1.0,0.0,1.0,0.7,Case D (Missed Security Similarity)
devign,id_11193_label_True_qemu.c_127,1,,2,4,id_13234_label_True_qemu.c_2878,1,strcpy|malloc,0,0.0581,0.1349,0.0812,0.0,0.0,0.6667,0.2,Uncorrelated / Low Similarity
devign,id_11193_label_True_qemu.c_127,1,,2,5,id_12773_label_False_qemu.c_2468,0,,0,0.0581,0.0118,0.0443,1.0,0.0,1.0,0.7,Case D (Missed Security Similarity)
devign,id_1119_label_False_qemu.c_128,0,fprintf,3,1,id_10958_label_True_qemu.c_852,1,strncmp|fprintf,2,0.4899,0.9361,0.6238,0.5,0.6667,1.0,0.7,Case C (Dangerous - Label Mismatch)
devign,id_1119_label_False_qemu.c_128,0,fprintf,3,2,id_10879_label_False_qemu.c_780,0,fprintf,2,0.4241,0.5846,0.4722,1.0,0.6667,1.0,0.9,Case A (Good)
devign,id_1119_label_False_qemu.c_128,0,fprintf,3,3,id_12380_label_False_qemu.c_2107,0,,2,0.0518,0.6645,0.2356,0.0,0.6667,1.0,0.5,Case D (Missed Security Similarity)
devign,id_1119_label_False_qemu.c_128,0,fprintf,3,4,id_11234_label_True_FFmpeg.c_1105,1,memset|memcpy|read|free,3,0.0437,0.2947,0.119,0.0,1.0,0.6667,0.5,Case D (Missed Security Similarity)
devign,id_1119_label_False_qemu.c_128,0,fprintf,3,5,id_12263_label_True_FFmpeg.c_2009,1,memset|free|printf,4,0.0286,0.2829,0.1049,0.0,0.75,0.6667,0.425,Uncorrelated / Low Similarity
devign,id_11202_label_True_qemu.c_129,1,,1,1,id_13126_label_True_qemu.c_2782,1,,1,0.7826,0.9954,0.8464,1.0,1.0,1.0,1.0,Case A (Good)
devign,id_11202_label_True_qemu.c_129,1,,1,2,id_11699_label_True_qemu.c_1513,1,,1,0.3855,0.0115,0.2733,1.0,1.0,1.0,1.0,Case A (Good)
devign,id_11202_label_True_qemu.c_129,1,,1,3,id_11213_label_True_qemu.c_1084,1,,1,0.2727,0.0116,0.1944,1.0,1.0,1.0,1.0,Case A (Good)
devign,id_11202_label_True_qemu.c_129,1,,1,4,id_10689_label_True_qemu.c_616,1,,1,0.0326,0.3369,0.1239,1.0,1.0,0.3333,0.8,Case D (Missed Security Similarity)
devign,id_11202_label_True_qemu.c_129,1,,1,5,id_12608_label_True_qemu.c_2320,1,,2,0.0269,0.1305,0.058,1.0,0.5,1.0,0.85,Case D (Missed Security Similarity)
devign,id_1121_label_False_qemu.c_130,0,free,2,1,id_12268_label_True_qemu.c_2014,1,,2,0.1224,0.6629,0.2846,0.0,1.0,0.6667,0.5,Case D (Missed Security Similarity)
devign,id_1121_label_False_qemu.c_130,0,free,2,2,id_11629_label_False_qemu.c_1454,0,,1,0.0625,0.3218,0.1403,0.0,0.5,0.6667,0.35,Uncorrelated / Low Similarity
devign,id_1121_label_False_qemu.c_130,0,free,2,3,id_12618_label_True_qemu.c_2329,1,,1,0.087,0.2421,0.1335,0.0,0.5,0.6667,0.35,Uncorrelated / Low Similarity
devign,id_1121_label_False_qemu.c_130,0,free,2,4,id_10438_label_True_qemu.c_391,1,,1,0.0625,0.2974,0.133,0.0,0.5,0.6667,0.35,Uncorrelated / Low Similarity
devign,id_1121_label_False_qemu.c_130,0,free,2,5,id_11772_label_False_qemu.c_1585,0,,1,0.0706,0.2732,0.1314,0.0,0.5,0.6667,0.35,Uncorrelated / Low Similarity
devign,id_1122_label_False_qemu.c_131,0,,0,1,id_11229_label_True_qemu.c_1100,1,,2,0.2745,0.799,0.4319,1.0,0.0,1.0,0.7,Case C (Dangerous - Label Mismatch)
devign,id_1122_label_False_qemu.c_131,0,,0,2,id_12632_label_False_qemu.c_2343,0,,1,0.2766,0.794,0.4318,1.0,0.0,1.0,0.7,Case A (Good)
devign,id_1122_label_False_qemu.c_131,0,,0,3,id_12488_label_True_qemu.c_2204,1,,1,0.2308,0.794,0.3997,1.0,0.0,1.0,0.7,Case D (Missed Security Similarity)
devign,id_1122_label_False_qemu.c_131,0,,0,4,id_11786_label_True_qemu.c_1599,1,,1,0.3846,0.3413,0.3716,1.0,0.0,1.0,0.7,Case C (Dangerous - Label Mismatch)
devign,id_1122_label_False_qemu.c_131,0,,0,5,id_11010_label_False_qemu.c_898,0,,3,0.25,0.4959,0.3238,1.0,0.0,0.6667,0.6,Case A (Good)
devign,id_11235_label_True_qemu.c_132,1,,3,1,id_11186_label_False_qemu.c_1058,0,,2,0.2308,0.8419,0.4141,1.0,0.6667,1.0,0.9,Case D (Missed Security Similarity)
devign,id_11235_label_True_qemu.c_132,1,,3,2,id_10581_label_False_qemu.c_525,0,,2,0.2308,0.8419,0.4141,1.0,0.6667,1.0,0.9,Case D (Missed Security Similarity)
devign,id_11235_label_True_qemu.c_132,1,,3,3,id_11371_label_True_qemu.c_1226,1,,2,0.1528,0.6769,0.31,1.0,0.6667,1.0,0.9,Case D (Missed Security Similarity)
devign,id_11235_label_True_qemu.c_132,1,,3,4,id_11532_label_True_qemu.c_1365,1,,3,0.0988,0.6016,0.2496,1.0,1.0,1.0,1.0,Case D (Missed Security Similarity)
devign,id_11235_label_True_qemu.c_132,1,,3,5,id_1198_label_False_qemu.c_1769,0,,1,0.0702,0.4118,0.1727,1.0,0.3333,1.0,0.8,Case D (Missed Security Similarity)
devign,id_11268_label_False_qemu.c_133,0,memset|memcpy|write,1,1,id_11684_label_False_qemu.c_1504,0,memset|memcpy|strcmp,2,0.1534,0.327,0.2054,0.5,0.5,0.6667,0.55,Case D (Missed Security Similarity)
devign,id_11268_label_False_qemu.c_133,0,memset|memcpy|write,1,2,id_12272_label_True_qemu.c_2018,1,,4,0.0797,0.4965,0.2047,0.0,0.25,0.6667,0.275,Uncorrelated / Low Similarity
devign,id_11268_label_False_qemu.c_133,0,memset|memcpy|write,1,3,id_11351_label_True_FFmpeg.c_1210,1,,2,0.1033,0.3772,0.1854,0.0,0.5,0.6667,0.35,Uncorrelated / Low Similarity
devign,id_11268_label_False_qemu.c_133,0,memset|memcpy|write,1,4,id_12235_label_True_FFmpeg.c_1983,1,strcpy|strcmp,3,0.0864,0.3809,0.1748,0.0,0.3333,0.6667,0.3,Uncorrelated / Low Similarity
devign,id_11268_label_False_qemu.c_133,0,memset|memcpy|write,1,5,id_13152_label_False_FFmpeg.c_2804,0,read,0,0.0687,0.286,0.1339,0.0,0.0,0.3333,0.1,Uncorrelated / Low Similarity
devign,id_11303_label_False_qemu.c_134,0,,3,1,id_13063_label_False_qemu.c_2725,0,memcpy,1,0.1412,0.6096,0.2817,0.0,0.3333,1.0,0.4,Uncorrelated / Low Similarity
devign,id_11303_label_False_qemu.c_134,0,,3,2,id_10701_label_False_qemu.c_629,0,,2,0.136,0.446,0.229,1.0,0.6667,1.0,0.9,Case D (Missed Security Similarity)
devign,id_11303_label_False_qemu.c_134,0,,3,3,id_13263_label_True_FFmpeg.c_2906,1,memset,2,0.1579,0.3294,0.2093,0.0,0.6667,1.0,0.5,Case D (Missed Security Similarity)
devign,id_11303_label_False_qemu.c_134,0,,3,4,id_10243_label_False_qemu.c_223,0,fprintf|strcmp|free,3,0.1395,0.3099,0.1906,0.0,1.0,0.6667,0.5,Case D (Missed Security Similarity)
devign,id_11303_label_False_qemu.c_134,0,,3,5,id_12726_label_False_qemu.c_2424,0,strncmp,3,0.117,0.2779,0.1652,0.0,1.0,1.0,0.6,Case D (Missed Security Similarity)
devign,id_1130_label_True_qemu.c_135,1,printf,2,1,id_1173_label_False_qemu.c_1553,0,calloc|free|printf,3,0.4897,0.6416,0.5352,0.3333,0.6667,0.6667,0.5333,Case C (Dangerous - Label Mismatch)
devign,id_1130_label_True_qemu.c_135,1,printf,2,2,id_12675_label_False_qemu.c_2376,0,,1,0.0541,0.4183,0.1633,0.0,0.5,0.6667,0.35,Uncorrelated / Low Similarity
devign,id_1130_label_True_qemu.c_135,1,printf,2,3,id_11835_label_False_FFmpeg.c_1645,0,,1,0.0496,0.3883,0.1513,0.0,0.5,1.0,0.45,Uncorrelated / Low Similarity
devign,id_1130_label_True_qemu.c_135,1,printf,2,4,id_11872_label_False_FFmpeg.c_1674,0,,0,0.0312,0.0115,0.0253,0.0,0.0,0.6667,0.2,Uncorrelated / Low Similarity
devign,id_1130_label_True_qemu.c_135,1,printf,2,5,id_11857_label_False_FFmpeg.c_1661,0,,0,0.0312,0.0115,0.0253,0.0,0.0,0.6667,0.2,Uncorrelated / Low Similarity
devign,id_11316_label_False_qemu.c_136,0,read|system,1,1,id_12587_label_True_qemu.c_2299,1,read,1,0.3509,0.8454,0.4993,0.5,1.0,1.0,0.8,Case C (Dangerous - Label Mismatch)
devign,id_11316_label_False_qemu.c_136,0,read|system,1,2,id_11640_label_False_qemu.c_1465,0,,1,0.1164,0.752,0.3071,0.0,1.0,0.6667,0.5,Case D (Missed Security Similarity)
devign,id_11316_label_False_qemu.c_136,0,read|system,1,3,id_12521_label_True_qemu.c_2237,1,fprintf,1,0.0997,0.663,0.2687,0.0,1.0,0.6667,0.5,Case D (Missed Security Similarity)
devign,id_11316_label_False_qemu.c_136,0,read|system,1,4,id_12069_label_True_qemu.c_1843,1,,1,0.1429,0.0118,0.1035,0.0,1.0,0.6667,0.5,Case D (Missed Security Similarity)
devign,id_11316_label_False_qemu.c_136,0,read|system,1,5,id_11130_label_False_qemu.c_1007,0,,1,0.1234,0.0113,0.0898,0.0,1.0,0.6667,0.5,Case D (Missed Security Similarity)
devign,id_11328_label_True_qemu.c_137,1,read,1,1,id_12165_label_True_qemu.c_1921,1,free,2,0.1845,0.8016,0.3696,0.0,0.5,0.3333,0.25,Uncorrelated / Low Similarity
devign,id_11328_label_True_qemu.c_137,1,read,1,2,id_12428_label_True_qemu.c_2147,1,,2,0.1626,0.7716,0.3453,0.0,0.5,0.6667,0.35,Uncorrelated / Low Similarity
devign,id_11328_label_True_qemu.c_137,1,read,1,3,id_11577_label_True_qemu.c_1407,1,,2,0.1826,0.6824,0.3325,0.0,0.5,0.6667,0.35,Uncorrelated / Low Similarity
devign,id_11328_label_True_qemu.c_137,1,read,1,4,id_13131_label_True_qemu.c_2787,1,,0,0.1,0.2173,0.1352,0.0,0.0,0.6667,0.2,Uncorrelated / Low Similarity
devign,id_11328_label_True_qemu.c_137,1,read,1,5,id_11452_label_True_qemu.c_1295,1,,1,0.0886,0.0084,0.0646,0.0,1.0,0.6667,0.5,Case D (Missed Security Similarity)
devign,id_11334_label_True_qemu.c_138,1,,1,1,id_11599_label_False_qemu.c_1428,0,,1,0.75,1.0,0.825,1.0,1.0,1.0,1.0,Case C (Dangerous - Label Mismatch)
devign,id_11334_label_True_qemu.c_138,1,,1,2,id_10785_label_True_qemu.c_697,1,,1,0.3611,0.8411,0.5051,1.0,1.0,1.0,1.0,Case A (Good)
devign,id_11334_label_True_qemu.c_138,1,,1,3,id_11474_label_True_qemu.c_1314,1,memcpy,2,0.1892,0.5645,0.3018,0.0,0.5,1.0,0.45,Uncorrelated / Low Similarity
devign,id_11334_label_True_qemu.c_138,1,,1,4,id_10014_label_False_qemu.c_13,0,,2,0.1905,0.431,0.2626,1.0,0.5,0.6667,0.75,Case D (Missed Security Similarity)
devign,id_11334_label_True_qemu.c_138,1,,1,5,id_10586_label_False_qemu.c_529,0,memcpy|read,2,0.1512,0.4553,0.2424,0.0,0.5,1.0,0.45,Uncorrelated / Low Similarity
devign,id_11359_label_True_qemu.c_139,1,memcpy,3,1,id_10348_label_False_FFmpeg.c_317,0,memset,1,0.104,0.6576,0.2701,0.0,0.3333,1.0,0.4,Uncorrelated / Low Similarity
devign,id_11359_label_True_qemu.c_139,1,memcpy,3,2,id_1011_label_True_FFmpeg.c_113,1,memset|read,3,0.1055,0.3774,0.1871,0.0,1.0,1.0,0.6,Case D (Missed Security Similarity)
devign,id_11359_label_True_qemu.c_139,1,memcpy,3,3,id_12336_label_True_FFmpeg.c_2072,1,,2,0.0759,0.4345,0.1835,0.0,0.6667,1.0,0.5,Case D (Missed Security Similarity)
devign,id_11359_label_True_qemu.c_139,1,memcpy,3,4,id_11966_label_False_qemu.c_1754,0,memset,2,0.0994,0.0109,0.0729,0.0,0.6667,1.0,0.5,Case D (Missed Security Similarity)
devign,id_11359_label_True_qemu.c_139,1,memcpy,3,5,id_12713_label_False_qemu.c_2412,0,,1,0.0993,0.0098,0.0725,0.0,0.3333,0.6667,0.3,Uncorrelated / Low Similarity
devign,id_11361_label_True_FFmpeg.c_140,1,,1,1,id_10903_label_True_FFmpeg.c_802,1,,1,0.1161,0.5081,0.2337,1.0,1.0,1.0,1.0,Case D (Missed Security Similarity)
devign,id_11361_label_True_FFmpeg.c_140,1,,1,2,id_13359_label_False_qemu.c_2993,0,printf,1,0.1184,0.4199,0.2089,0.0,1.0,1.0,0.6,Case D (Missed Security Similarity)
devign,id_11361_label_True_FFmpeg.c_140,1,,1,3,id_1221_label_False_qemu.c_1968,0,free,1,0.1264,0.3548,0.195,0.0,1.0,0.3333,0.4,Uncorrelated / Low Similarity
devign,id_11361_label_True_FFmpeg.c_140,1,,1,4,id_13013_label_False_qemu.c_2684,0,,2,0.073,0.4438,0.1842,1.0,0.5,1.0,0.85,Case D (Missed Security Similarity)
devign,id_11361_label_True_FFmpeg.c_140,1,,1,5,id_11110_label_True_FFmpeg.c_991,1,,2,0.0943,0.304,0.1572,1.0,0.5,1.0,0.85,Case D (Missed Security Similarity)
devign,id_11368_label_True_qemu.c_141,1,,2,1,id_10350_label_True_qemu.c_319,1,,1,0.1176,0.7991,0.3221,1.0,0.5,0.6667,0.75,Case D (Missed Security Similarity)
devign,id_11368_label_True_qemu.c_141,1,,2,2,id_12613_label_True_qemu.c_2326,1,,4,0.0671,0.797,0.286,1.0,0.5,0.6667,0.75,Case D (Missed Security Similarity)
devign,id_11368_label_True_qemu.c_141,1,,2,3,id_10022_label_False_qemu.c_19,0,,1,0.0844,0.679,0.2628,1.0,0.5,1.0,0.85,Case D (Missed Security Similarity)
devign,id_11368_label_True_qemu.c_141,1,,2,4,id_11542_label_True_qemu.c_1375,1,,1,0.0376,0.4744,0.1686,1.0,0.5,1.0,0.85,Case D (Missed Security Similarity)
devign,id_11368_label_True_qemu.c_141,1,,2,5,id_11962_label_False_qemu.c_1752,0,,3,0.0917,0.0132,0.0682,1.0,0.6667,1.0,0.9,Case D (Missed Security Similarity)
devign,id_1136_label_True_qemu.c_142,1,memcpy|memset|free|fprintf|write,4,1,id_11218_label_True_qemu.c_1089,1,,3,0.0899,0.8618,0.3215,0.0,0.75,0.6667,0.425,Uncorrelated / Low Similarity
devign,id_1136_label_True_qemu.c_142,1,memcpy|memset|free|fprintf|write,4,2,id_12091_label_True_qemu.c_1863,1,memset|memcpy,3,0.1185,0.7372,0.3041,0.4,0.75,0.6667,0.585,Case D (Missed Security Similarity)
devign,id_1136_label_True_qemu.c_142,1,memcpy|memset|free|fprintf|write,4,3,id_11233_label_True_qemu.c_1104,1,free|write,3,0.1369,0.693,0.3037,0.4,0.75,1.0,0.685,Case D (Missed Security Similarity)
devign,id_1136_label_True_qemu.c_142,1,memcpy|memset|free|fprintf|write,4,4,id_12502_label_True_qemu.c_2218,1,memset|write,2,0.1174,0.6316,0.2717,0.4,0.5,0.6667,0.51,Case D (Missed Security Similarity)
devign,id_1136_label_True_qemu.c_142,1,memcpy|memset|free|fprintf|write,4,5,id_10893_label_False_qemu.c_794,0,write,4,0.0989,0.6403,0.2613,0.2,1.0,0.3333,0.48,Uncorrelated / Low Similarity
devign,id_1137_label_True_FFmpeg.c_143,1,read,2,1,id_10464_label_True_FFmpeg.c_417,1,,2,0.1331,0.7932,0.3311,0.0,0.3333,1.0,0.4,Uncorrelated / Low Similarity
devign,id_1137_label_True_FFmpeg.c_143,1,read,2,2,id_11605_label_False_FFmpeg.c_1436,0,,1,0.1225,0.7745,0.3181,0.0,0.5,1.0,0.45,Uncorrelated / Low Similarity
devign,id_1137_label_True_FFmpeg.c_143,1,read,2,3,id_11860_label_True_FFmpeg.c_1665,1,,2,0.0913,0.5135,0.218,0.0,0.3333,1.0,0.4,Uncorrelated / Low Similarity
devign,id_1137_label_True_FFmpeg.c_143,1,read,2,4,id_11846_label_False_FFmpeg.c_1653,0,,1,0.0769,0.4898,0.2008,0.0,0.5,1.0,0.45,Uncorrelated / Low Similarity
devign,id_1137_label_True_FFmpeg.c_143,1,read,2,5,id_11565_label_True_FFmpeg.c_1396,1,,1,0.0685,0.3962,0.1668,0.0,0.5,0.6667,0.35,Uncorrelated / Low Similarity
devign,id_11381_label_True_qemu.c_144,1,,1,1,id_12338_label_True_FFmpeg.c_2074,1,,1,0.1186,0.6481,0.2775,1.0,1.0,0.6667,0.9,Case D (Missed Security Similarity)
devign,id_11381_label_True_qemu.c_144,1,,1,2,id_12706_label_False_qemu.c_2405,0,,1,0.125,0.6232,0.2745,1.0,1.0,1.0,1.0,Case D (Missed Security Similarity)
devign,id_11381_label_True_qemu.c_144,1,,1,3,id_11252_label_True_qemu.c_1122,1,,3,0.0725,0.6831,0.2557,1.0,0.3333,1.0,0.8,Case D (Missed Security Similarity)
devign,id_11381_label_True_qemu.c_144,1,,1,4,id_13116_label_True_FFmpeg.c_2773,1,memset,1,0.0357,0.6364,0.2159,0.0,1.0,0.6667,0.5,Case D (Missed Security Similarity)
devign,id_11381_label_True_qemu.c_144,1,,1,5,id_12128_label_False_FFmpeg.c_1890,0,memset,2,0.0124,0.4034,0.1297,0.0,0.5,0.6667,0.35,Uncorrelated / Low Similarity
devign,id_11383_label_True_FFmpeg.c_145,1,snprintf,1,1,id_10106_label_True_qemu.c_100,1,memmove,1,0.087,0.5455,0.2245,0.0,1.0,0.6667,0.5,Case D (Missed Security Similarity)
devign,id_11383_label_True_FFmpeg.c_145,1,snprintf,1,2,id_13327_label_True_FFmpeg.c_2964,1,,1,0.0567,0.5966,0.2187,0.0,1.0,0.6667,0.5,Case D (Missed Security Similarity)
devign,id_11383_label_True_FFmpeg.c_145,1,snprintf,1,3,id_10740_label_True_FFmpeg.c_661,1,free,0,0.0385,0.2063,0.0888,0.0,0.0,0.3333,0.1,Uncorrelated / Low Similarity
devign,id_11383_label_True_FFmpeg.c_145,1,snprintf,1,4,id_1233_label_False_qemu.c_2076,0,,2,0.0849,0.0091,0.0622,0.0,0.5,1.0,0.45,Uncorrelated / Low Similarity
devign,id_11383_label_True_FFmpeg.c_145,1,snprintf,1,5,id_10714_label_False_qemu.c_643,0,,3,0.0739,0.0109,0.055,0.0,0.3333,0.6667,0.3,Uncorrelated / Low Similarity
devign,id_11400_label_False_qemu.c_146,0,printf,3,1,id_13148_label_True_qemu.c_2800,1,fprintf|memcpy|recv,2,0.0726,0.6256,0.2385,0.0,0.6667,0.6667,0.4,Uncorrelated / Low Similarity
devign,id_11400_label_False_qemu.c_146,0,printf,3,2,id_11189_label_True_qemu.c_1061,1,send,1,0.0779,0.3516,0.16,0.0,0.3333,1.0,0.4,Uncorrelated / Low Similarity
devign,id_11400_label_False_qemu.c_146,0,printf,3,3,id_10527_label_False_qemu.c_473,0,,0,0.0588,0.0871,0.0673,0.0,0.0,1.0,0.3,Uncorrelated / Low Similarity
devign,id_11400_label_False_qemu.c_146,0,printf,3,4,id_11944_label_True_qemu.c_1738,1,,1,0.0714,0.0141,0.0542,0.0,0.3333,1.0,0.4,Uncorrelated / Low Similarity
devign,id_11400_label_False_qemu.c_146,0,printf,3,5,id_1062_label_False_qemu.c_565,0,fprintf|recv|send|printf,3,0.057,0.0107,0.0431,0.25,1.0,0.6667,0.6,Case D (Missed Security Similarity)
devign,id_11423_label_False_FFmpeg.c_147,0,,2,1,id_12547_label_True_FFmpeg.c_2261,1,,2,0.7955,0.996,0.8556,1.0,1.0,1.0,1.0,Case C (Dangerous - Label Mismatch)
devign,id_11423_label_False_FFmpeg.c_147,0,,2,2,id_13218_label_True_FFmpeg.c_2863,1,,1,0.2152,0.5709,0.3219,1.0,0.5,1.0,0.85,Case D (Missed Security Similarity)
devign,id_11423_label_False_FFmpeg.c_147,0,,2,3,id_119_label_True_FFmpeg.c_1779,1,memset,2,0.1524,0.5939,0.2848,0.0,1.0,1.0,0.6,Case D (Missed Security Similarity)
devign,id_11423_label_False_FFmpeg.c_147,0,,2,4,id_11420_label_False_FFmpeg.c_1271,0,,2,0.1273,0.3247,0.1865,1.0,1.0,1.0,1.0,Case D (Missed Security Similarity)
devign,id_11423_label_False_FFmpeg.c_147,0,,2,5,id_10177_label_False_FFmpeg.c_166,0,,1,0.0781,0.2942,0.143,1.0,0.5,1.0,0.85,Case D (Missed Security Similarity)
devign,id_11427_label_False_FFmpeg.c_148,0,write,3,1,id_11569_label_True_FFmpeg.c_1399,1,system|write,1,0.0986,0.5693,0.2398,0.5,0.3333,1.0,0.6,Case D (Missed Security Similarity)
devign,id_11427_label_False_FFmpeg.c_148,0,write,3,2,id_11281_label_False_FFmpeg.c_1148,0,,2,0.0752,0.3157,0.1474,0.0,0.6667,1.0,0.5,Case D (Missed Security Similarity)
devign,id_11427_label_False_FFmpeg.c_148,0,write,3,3,id_10731_label_True_FFmpeg.c_655,1,printf,2,0.0678,0.3316,0.1469,0.0,0.25,1.0,0.375,Uncorrelated / Low Similarity
devign,id_11427_label_False_FFmpeg.c_148,0,write,3,4,id_13274_label_True_FFmpeg.c_2915,1,,1,0.0433,0.3286,0.1289,0.0,0.3333,0.6667,0.3,Uncorrelated / Low Similarity
devign,id_11427_label_False_FFmpeg.c_148,0,write,3,5,id_1175_label_False_FFmpeg.c_1571,0,,2,0.1063,0.0105,0.0776,0.0,0.25,1.0,0.375,Uncorrelated / Low Similarity
devign,id_11428_label_False_FFmpeg.c_149,0,,1,1,id_11260_label_False_qemu.c_1130,0,,2,0.0349,0.526,0.1822,1.0,0.5,1.0,0.85,Case D (Missed Security Similarity)
devign,id_11428_label_False_FFmpeg.c_149,0,,1,2,id_10693_label_True_qemu.c_620,1,,2,0.0312,0.5282,0.1803,1.0,0.5,1.0,0.85,Case D (Missed Security Similarity)
devign,id_11428_label_False_FFmpeg.c_149,0,,1,3,id_123_label_True_FFmpeg.c_2122,1,memcpy|open,2,0.0482,0.3571,0.1409,0.0,0.5,0.6667,0.35,Uncorrelated / Low Similarity
devign,id_11428_label_False_FFmpeg.c_149,0,,1,4,id_1190_label_False_FFmpeg.c_1710,0,vsnprintf,3,0.0496,0.1989,0.0944,0.0,0.3333,0.6667,0.3,Uncorrelated / Low Similarity
devign,id_11428_label_False_FFmpeg.c_149,0,,1,5,id_11184_label_False_qemu.c_1056,0,,0,0.0429,0.0094,0.0328,1.0,0.0,1.0,0.7,Case D (Missed Security Similarity)
devign,id_11433_label_True_FFmpeg.c_150,1,,2,1,id_13338_label_True_FFmpeg.c_2974,1,,2,0.398,0.9883,0.575,1.0,1.0,1.0,1.0,Case A (Good)
devign,id_11433_label_True_FFmpeg.c_150,1,,2,2,id_12195_label_True_FFmpeg.c_1949,1,,1,0.0992,0.5602,0.2375,1.0,0.5,0.6667,0.75,Case D (Missed Security Similarity)
devign,id_11433_label_True_FFmpeg.c_150,1,,2,3,id_12510_label_False_FFmpeg.c_2227,0,,1,0.0794,0.5175,0.2108,1.0,0.5,0.6667,0.75,Case D (Missed Security Similarity)
devign,id_11433_label_True_FFmpeg.c_150,1,,2,4,id_13074_label_True_qemu.c_2736,1,memcpy,2,0.0837,0.4807,0.2028,0.0,1.0,1.0,0.6,Case D (Missed Security Similarity)
devign,id_11433_label_True_FFmpeg.c_150,1,,2,5,id_13287_label_False_FFmpeg.c_2927,0,memset|memcpy,1,0.0727,0.3323,0.1506,0.0,0.5,1.0,0.45,Uncorrelated / Low Similarity
devign,id_11439_label_True_qemu.c_151,1,read,2,1,id_10304_label_False_qemu.c_277,0,write,1,0.1596,0.6719,0.3133,0.0,0.5,1.0,0.45,Uncorrelated / Low Similarity
devign,id_11439_label_True_qemu.c_151,1,read,2,2,id_10890_label_False_qemu.c_791,0,,1,0.1719,0.6358,0.311,0.0,0.5,0.6667,0.35,Uncorrelated / Low Similarity
devign,id_11439_label_True_qemu.c_151,1,read,2,3,id_11215_label_True_qemu.c_1086,1,,2,0.191,0.5791,0.3074,0.0,0.3333,1.0,0.4,Uncorrelated / Low Similarity
devign,id_11439_label_True_qemu.c_151,1,read,2,4,id_11636_label_False_qemu.c_1460,0,,1,0.1647,0.5256,0.273,0.0,0.5,1.0,0.45,Uncorrelated / Low Similarity
devign,id_11439_label_True_qemu.c_151,1,read,2,5,id_12291_label_True_FFmpeg.c_2035,1,,1,0.1062,0.3421,0.177,0.0,0.5,1.0,0.45,Uncorrelated / Low Similarity
devign,id_11444_label_False_FFmpeg.c_152,0,,1,1,id_11379_label_True_FFmpeg.c_1233,1,,2,0.3214,0.2336,0.2951,1.0,0.5,1.0,0.85,Case C (Dangerous - Label Mismatch)
devign,id_11444_label_False_FFmpeg.c_152,0,,1,2,id_12695_label_True_FFmpeg.c_2395,1,strcmp,2,0.0857,0.4675,0.2002,0.0,0.5,1.0,0.45,Uncorrelated / Low Similarity
devign,id_11444_label_False_FFmpeg.c_152,0,,1,3,id_11060_label_True_FFmpeg.c_945,1,,2,0.0769,0.2917,0.1413,1.0,0.5,1.0,0.85,Case D (Missed Security Similarity)
devign,id_11444_label_False_FFmpeg.c_152,0,,1,4,id_10625_label_False_FFmpeg.c_560,0,,2,0.075,0.1559,0.0993,1.0,0.5,1.0,0.85,Case D (Missed Security Similarity)
devign,id_11444_label_False_FFmpeg.c_152,0,,1,5,id_10144_label_False_FFmpeg.c_135,0,strncmp|memmove|strcmp,2,0.0348,0.1424,0.0671,0.0,0.5,1.0,0.45,Uncorrelated / Low Similarity
devign,id_11449_label_True_qemu.c_153,1,,0,1,id_1305_label_True_qemu.c_2722,1,,0,0.3,0.8263,0.4579,1.0,1.0,1.0,1.0,Case A (Good)
devign,id_11449_label_True_qemu.c_153,1,,0,2,id_11177_label_False_qemu.c_1048,0,,2,0.2857,0.6809,0.4043,1.0,0.0,1.0,0.7,Case C (Dangerous - Label Mismatch)
devign,id_11449_label_True_qemu.c_153,1,,0,3,id_11954_label_False_qemu.c_1746,0,,1,0.1765,0.6197,0.3094,1.0,0.0,1.0,0.7,Case D (Missed Security Similarity)
devign,id_11449_label_True_qemu.c_153,1,,0,4,id_13055_label_False_qemu.c_2717,0,,1,0.1333,0.228,0.1617,1.0,0.0,1.0,0.7,Case D (Missed Security Similarity)
devign,id_11449_label_True_qemu.c_153,1,,0,5,id_11787_label_True_qemu.c_1600,1,,2,0.1034,0.1918,0.13,1.0,0.0,1.0,0.7,Case D (Missed Security Similarity)
devign,id_11455_label_True_qemu.c_154,1,open,1,1,id_11174_label_False_qemu.c_1045,0,read,3,0.1551,0.9284,0.3871,0.0,0.3333,1.0,0.4,Uncorrelated / Low Similarity
devign,id_11455_label_True_qemu.c_154,1,open,1,2,id_12242_label_True_qemu.c_1991,1,,1,0.1099,0.6188,0.2626,0.0,1.0,1.0,0.6,Case D (Missed Security Similarity)
devign,id_11455_label_True_qemu.c_154,1,open,1,3,id_1306_label_True_qemu.c_2731,1,,3,0.1111,0.4787,0.2214,0.0,0.3333,0.6667,0.3,Uncorrelated / Low Similarity
devign,id_11455_label_True_qemu.c_154,1,open,1,4,id_11150_label_False_qemu.c_1024,0,,2,0.1053,0.4895,0.2205,0.0,0.5,0.6667,0.35,Uncorrelated / Low Similarity
devign,id_11455_label_True_qemu.c_154,1,open,1,5,id_12116_label_False_qemu.c_1881,0,,2,0.1043,0.3894,0.1899,0.0,0.5,1.0,0.45,Uncorrelated / Low Similarity
devign,id_1145_label_False_FFmpeg.c_155,0,fprintf|strcmp,2,1,id_1116_label_False_FFmpeg.c_1040,0,memcpy,3,0.0585,0.5089,0.1936,0.0,0.6667,1.0,0.5,Case D (Missed Security Similarity)
devign,id_1145_label_False_FFmpeg.c_155,0,fprintf|strcmp,2,2,id_12697_label_True_FFmpeg.c_2397,1,,1,0.0761,0.442,0.1859,0.0,0.5,0.6667,0.35,Uncorrelated / Low Similarity
devign,id_1145_label_False_FFmpeg.c_155,0,fprintf|strcmp,2,3,id_10656_label_False_FFmpeg.c_591,0,,1,0.0442,0.362,0.1396,0.0,0.5,0.6667,0.35,Uncorrelated / Low Similarity
devign,id_1145_label_False_FFmpeg.c_155,0,fprintf|strcmp,2,4,id_10754_label_False_FFmpeg.c_672,0,memset,4,0.0179,0.3159,0.1073,0.0,0.5,1.0,0.45,Uncorrelated / Low Similarity
devign,id_1145_label_False_FFmpeg.c_155,0,fprintf|strcmp,2,5,id_12456_label_False_FFmpeg.c_2172,0,memset,3,0.0146,0.2957,0.0989,0.0,0.6667,1.0,0.5,Case D (Missed Security Similarity)
devign,id_11468_label_False_FFmpeg.c_156,0,,0,1,id_1223_label_False_qemu.c_1988,0,,1,0.102,0.2846,0.1568,1.0,0.0,1.0,0.7,Case D (Missed Security Similarity)
devign,id_11468_label_False_FFmpeg.c_156,0,,0,2,id_1237_label_False_FFmpeg.c_2106,0,,1,0.125,0.1771,0.1406,1.0,0.0,0.6667,0.6,Case D (Missed Security Similarity)
devign,id_11468_label_False_FFmpeg.c_156,0,,0,3,id_10823_label_True_FFmpeg.c_735,1,,1,0.0809,0.1705,0.1078,1.0,0.0,1.0,0.7,Case D (Missed Security Similarity)
devign,id_11468_label_False_FFmpeg.c_156,0,,0,4,id_1153_label_False_FFmpeg.c_1372,0,,1,0.0638,0.1704,0.0958,1.0,0.0,1.0,0.7,Case D (Missed Security Similarity)
devign,id_11468_label_False_FFmpeg.c_156,0,,0,5,id_11047_label_True_FFmpeg.c_931,1,fprintf|malloc|free|printf,2,0.041,0.189,0.0854,0.0,0.0,0.3333,0.1,Uncorrelated / Low Similarity
devign,id_11488_label_True_FFmpeg.c_157,1,memcpy,2,1,id_1044_label_True_FFmpeg.c_402,1,,3,0.0642,0.506,0.1967,0.0,0.6667,1.0,0.5,Case D (Missed Security Similarity)
devign,id_11488_label_True_FFmpeg.c_157,1,memcpy,2,2,id_12370_label_False_qemu.c_2102,0,,1,0.0388,0.5088,0.1798,0.0,0.5,0.6667,0.35,Uncorrelated / Low Similarity
devign,id_11488_label_True_FFmpeg.c_157,1,memcpy,2,3,id_10320_label_False_qemu.c_292,0,,1,0.0879,0.3426,0.1643,0.0,0.5,1.0,0.45,Uncorrelated / Low Similarity
devign,id_11488_label_True_FFmpeg.c_157,1,memcpy,2,4,id_11554_label_False_FFmpeg.c_1384,0,,1,0.0441,0.4385,0.1624,0.0,0.5,0.6667,0.35,Uncorrelated / Low Similarity
devign,id_11488_label_True_FFmpeg.c_157,1,memcpy,2,5,id_13145_label_True_qemu.c_2798,1,,2,0.037,0.449,0.1606,0.0,0.3333,0.6667,0.3,Uncorrelated / Low Similarity
devign,id_11501_label_True_qemu.c_158,1,,1,1,id_12163_label_True_qemu.c_1919,1,,1,0.1724,0.7303,0.3398,1.0,1.0,1.0,1.0,Case D (Missed Security Similarity)
devign,id_11501_label_True_qemu.c_158,1,,1,2,id_11304_label_False_qemu.c_1170,0,,1,0.1,0.6628,0.2688,1.0,1.0,1.0,1.0,Case D (Missed Security Similarity)
devign,id_11501_label_True_qemu.c_158,1,,1,3,id_12175_label_True_qemu.c_1931,1,,1,0.1429,0.422,0.2266,1.0,1.0,0.6667,0.9,Case D (Missed Security Similarity)
devign,id_11501_label_True_qemu.c_158,1,,1,4,id_11410_label_False_qemu.c_1261,0,,0,0.2105,0.1673,0.1976,1.0,0.0,0.6667,0.6,Case D (Missed Security Similarity)
devign,id_11501_label_True_qemu.c_158,1,,1,5,id_10163_label_True_qemu.c_152,1,,2,0.0968,0.3173,0.1629,1.0,0.5,1.0,0.85,Case D (Missed Security Similarity)
devign,id_11516_label_True_qemu.c_159,1,,0,1,id_12574_label_True_FFmpeg.c_2287,1,,0,0.4286,0.7312,0.5194,1.0,1.0,0.6667,0.9,Case A (Good)
devign,id_11516_label_True_qemu.c_159,1,,0,2,id_1176_label_False_qemu.c_1582,0,,1,0.3333,0.4715,0.3748,1.0,0.0,0.6667,0.6,Case C (Dangerous - Label Mismatch)
devign,id_11516_label_True_qemu.c_159,1,,0,3,id_10379_label_False_qemu.c_341,0,,1,0.2759,0.3352,0.2937,1.0,0.0,1.0,0.7,Case C (Dangerous - Label Mismatch)
devign,id_11516_label_True_qemu.c_159,1,,0,4,id_12100_label_False_FFmpeg.c_1869,0,memcpy,3,0.0824,0.5471,0.2218,0.0,0.0,0.6667,0.2,Uncorrelated / Low Similarity
devign,id_11516_label_True_qemu.c_159,1,,0,5,id_12088_label_True_qemu.c_1859,1,memcpy|free|malloc,2,0.1176,0.4349,0.2128,0.0,0.0,0.3333,0.1,Uncorrelated / Low Similarity
devign,id_11524_label_True_qemu.c_160,1,free,3,1,id_11482_label_True_qemu.c_1323,1,gets,3,0.0569,0.609,0.2225,0.0,0.5,0.3333,0.25,Uncorrelated / Low Similarity
devign,id_11524_label_True_qemu.c_160,1,free,3,2,id_10076_label_False_qemu.c_69,0,strcmp,2,0.0851,0.4881,0.206,0.0,0.6667,0.6667,0.4,Uncorrelated / Low Similarity
devign,id_11524_label_True_qemu.c_160,1,free,3,3,id_12250_label_True_qemu.c_1998,1,,2,0.0941,0.4447,0.1993,0.0,0.6667,0.6667,0.4,Uncorrelated / Low Similarity
devign,id_11524_label_True_qemu.c_160,1,free,3,4,id_12720_label_False_qemu.c_2419,0,,2,0.0864,0.2932,0.1485,0.0,0.6667,0.6667,0.4,Uncorrelated / Low Similarity
devign,id_11524_label_True_qemu.c_160,1,free,3,5,id_10418_label_True_qemu.c_372,1,strcmp,1,0.1081,0.011,0.079,0.0,0.3333,0.6667,0.3,Uncorrelated / Low Similarity
devign,id_11527_label_False_FFmpeg.c_161,0,,3,1,id_12742_label_False_FFmpeg.c_2439,0,,2,0.1642,0.582,0.2895,1.0,0.6667,1.0,0.9,Case D (Missed Security Similarity)
devign,id_11527_label_False_FFmpeg.c_161,0,,3,2,id_10445_label_False_FFmpeg.c_398,0,,1,0.1346,0.5565,0.2612,1.0,0.3333,1.0,0.8,Case D (Missed Security Similarity)
devign,id_11527_label_False_FFmpeg.c_161,0,,3,3,id_11645_label_False_FFmpeg.c_1468,0,,1,0.1366,0.4984,0.2452,1.0,0.3333,0.6667,0.7,Case D (Missed Security Similarity)
devign,id_11527_label_False_FFmpeg.c_161,0,,3,4,id_11021_label_False_FFmpeg.c_907,0,,1,0.1204,0.422,0.2109,1.0,0.3333,0.6667,0.7,Case D (Missed Security Similarity)
devign,id_11527_label_False_FFmpeg.c_161,0,,3,5,id_11224_label_True_FFmpeg.c_1095,1,,1,0.1099,0.2966,0.1659,1.0,0.3333,0.6667,0.7,Case D (Missed Security Similarity)
devign,id_11529_label_False_FFmpeg.c_162,0,,0,1,id_11403_label_False_qemu.c_1253,0,,1,0.1667,0.6103,0.2998,1.0,0.0,1.0,0.7,Case D (Missed Security Similarity)
devign,id_11529_label_False_FFmpeg.c_162,0,,0,2,id_13131_label_True_qemu.c_2787,1,,0,0.1622,0.2134,0.1775,1.0,1.0,0.3333,0.8,Case D (Missed Security Similarity)
devign,id_11529_label_False_FFmpeg.c_162,0,,0,3,id_11452_label_True_qemu.c_1295,1,,1,0.0833,0.3429,0.1612,1.0,0.0,1.0,0.7,Case D (Missed Security Similarity)
devign,id_11529_label_False_FFmpeg.c_162,0,,0,4,id_11364_label_True_qemu.c_1220,1,,2,0.0734,0.2763,0.1343,1.0,0.0,1.0,0.7,Case D (Missed Security Similarity)
devign,id_11529_label_False_FFmpeg.c_162,0,,0,5,id_11147_label_False_qemu.c_1020,0,vsnprintf,3,0.0984,0.154,0.1151,0.0,0.0,0.6667,0.2,Uncorrelated / Low Similarity
devign,id_11535_label_False_FFmpeg.c_163,0,,3,1,id_12514_label_False_FFmpeg.c_2231,0,,3,0.3249,0.989,0.5241,1.0,1.0,1.0,1.0,Case A (Good)
devign,id_11535_label_False_FFmpeg.c_163,0,,3,2,id_12580_label_False_FFmpeg.c_2293,0,system,2,0.0274,0.3836,0.1343,0.0,0.6667,1.0,0.5,Case D (Missed Security Similarity)
devign,id_11535_label_False_FFmpeg.c_163,0,,3,3,id_11881_label_False_FFmpeg.c_1683,0,memcpy,3,0.0493,0.3099,0.1275,0.0,1.0,1.0,0.6,Case D (Missed Security Similarity)
devign,id_11535_label_False_FFmpeg.c_163,0,,3,4,id_13194_label_True_FFmpeg.c_2839,1,memset,2,0.0409,0.3168,0.1236,0.0,0.6667,1.0,0.5,Case D (Missed Security Similarity)
devign,id_11535_label_False_FFmpeg.c_163,0,,3,5,id_1085_label_False_qemu.c_766,0,,0,0.0211,0.2586,0.0924,1.0,0.0,0.6667,0.6,Case D (Missed Security Similarity)
devign,id_11543_label_True_FFmpeg.c_164,1,memset,2,1,id_12249_label_True_FFmpeg.c_1996,1,memset,2,0.9796,1.0,0.9857,1.0,1.0,1.0,1.0,Case A (Good)
devign,id_11543_label_True_FFmpeg.c_164,1,memset,2,2,id_12993_label_False_FFmpeg.c_2665,0,,1,0.1186,0.4358,0.2137,0.0,0.5,0.6667,0.35,Uncorrelated / Low Similarity
devign,id_11543_label_True_FFmpeg.c_164,1,memset,2,3,id_12186_label_False_FFmpeg.c_1942,0,,1,0.0714,0.4225,0.1768,0.0,0.5,1.0,0.45,Uncorrelated / Low Similarity
devign,id_11543_label_True_FFmpeg.c_164,1,memset,2,4,id_11059_label_True_FFmpeg.c_943,1,,1,0.0531,0.3352,0.1377,0.0,0.5,1.0,0.45,Uncorrelated / Low Similarity
devign,id_11543_label_True_FFmpeg.c_164,1,memset,2,5,id_11935_label_True_FFmpeg.c_1731,1,,2,0.0838,0.1793,0.1125,0.0,0.3333,0.6667,0.3,Uncorrelated / Low Similarity
devign,id_11546_label_True_qemu.c_165,1,,0,1,id_11301_label_False_qemu.c_1168,0,,0,0.5,1.0,0.65,1.0,1.0,1.0,1.0,Case C (Dangerous - Label Mismatch)
devign,id_11546_label_True_qemu.c_165,1,,0,2,id_10259_label_False_qemu.c_238,0,,0,0.5227,0.8479,0.6203,1.0,1.0,1.0,1.0,Case C (Dangerous - Label Mismatch)
devign,id_11546_label_True_qemu.c_165,1,,0,3,id_12369_label_False_qemu.c_2100,0,,0,0.2632,0.012,0.1878,1.0,1.0,1.0,1.0,Case C (Dangerous - Label Mismatch)
devign,id_11546_label_True_qemu.c_165,1,,0,4,id_10487_label_False_qemu.c_436,0,,1,0.1406,0.2753,0.181,1.0,0.0,0.3333,0.5,Case D (Missed Security Similarity)
devign,id_11546_label_True_qemu.c_165,1,,0,5,id_10761_label_True_qemu.c_679,1,,1,0.0698,0.0315,0.0583,1.0,0.0,1.0,0.7,Case D (Missed Security Similarity)
devign,id_11553_label_False_FFmpeg.c_166,0,memcpy,1,1,id_13069_label_True_FFmpeg.c_2730,1,memcpy,1,0.1512,0.4145,0.2302,1.0,1.0,0.6667,0.9,Case D (Missed Security Similarity)
devign,id_11553_label_False_FFmpeg.c_166,0,memcpy,1,2,id_1155_label_False_FFmpeg.c_1390,0,,1,0.2079,0.2369,0.2166,0.0,1.0,0.6667,0.5,Case D (Missed Security Similarity)
devign,id_11553_label_False_FFmpeg.c_166,0,memcpy,1,3,id_12239_label_True_FFmpeg.c_1987,1,,1,0.1594,0.2895,0.1985,0.0,1.0,0.6667,0.5,Case D (Missed Security Similarity)
devign,id_11553_label_False_FFmpeg.c_166,0,memcpy,1,4,id_10382_label_False_FFmpeg.c_345,0,,2,0.1607,0.2806,0.1967,0.0,0.5,0.6667,0.35,Uncorrelated / Low Similarity
devign,id_11553_label_False_FFmpeg.c_166,0,memcpy,1,5,id_12982_label_True_FFmpeg.c_2655,1,memset,2,0.1179,0.2317,0.1521,0.0,0.5,0.6667,0.35,Uncorrelated / Low Similarity
devign,id_11566_label_True_qemu.c_167,1,,1,1,id_10678_label_True_qemu.c_607,1,,1,0.14,0.5764,0.2709,1.0,1.0,1.0,1.0,Case D (Missed Security Similarity)
devign,id_11566_label_True_qemu.c_167,1,,1,2,id_11419_label_False_FFmpeg.c_1269,0,,3,0.0378,0.5711,0.1978,1.0,0.3333,1.0,0.8,Case D (Missed Security Similarity)
devign,id_11566_label_True_qemu.c_167,1,,1,3,id_11478_label_True_FFmpeg.c_1318,1,,2,0.0337,0.5225,0.1803,1.0,0.5,1.0,0.85,Case D (Missed Security Similarity)
devign,id_11566_label_True_qemu.c_167,1,,1,4,id_11530_label_True_FFmpeg.c_1363,1,,3,0.0853,0.3974,0.1789,1.0,0.3333,1.0,0.8,Case D (Missed Security Similarity)
devign,id_11566_label_True_qemu.c_167,1,,1,5,id_13150_label_False_qemu.c_2802,0,,1,0.0606,0.2664,0.1223,1.0,1.0,0.6667,0.9,Case D (Missed Security Similarity)
devign,id_11592_label_False_qemu.c_168,0,,1,1,id_10703_label_False_qemu.c_631,0,snprintf,2,0.0675,0.5832,0.2222,0.0,0.5,1.0,0.45,Uncorrelated / Low Similarity
devign,id_11592_label_False_qemu.c_168,0,,1,2,id_10521_label_True_FFmpeg.c_468,1,,1,0.0792,0.4434,0.1885,1.0,1.0,0.6667,0.9,Case D (Missed Security Similarity)
devign,id_11592_label_False_qemu.c_168,0,,1,3,id_12782_label_True_qemu.c_2473,1,,2,0.05,0.4653,0.1746,1.0,0.5,0.6667,0.75,Case D (Missed Security Similarity)
devign,id_11592_label_False_qemu.c_168,0,,1,4,id_13331_label_True_qemu.c_2969,1,,2,0.1053,0.2969,0.1628,1.0,0.5,0.6667,0.75,Case D (Missed Security Similarity)
devign,id_11592_label_False_qemu.c_168,0,,1,5,id_13336_label_True_qemu.c_2973,1,,3,0.0407,0.1118,0.062,1.0,0.3333,0.6667,0.7,Case D (Missed Security Similarity)
devign,id_11608_label_False_qemu.c_169,0,,2,1,id_12631_label_False_qemu.c_2342,0,,0,0.1311,0.6974,0.301,1.0,0.0,1.0,0.7,Case D (Missed Security Similarity)
devign,id_11608_label_False_qemu.c_169,0,,2,2,id_12782_label_True_qemu.c_2473,1,,2,0.1111,0.6057,0.2595,1.0,1.0,1.0,1.0,Case D (Missed Security Similarity)
devign,id_11608_label_False_qemu.c_169,0,,2,3,id_10848_label_True_qemu.c_755,1,fprintf|memcpy|snprintf,2,0.0776,0.5977,0.2336,0.0,1.0,0.6667,0.5,Case D (Missed Security Similarity)
devign,id_11608_label_False_qemu.c_169,0,,2,4,id_12092_label_True_qemu.c_1864,1,,2,0.0968,0.0139,0.0719,1.0,0.3333,0.6667,0.7,Case D (Missed Security Similarity)
devign,id_11608_label_False_qemu.c_169,0,,2,5,id_13336_label_True_qemu.c_2973,1,,3,0.0333,0.1209,0.0596,1.0,0.6667,1.0,0.9,Case D (Missed Security Similarity)
devign,id_11624_label_False_qemu.c_170,0,,2,1,id_10027_label_False_qemu.c_23,0,,1,0.1667,0.8152,0.3612,1.0,0.5,1.0,0.85,Case D (Missed Security Similarity)
devign,id_11624_label_False_qemu.c_170,0,,2,2,id_12256_label_True_qemu.c_2003,1,fprintf,2,0.0494,0.4108,0.1578,0.0,0.3333,0.6667,0.3,Uncorrelated / Low Similarity
devign,id_11624_label_False_qemu.c_170,0,,2,3,id_12849_label_False_qemu.c_2528,0,,2,0.1064,0.2346,0.1448,1.0,1.0,1.0,1.0,Case D (Missed Security Similarity)
devign,id_11624_label_False_qemu.c_170,0,,2,4,id_11994_label_True_qemu.c_1774,1,,0,0.1053,0.2339,0.1438,1.0,0.0,1.0,0.7,Case D (Missed Security Similarity)
devign,id_11624_label_False_qemu.c_170,0,,2,5,id_10527_label_False_qemu.c_473,0,,0,0.1579,0.0893,0.1373,1.0,0.0,1.0,0.7,Case D (Missed Security Similarity)
devign,id_11631_label_False_qemu.c_171,0,printf,1,1,id_11139_label_False_qemu.c_1015,0,printf,1,0.156,0.7895,0.346,1.0,1.0,0.6667,0.9,Case D (Missed Security Similarity)
devign,id_11631_label_False_qemu.c_171,0,printf,1,2,id_11180_label_False_qemu.c_1052,0,,1,0.1019,0.7909,0.3086,0.0,1.0,0.6667,0.5,Case D (Missed Security Similarity)
devign,id_11631_label_False_qemu.c_171,0,printf,1,3,id_13370_label_False_qemu.c_2999,0,,1,0.1129,0.4822,0.2237,0.0,1.0,1.0,0.6,Case D (Missed Security Similarity)
devign,id_11631_label_False_qemu.c_171,0,printf,1,4,id_13173_label_False_qemu.c_2821,0,,3,0.0324,0.4931,0.1706,0.0,0.3333,1.0,0.4,Uncorrelated / Low Similarity
devign,id_11631_label_False_qemu.c_171,0,printf,1,5,id_10923_label_False_qemu.c_820,0,,1,0.0807,0.0143,0.0608,0.0,1.0,0.6667,0.5,Case D (Missed Security Similarity)
devign,id_11635_label_False_qemu.c_172,0,,1,1,id_11464_label_True_qemu.c_1305,1,,1,0.0889,0.5024,0.2129,1.0,1.0,0.6667,0.9,Case D (Missed Security Similarity)
devign,id_11635_label_False_qemu.c_172,0,,1,2,id_11922_label_False_qemu.c_1720,0,,1,0.0365,0.5558,0.1923,1.0,1.0,1.0,1.0,Case D (Missed Security Similarity)
devign,id_11635_label_False_qemu.c_172,0,,1,3,id_13323_label_True_qemu.c_2961,1,,1,0.1087,0.3774,0.1893,1.0,1.0,0.6667,0.9,Case D (Missed Security Similarity)
devign,id_11635_label_False_qemu.c_172,0,,1,4,id_12256_label_True_qemu.c_2003,1,fprintf,2,0.1319,0.3196,0.1882,0.0,0.5,1.0,0.45,Uncorrelated / Low Similarity
devign,id_11635_label_False_qemu.c_172,0,,1,5,id_12888_label_False_qemu.c_2565,0,,2,0.0909,0.0114,0.0671,1.0,0.5,0.6667,0.75,Case D (Missed Security Similarity)
devign,id_11641_label_False_qemu.c_173,0,,1,1,id_11736_label_True_qemu.c_1549,1,,1,0.1111,0.8097,0.3207,1.0,1.0,1.0,1.0,Case D (Missed Security Similarity)
devign,id_11641_label_False_qemu.c_173,0,,1,2,id_1045_label_True_qemu.c_413,1,,3,0.1333,0.5244,0.2506,1.0,0.3333,1.0,0.8,Case D (Missed Security Similarity)
devign,id_11641_label_False_qemu.c_173,0,,1,3,id_1222_label_False_qemu.c_1978,0,strcmp|sscanf|memset|snprintf|read|strncat,3,0.0152,0.7853,0.2462,0.0,0.3333,0.6667,0.3,Uncorrelated / Low Similarity
devign,id_11641_label_False_qemu.c_173,0,,1,4,id_10574_label_False_qemu.c_519,0,close,2,0.122,0.4529,0.2212,0.0,0.5,1.0,0.45,Uncorrelated / Low Similarity
devign,id_11641_label_False_qemu.c_173,0,,1,5,id_12280_label_True_qemu.c_2024,1,,2,0.0568,0.3205,0.1359,1.0,0.5,0.6667,0.75,Case D (Missed Security Similarity)
devign,id_11642_label_False_qemu.c_174,0,read|system,1,1,id_11622_label_False_qemu.c_1449,0,fprintf,1,0.3814,0.6682,0.4675,0.0,1.0,0.6667,0.5,Case A (Good)
devign,id_11642_label_False_qemu.c_174,0,read|system,1,2,id_12474_label_False_qemu.c_2191,0,,1,0.0775,0.711,0.2676,0.0,1.0,0.6667,0.5,Case D (Missed Security Similarity)
devign,id_11642_label_False_qemu.c_174,0,read|system,1,3,id_13069_label_True_FFmpeg.c_2730,1,memcpy,1,0.0522,0.553,0.2024,0.0,1.0,0.6667,0.5,Case D (Missed Security Similarity)
devign,id_11642_label_False_qemu.c_174,0,read|system,1,4,id_10534_label_False_qemu.c_481,0,,1,0.0515,0.3546,0.1424,0.0,0.0,0.6667,0.2,Uncorrelated / Low Similarity
devign,id_11642_label_False_qemu.c_174,0,read|system,1,5,id_12318_label_False_qemu.c_2057,0,,1,0.0702,0.2641,0.1283,0.0,1.0,0.6667,0.5,Case D (Missed Security Similarity)
devign,id_11646_label_True_qemu.c_175,1,free,1,1,id_12183_label_True_FFmpeg.c_1939,1,,1,0.0317,0.2678,0.1026,0.0,1.0,0.6667,0.5,Case D (Missed Security Similarity)
devign,id_11646_label_True_qemu.c_175,1,free,1,2,id_124_label_True_FFmpeg.c_2215,1,,1,0.0492,0.219,0.1001,0.0,0.0,0.3333,0.1,Uncorrelated / Low Similarity
devign,id_11646_label_True_qemu.c_175,1,free,1,3,id_11090_label_False_FFmpeg.c_969,0,,1,0.034,0.2261,0.0916,0.0,1.0,0.3333,0.4,Uncorrelated / Low Similarity
devign,id_11646_label_True_qemu.c_175,1,free,1,4,id_13041_label_True_FFmpeg.c_2705,1,,3,0.0455,0.1988,0.0915,0.0,0.3333,0.3333,0.2,Uncorrelated / Low Similarity
devign,id_11646_label_True_qemu.c_175,1,free,1,5,id_13032_label_True_qemu.c_2700,1,,3,0.0377,0.0138,0.0306,0.0,0.3333,0.6667,0.3,Uncorrelated / Low Similarity
devign,id_11662_label_False_FFmpeg.c_176,0,,0,1,id_11561_label_True_FFmpeg.c_1392,1,,0,0.2368,0.7098,0.3787,1.0,1.0,1.0,1.0,Case D (Missed Security Similarity)
devign,id_11662_label_False_FFmpeg.c_176,0,,0,2,id_10408_label_True_FFmpeg.c_367,1,,0,0.2,0.7098,0.3529,1.0,1.0,1.0,1.0,Case D (Missed Security Similarity)
devign,id_11662_label_False_FFmpeg.c_176,0,,0,3,id_11240_label_True_FFmpeg.c_1111,1,,1,0.1333,0.262,0.1719,1.0,0.0,1.0,0.7,Case D (Missed Security Similarity)
devign,id_11662_label_False_FFmpeg.c_176,0,,0,4,id_11994_label_True_qemu.c_1774,1,,0,0.0769,0.2245,0.1212,1.0,1.0,1.0,1.0,Case D (Missed Security Similarity)
devign,id_11662_label_False_FFmpeg.c_176,0,,0,5,id_10527_label_False_qemu.c_473,0,,0,0.0741,0.0899,0.0788,1.0,1.0,1.0,1.0,Case D (Missed Security Similarity)
devign,id_11665_label_False_FFmpeg.c_177,0,,1,1,id_10817_label_True_FFmpeg.c_729,1,close,2,0.2,0.6109,0.3233,0.0,0.5,1.0,0.45,Uncorrelated / Low Similarity
devign,id_11665_label_False_FFmpeg.c_177,0,,1,2,id_10657_label_False_FFmpeg.c_592,0,,1,0.0926,0.7923,0.3025,1.0,1.0,1.0,1.0,Case D (Missed Security Similarity)
devign,id_11665_label_False_FFmpeg.c_177,0,,1,3,id_11064_label_False_FFmpeg.c_949,0,,1,0.175,0.5161,0.2773,1.0,1.0,1.0,1.0,Case D (Missed Security Similarity)
devign,id_11665_label_False_FFmpeg.c_177,0,,1,4,id_12509_label_True_FFmpeg.c_2225,1,,1,0.0833,0.4913,0.2057,1.0,1.0,1.0,1.0,Case D (Missed Security Similarity)
devign,id_11665_label_False_FFmpeg.c_177,0,,1,5,id_12818_label_True_FFmpeg.c_2499,1,,2,0.1042,0.3004,0.163,1.0,0.5,1.0,0.85,Case D (Missed Security Similarity)
devign,id_11674_label_False_qemu.c_178,0,,1,1,id_12037_label_False_qemu.c_1815,0,,1,0.1333,0.4774,0.2365,1.0,1.0,1.0,1.0,Case D (Missed Security Similarity)
devign,id_11674_label_False_qemu.c_178,0,,1,2,id_11406_label_False_qemu.c_1256,0,,1,0.1786,0.2969,0.2141,1.0,1.0,1.0,1.0,Case D (Missed Security Similarity)
devign,id_11674_label_False_qemu.c_178,0,,1,3,id_11007_label_False_qemu.c_894,0,,1,0.2083,0.0105,0.149,1.0,1.0,0.6667,0.9,Case D (Missed Security Similarity)
devign,id_11674_label_False_qemu.c_178,0,,1,4,id_1183_label_False_qemu.c_1650,0,,1,0.1429,0.0123,0.1037,1.0,1.0,1.0,1.0,Case D (Missed Security Similarity)
devign,id_11674_label_False_qemu.c_178,0,,1,5,id_13042_label_True_qemu.c_2706,1,,0,0.1,0.0395,0.0819,1.0,0.0,0.6667,0.6,Case D (Missed Security Similarity)
devign,id_1167_label_False_qemu.c_179,0,system|write,2,1,id_10238_label_False_qemu.c_219,0,memset|read|printf|write,1,0.0704,0.7606,0.2775,0.2,0.5,1.0,0.53,Case D (Missed Security Similarity)
devign,id_1167_label_False_qemu.c_179,0,system|write,2,2,id_11234_label_True_FFmpeg.c_1105,1,memset|memcpy|read|free,3,0.0688,0.6574,0.2454,0.0,0.6667,0.6667,0.4,Uncorrelated / Low Similarity
devign,id_1167_label_False_qemu.c_179,0,system|write,2,3,id_11180_label_False_qemu.c_1052,0,,1,0.1463,0.4386,0.234,0.0,0.5,1.0,0.45,Uncorrelated / Low Similarity
devign,id_1167_label_False_qemu.c_179,0,system|write,2,4,id_12380_label_False_qemu.c_2107,0,,2,0.0437,0.5644,0.1999,0.0,0.3333,1.0,0.4,Uncorrelated / Low Similarity
devign,id_1167_label_False_qemu.c_179,0,system|write,2,5,id_12263_label_True_FFmpeg.c_2009,1,memset|free|printf,4,0.0602,0.3616,0.1506,0.0,0.5,0.6667,0.35,Uncorrelated / Low Similarity
devign,id_11685_label_False_qemu.c_180,0,,3,1,id_13260_label_True_qemu.c_2903,1,memcpy|strcmp|write,2,0.0543,0.5906,0.2152,0.0,0.6667,0.6667,0.4,Uncorrelated / Low Similarity
devign,id_11685_label_False_qemu.c_180,0,,3,2,id_12758_label_False_qemu.c_2454,0,,2,0.0714,0.4705,0.1911,1.0,0.6667,0.6667,0.8,Case D (Missed Security Similarity)
devign,id_11685_label_False_qemu.c_180,0,,3,3,id_11125_label_False_qemu.c_1004,0,read|strcpy|snprintf,2,0.095,0.4051,0.1881,0.0,0.6667,1.0,0.5,Case D (Missed Security Similarity)
devign,id_11685_label_False_qemu.c_180,0,,3,4,id_10848_label_True_qemu.c_755,1,fprintf|memcpy|snprintf,2,0.0568,0.2625,0.1185,0.0,0.6667,0.6667,0.4,Uncorrelated / Low Similarity
devign,id_11685_label_False_qemu.c_180,0,,3,5,id_10570_label_False_qemu.c_515,0,,1,0.0183,0.0097,0.0157,1.0,0.3333,1.0,0.8,Case D (Missed Security Similarity)
devign,id_11712_label_True_FFmpeg.c_181,1,memcpy,1,1,id_1330_label_True_FFmpeg.c_2948,1,memcpy,1,0.9826,0.9872,0.984,1.0,1.0,1.0,1.0,Case A (Good)
devign,id_11712_label_True_FFmpeg.c_181,1,memcpy,1,2,id_10823_label_True_FFmpeg.c_735,1,,1,0.0924,0.5016,0.2151,0.0,1.0,0.6667,0.5,Case D (Missed Security Similarity)
devign,id_11712_label_True_FFmpeg.c_181,1,memcpy,1,3,id_12612_label_True_FFmpeg.c_2325,1,memset,3,0.0817,0.5227,0.214,0.0,0.3333,1.0,0.4,Uncorrelated / Low Similarity
devign,id_11712_label_True_FFmpeg.c_181,1,memcpy,1,4,id_12885_label_False_FFmpeg.c_2563,0,,2,0.0643,0.3559,0.1518,0.0,0.5,1.0,0.45,Uncorrelated / Low Similarity
devign,id_11712_label_True_FFmpeg.c_181,1,memcpy,1,5,id_11321_label_False_FFmpeg.c_1183,0,,2,0.0661,0.2573,0.1235,0.0,0.5,1.0,0.45,Uncorrelated / Low Similarity
devign,id_11714_label_True_qemu.c_182,1,,1,1,id_11562_label_True_qemu.c_1393,1,,1,0.3333,0.0129,0.2372,1.0,1.0,0.6667,0.9,Case A (Good)
devign,id_11714_label_True_qemu.c_182,1,,1,2,id_12404_label_True_qemu.c_2126,1,,1,0.1646,0.3376,0.2165,1.0,1.0,1.0,1.0,Case D (Missed Security Similarity)
devign,id_11714_label_True_qemu.c_182,1,,1,3,id_11122_label_False_qemu.c_1002,0,,0,0.1379,0.2596,0.1744,1.0,0.0,0.6667,0.6,Case D (Missed Security Similarity)
devign,id_11714_label_True_qemu.c_182,1,,1,4,id_10344_label_False_qemu.c_313,0,,1,0.1714,0.1765,0.1729,1.0,1.0,0.6667,0.9,Case D (Missed Security Similarity)
devign,id_11714_label_True_qemu.c_182,1,,1,5,id_10325_label_False_qemu.c_296,0,,0,0.0882,0.2102,0.1248,1.0,0.0,0.6667,0.6,Case D (Missed Security Similarity)
devign,id_11742_label_True_qemu.c_183,1,strcpy|snprintf|printf|close|read|write,3,1,id_11855_label_False_qemu.c_1659,0,,1,0.1019,0.4465,0.2053,0.0,0.3333,0.6667,0.3,Uncorrelated / Low Similarity
devign,id_11742_label_True_qemu.c_183,1,strcpy|snprintf|printf|close|read|write,3,2,id_12575_label_True_qemu.c_2288,1,,2,0.0424,0.4731,0.1716,0.0,0.25,0.6667,0.275,Uncorrelated / Low Similarity
devign,id_11742_label_True_qemu.c_183,1,strcpy|snprintf|printf|close|read|write,3,3,id_11408_label_False_qemu.c_1258,0,,1,0.0462,0.3717,0.1438,0.0,0.3333,0.6667,0.3,Uncorrelated / Low Similarity
devign,id_11742_label_True_qemu.c_183,1,strcpy|snprintf|printf|close|read|write,3,4,id_10900_label_False_qemu.c_799,0,,1,0.0255,0.1807,0.072,0.0,0.3333,0.6667,0.3,Uncorrelated / Low Similarity
devign,id_11742_label_True_qemu.c_183,1,strcpy|snprintf|printf|close|read|write,3,5,id_1073_label_False_qemu.c_660,0,,1,0.0457,0.0137,0.0361,0.0,0.3333,1.0,0.4,Uncorrelated / Low Similarity
devign,id_11748_label_True_qemu.c_184,1,,3,1,id_13033_label_True_qemu.c_2701,1,,3,0.1868,0.9259,0.4085,1.0,1.0,0.6667,0.9,Case D (Missed Security Similarity)
devign,id_11748_label_True_qemu.c_184,1,,3,2,id_12747_label_False_qemu.c_2443,0,,1,0.1413,0.7423,0.3216,1.0,0.3333,0.6667,0.7,Case D (Missed Security Similarity)
devign,id_11748_label_True_qemu.c_184,1,,3,3,id_11681_label_False_qemu.c_1502,0,,1,0.06,0.672,0.2436,1.0,0.3333,0.6667,0.7,Case D (Missed Security Similarity)
devign,id_11748_label_True_qemu.c_184,1,,3,4,id_13090_label_True_qemu.c_2749,1,,2,0.1194,0.5204,0.2397,1.0,0.6667,1.0,0.9,Case D (Missed Security Similarity)
devign,id_11748_label_True_qemu.c_184,1,,3,5,id_10933_label_False_qemu.c_829,0,,2,0.1111,0.4737,0.2199,1.0,0.6667,0.6667,0.8,Case D (Missed Security Similarity)
devign,id_11749_label_True_FFmpeg.c_185,1,,1,1,id_10468_label_True_FFmpeg.c_421,1,memset|memcpy|free,3,0.0488,0.8586,0.2917,0.0,0.3333,0.6667,0.3,Uncorrelated / Low Similarity
devign,id_11749_label_True_FFmpeg.c_185,1,,1,2,id_11081_label_False_FFmpeg.c_962,0,memset|memcpy|free,3,0.0488,0.8566,0.2911,0.0,0.3333,0.6667,0.3,Uncorrelated / Low Similarity
devign,id_11749_label_True_FFmpeg.c_185,1,,1,3,id_11164_label_True_FFmpeg.c_1035,1,,1,0.0933,0.7271,0.2835,1.0,1.0,1.0,1.0,Case D (Missed Security Similarity)
devign,id_11749_label_True_FFmpeg.c_185,1,,1,4,id_10111_label_True_FFmpeg.c_105,1,,1,0.0826,0.5307,0.217,1.0,1.0,1.0,1.0,Case D (Missed Security Similarity)
devign,id_11749_label_True_FFmpeg.c_185,1,,1,5,id_11331_label_True_FFmpeg.c_1191,1,printf,1,0.0769,0.3188,0.1495,0.0,1.0,1.0,0.6,Case D (Missed Security Similarity)
devign,id_11781_label_False_qemu.c_186,0,,1,1,id_11872_label_False_FFmpeg.c_1674,0,,0,0.2,0.4595,0.2778,1.0,0.0,1.0,0.7,Case D (Missed Security Similarity)
devign,id_11781_label_False_qemu.c_186,0,,1,2,id_11857_label_False_FFmpeg.c_1661,0,,0,0.2,0.4595,0.2778,1.0,0.0,1.0,0.7,Case D (Missed Security Similarity)
devign,id_11781_label_False_qemu.c_186,0,,1,3,id_10953_label_False_qemu.c_848,0,,1,0.1818,0.3403,0.2294,1.0,1.0,1.0,1.0,Case D (Missed Security Similarity)
devign,id_11781_label_False_qemu.c_186,0,,1,4,id_11835_label_False_FFmpeg.c_1645,0,,1,0.1333,0.1494,0.1381,1.0,1.0,0.6667,0.9,Case D (Missed Security Similarity)
devign,id_11781_label_False_qemu.c_186,0,,1,5,id_12675_label_False_qemu.c_2376,0,,1,0.0769,0.2326,0.1236,1.0,1.0,1.0,1.0,Case D (Missed Security Similarity)
devign,id_11793_label_False_FFmpeg.c_187,0,,1,1,id_12400_label_False_FFmpeg.c_2123,0,,2,0.1083,0.7228,0.2927,1.0,0.5,1.0,0.85,Case D (Missed Security Similarity)
devign,id_11793_label_False_FFmpeg.c_187,0,,1,2,id_10089_label_False_qemu.c_81,0,,1,0.1042,0.3769,0.186,1.0,1.0,0.6667,0.9,Case D (Missed Security Similarity)
devign,id_11793_label_False_FFmpeg.c_187,0,,1,3,id_12461_label_False_FFmpeg.c_2178,0,,1,0.0774,0.3759,0.1669,1.0,1.0,1.0,1.0,Case D (Missed Security Similarity)
devign,id_11793_label_False_FFmpeg.c_187,0,,1,4,id_11994_label_True_qemu.c_1774,1,,0,0.0225,0.2157,0.0804,1.0,0.0,0.6667,0.6,Case D (Missed Security Similarity)
devign,id_11793_label_False_FFmpeg.c_187,0,,1,5,id_10527_label_False_qemu.c_473,0,,0,0.0337,0.0848,0.0491,1.0,0.0,0.6667,0.6,Case D (Missed Security Similarity)
devign,id_11795_label_False_FFmpeg.c_188,0,,2,1,id_13312_label_False_FFmpeg.c_2950,0,,2,0.4556,0.9913,0.6163,1.0,1.0,1.0,1.0,Case A (Good)
devign,id_11795_label_False_FFmpeg.c_188,0,,2,2,id_11707_label_False_FFmpeg.c_1523,0,,2,0.3191,0.9892,0.5202,1.0,1.0,1.0,1.0,Case A (Good)
devign,id_11795_label_False_FFmpeg.c_188,0,,2,3,id_10782_label_True_FFmpeg.c_695,1,,3,0.3232,0.9359,0.507,1.0,0.6667,1.0,0.9,Case C (Dangerous - Label Mismatch)
devign,id_11795_label_False_FFmpeg.c_188,0,,2,4,id_11530_label_True_FFmpeg.c_1363,1,,3,0.395,0.3962,0.3953,1.0,0.6667,1.0,0.9,Case C (Dangerous - Label Mismatch)
devign,id_11795_label_False_FFmpeg.c_188,0,,2,5,id_13300_label_False_FFmpeg.c_2941,0,,3,0.2838,0.359,0.3064,1.0,0.6667,1.0,0.9,Case A (Good)
devign,id_11806_label_True_FFmpeg.c_189,1,,0,1,id_12180_label_True_qemu.c_1937,1,memset|write,2,0.0323,0.5445,0.1859,0.0,0.0,1.0,0.3,Uncorrelated / Low Similarity
devign,id_11806_label_True_FFmpeg.c_189,1,,0,2,id_11145_label_False_qemu.c_1018,0,memset|write,2,0.0303,0.5425,0.184,0.0,0.0,1.0,0.3,Uncorrelated / Low Similarity
devign,id_11806_label_True_FFmpeg.c_189,1,,0,3,id_12826_label_True_qemu.c_2507,1,memcpy,2,0.0769,0.3786,0.1674,0.0,0.0,1.0,0.3,Uncorrelated / Low Similarity
devign,id_11806_label_True_FFmpeg.c_189,1,,0,4,id_10527_label_False_qemu.c_473,0,,0,0.0667,0.0833,0.0717,1.0,1.0,1.0,1.0,Case D (Missed Security Similarity)
devign,id_11806_label_True_FFmpeg.c_189,1,,0,5,id_11276_label_False_qemu.c_1142,0,,0,0.0571,0.0833,0.065,1.0,1.0,1.0,1.0,Case D (Missed Security Similarity)
devign,id_11810_label_True_qemu.c_190,1,,2,1,id_10083_label_False_qemu.c_75,0,,2,0.1637,0.6086,0.2972,1.0,1.0,1.0,1.0,Case D (Missed Security Similarity)
devign,id_11810_label_True_qemu.c_190,1,,2,2,id_11532_label_True_qemu.c_1365,1,,3,0.0451,0.7932,0.2695,1.0,0.6667,1.0,0.9,Case D (Missed Security Similarity)
devign,id_11810_label_True_qemu.c_190,1,,2,3,id_10603_label_True_qemu.c_543,1,,2,0.1863,0.412,0.254,1.0,1.0,1.0,1.0,Case D (Missed Security Similarity)
devign,id_11810_label_True_qemu.c_190,1,,2,4,id_11061_label_True_qemu.c_946,1,close,3,0.0955,0.5184,0.2223,0.0,0.6667,1.0,0.5,Case D (Missed Security Similarity)
devign,id_11810_label_True_qemu.c_190,1,,2,5,id_1198_label_False_qemu.c_1769,0,,1,0.0374,0.0119,0.0297,1.0,0.5,1.0,0.85,Case D (Missed Security Similarity)
devign,id_11813_label_True_FFmpeg.c_191,1,,2,1,id_1133_label_True_FFmpeg.c_1199,1,memcpy,2,0.0913,0.6157,0.2486,0.0,0.3333,1.0,0.4,Uncorrelated / Low Similarity
devign,id_11813_label_True_FFmpeg.c_191,1,,2,2,id_12239_label_True_FFmpeg.c_1987,1,,1,0.0829,0.6208,0.2443,1.0,0.5,0.6667,0.75,Case D (Missed Security Similarity)
devign,id_11813_label_True_FFmpeg.c_191,1,,2,3,id_12455_label_True_qemu.c_2171,1,,1,0.0719,0.493,0.1982,1.0,0.5,1.0,0.85,Case D (Missed Security Similarity)
devign,id_11813_label_True_FFmpeg.c_191,1,,2,4,id_11994_label_True_qemu.c_1774,1,,0,0.0185,0.2128,0.0768,1.0,0.0,0.6667,0.6,Case D (Missed Security Similarity)
devign,id_11813_label_True_FFmpeg.c_191,1,,2,5,id_10527_label_False_qemu.c_473,0,,0,0.0278,0.0856,0.0451,1.0,0.0,0.6667,0.6,Case D (Missed Security Similarity)
devign,id_11833_label_False_qemu.c_192,0,,1,1,id_12692_label_False_qemu.c_2392,0,fprintf,1,0.0777,0.9505,0.3395,0.0,1.0,0.6667,0.5,Case D (Missed Security Similarity)
devign,id_11833_label_False_qemu.c_192,0,,1,2,id_1050_label_True_qemu.c_457,1,,1,0.1373,0.7271,0.3142,1.0,1.0,1.0,1.0,Case D (Missed Security Similarity)
devign,id_11833_label_False_qemu.c_192,0,,1,3,id_11916_label_False_qemu.c_1714,0,memset,3,0.0552,0.6994,0.2484,0.0,0.3333,0.6667,0.3,Uncorrelated / Low Similarity
devign,id_11833_label_False_qemu.c_192,0,,1,4,id_11188_label_False_qemu.c_1060,0,,1,0.1034,0.4707,0.2136,1.0,1.0,0.6667,0.9,Case D (Missed Security Similarity)
devign,id_11833_label_False_qemu.c_192,0,,1,5,id_10028_label_False_qemu.c_24,0,,1,0.0988,0.0085,0.0717,1.0,1.0,1.0,1.0,Case D (Missed Security Similarity)
devign,id_11834_label_False_qemu.c_193,0,,1,1,id_11736_label_True_qemu.c_1549,1,,1,0.3214,0.8199,0.471,1.0,1.0,1.0,1.0,Case C (Dangerous - Label Mismatch)
devign,id_11834_label_False_qemu.c_193,0,,1,2,id_1222_label_False_qemu.c_1978,0,strcmp|sscanf|memset|snprintf|read|strncat,3,0.0436,0.7671,0.2607,0.0,0.3333,0.6667,0.3,Uncorrelated / Low Similarity
devign,id_11834_label_False_qemu.c_193,0,,1,3,id_10574_label_False_qemu.c_519,0,close,2,0.0769,0.4975,0.2031,0.0,0.5,1.0,0.45,Uncorrelated / Low Similarity
devign,id_11834_label_False_qemu.c_193,0,,1,4,id_12280_label_True_qemu.c_2024,1,,2,0.0833,0.3267,0.1563,1.0,0.5,0.6667,0.75,Case D (Missed Security Similarity)
devign,id_11834_label_False_qemu.c_193,0,,1,5,id_1144_label_True_qemu.c_1294,1,,2,0.0559,0.3842,0.1544,1.0,0.5,0.6667,0.75,Case D (Missed Security Similarity)
devign,id_11840_label_False_qemu.c_194,0,,2,1,id_12743_label_False_qemu.c_2440,0,,2,0.6944,0.9424,0.7688,1.0,1.0,1.0,1.0,Case A (Good)
devign,id_11840_label_False_qemu.c_194,0,,2,2,id_13271_label_True_qemu.c_2913,1,close,2,0.2344,0.6039,0.3452,0.0,1.0,1.0,0.6,Case D (Missed Security Similarity)
devign,id_11840_label_False_qemu.c_194,0,,2,3,id_1159_label_False_qemu.c_1429,0,close|open,2,0.1791,0.4858,0.2711,0.0,1.0,1.0,0.6,Case D (Missed Security Similarity)
devign,id_11840_label_False_qemu.c_194,0,,2,4,id_10346_label_True_qemu.c_315,1,fprintf,3,0.0957,0.6568,0.264,0.0,0.6667,1.0,0.5,Case D (Missed Security Similarity)
devign,id_11840_label_False_qemu.c_194,0,,2,5,id_10541_label_False_qemu.c_488,0,,2,0.1562,0.3283,0.2079,1.0,1.0,1.0,1.0,Case D (Missed Security Similarity)
devign,id_11843_label_False_qemu.c_195,0,,0,1,id_11761_label_False_qemu.c_1573,0,,1,0.1011,0.4608,0.209,1.0,0.0,1.0,0.7,Case D (Missed Security Similarity)
devign,id_11843_label_False_qemu.c_195,0,,0,2,id_13173_label_False_qemu.c_2821,0,,3,0.0435,0.4874,0.1767,1.0,0.0,1.0,0.7,Case D (Missed Security Similarity)
devign,id_11843_label_False_qemu.c_195,0,,0,3,id_12247_label_True_qemu.c_1994,1,,0,0.0909,0.3124,0.1574,1.0,1.0,0.6667,0.9,Case D (Missed Security Similarity)
devign,id_11843_label_False_qemu.c_195,0,,0,4,id_13178_label_False_qemu.c_2825,0,,1,0.0505,0.3708,0.1466,1.0,0.0,0.6667,0.6,Case D (Missed Security Similarity)
devign,id_11843_label_False_qemu.c_195,0,,0,5,id_11617_label_False_qemu.c_1444,0,,1,0.0686,0.0095,0.0509,1.0,0.0,1.0,0.7,Case D (Missed Security Similarity)
devign,id_11844_label_False_qemu.c_196,0,,1,1,id_11371_label_True_qemu.c_1226,1,,2,0.1857,0.4655,0.2696,1.0,0.5,1.0,0.85,Case D (Missed Security Similarity)
devign,id_11844_label_False_qemu.c_196,0,,1,2,id_11532_label_True_qemu.c_1365,1,,3,0.1711,0.4892,0.2665,1.0,0.3333,1.0,0.8,Case D (Missed Security Similarity)
devign,id_11844_label_False_qemu.c_196,0,,1,3,id_1146_label_True_qemu.c_1309,1,,3,0.125,0.4793,0.2313,1.0,0.3333,1.0,0.8,Case D (Missed Security Similarity)
devign,id_11844_label_False_qemu.c_196,0,,1,4,id_10929_label_False_qemu.c_825,0,,2,0.15,0.4093,0.2278,1.0,0.5,1.0,0.85,Case D (Missed Security Similarity)
devign,id_11844_label_False_qemu.c_196,0,,1,5,id_1198_label_False_qemu.c_1769,0,,1,0.0702,0.0095,0.052,1.0,1.0,1.0,1.0,Case D (Missed Security Similarity)
devign,id_11852_label_False_qemu.c_197,0,read|printf|write,2,1,id_10634_label_True_qemu.c_570,1,memcpy|strcmp,2,0.0194,0.2016,0.074,0.0,0.3333,1.0,0.4,Uncorrelated / Low Similarity
devign,id_11852_label_False_qemu.c_197,0,read|printf|write,2,2,id_1160_label_False_qemu.c_1440,0,printf,2,0.0478,0.1263,0.0714,0.3333,1.0,1.0,0.7333,Case D (Missed Security Similarity)
devign,id_11852_label_False_qemu.c_197,0,read|printf|write,2,3,id_12388_label_True_qemu.c_2112,1,,0,0.0152,0.1281,0.0491,0.0,0.0,0.6667,0.2,Uncorrelated / Low Similarity
devign,id_11852_label_False_qemu.c_197,0,read|printf|write,2,4,id_12138_label_False_qemu.c_1896,0,,3,0.0109,0.0107,0.0108,0.0,0.6667,0.6667,0.4,Uncorrelated / Low Similarity
devign,id_11852_label_False_qemu.c_197,0,read|printf|write,2,5,id_12748_label_False_qemu.c_2444,0,,1,0.0101,0.0109,0.0104,0.0,0.5,0.6667,0.35,Uncorrelated / Low Similarity
devign,id_11853_label_False_qemu.c_198,0,,3,1,id_10189_label_False_qemu.c_177,0,,1,0.2619,0.71,0.3963,1.0,0.3333,1.0,0.8,Case A (Good)
devign,id_11853_label_False_qemu.c_198,0,,3,2,id_12824_label_True_qemu.c_2505,1,,3,0.2353,0.5423,0.3274,1.0,1.0,1.0,1.0,Case D (Missed Security Similarity)
devign,id_11853_label_False_qemu.c_198,0,,3,3,id_11271_label_False_qemu.c_1137,0,send,2,0.1897,0.4475,0.267,0.0,0.6667,1.0,0.5,Case D (Missed Security Similarity)
devign,id_11853_label_False_qemu.c_198,0,,3,4,id_11831_label_False_qemu.c_1643,0,memset,3,0.1048,0.6335,0.2634,0.0,0.5,1.0,0.45,Uncorrelated / Low Similarity
devign,id_11853_label_False_qemu.c_198,0,,3,5,id_11182_label_False_qemu.c_1054,0,open,3,0.0775,0.5779,0.2276,0.0,0.5,0.6667,0.35,Uncorrelated / Low Similarity
devign,id_11854_label_False_qemu.c_199,0,,1,1,id_10894_label_False_qemu.c_795,0,,1,0.0705,0.4945,0.1977,1.0,1.0,1.0,1.0,Case D (Missed Security Similarity)
devign,id_11854_label_False_qemu.c_199,0,,1,2,id_1048_label_True_qemu.c_439,1,,1,0.0874,0.2941,0.1494,1.0,1.0,1.0,1.0,Case D (Missed Security Similarity)
devign,id_11854_label_False_qemu.c_199,0,,1,3,id_10427_label_True_qemu.c_381,1,,1,0.0459,0.328,0.1305,1.0,1.0,1.0,1.0,Case D (Missed Security Similarity)
devign,id_11854_label_False_qemu.c_199,0,,1,4,id_10258_label_False_qemu.c_237,0,memset,1,0.1099,0.1425,0.1197,0.0,1.0,1.0,0.6,Case D (Missed Security Similarity)
devign,id_11854_label_False_qemu.c_199,0,,1,5,id_10290_label_False_qemu.c_264,0,,1,0.1418,0.0109,0.1025,1.0,1.0,1.0,1.0,Case D (Missed Security Similarity)
devign,id_11861_label_True_qemu.c_200,1,,1,1,id_1191_label_False_qemu.c_1717,0,,1,0.2353,0.8594,0.4225,1.0,1.0,0.6667,0.9,Case D (Missed Security Similarity)
devign,id_11861_label_True_qemu.c_200,1,,1,2,id_11851_label_False_qemu.c_1658,0,,0,0.2857,0.6833,0.405,1.0,0.0,1.0,0.7,Case C (Dangerous - Label Mismatch)
devign,id_11861_label_True_qemu.c_200,1,,1,3,id_11800_label_True_qemu.c_1614,1,,1,0.25,0.6922,0.3827,1.0,1.0,0.6667,0.9,Case A (Good)
devign,id_11861_label_True_qemu.c_200,1,,1,4,id_10053_label_False_qemu.c_49,0,,1,0.2941,0.3266,0.3039,1.0,1.0,0.6667,0.9,Case C (Dangerous - Label Mismatch)
devign,id_11861_label_True_qemu.c_200,1,,1,5,id_13042_label_True_qemu.c_2706,1,,0,0.1429,0.0446,0.1134,1.0,0.0,1.0,0.7,Case D (Missed Security Similarity)
devign,id_11865_label_True_qemu.c_201,1,fprintf,0,1,id_10740_label_True_FFmpeg.c_661,1,free,0,0.1212,0.4222,0.2115,0.0,1.0,0.3333,0.4,Uncorrelated / Low Similarity
devign,id_11865_label_True_qemu.c_201,1,fprintf,0,2,id_10106_label_True_qemu.c_100,1,memmove,1,0.0395,0.4444,0.161,0.0,0.0,0.6667,0.2,Uncorrelated / Low Similarity
devign,id_11865_label_True_qemu.c_201,1,fprintf,0,3,id_12566_label_True_qemu.c_2279,1,,1,0.06,0.3607,0.1502,0.0,0.0,0.6667,0.2,Uncorrelated / Low Similarity
devign,id_11865_label_True_qemu.c_201,1,fprintf,0,4,id_13327_label_True_FFmpeg.c_2964,1,,1,0.0541,0.2803,0.1219,0.0,0.0,0.6667,0.2,Uncorrelated / Low Similarity
devign,id_11865_label_True_qemu.c_201,1,fprintf,0,5,id_10714_label_False_qemu.c_643,0,,3,0.0351,0.0091,0.0273,0.0,0.0,0.6667,0.2,Uncorrelated / Low Similarity
devign,id_11877_label_True_FFmpeg.c_202,1,memset,1,1,id_11766_label_False_qemu.c_1578,0,,1,0.0714,0.682,0.2546,0.0,1.0,1.0,0.6,Case D (Missed Security Similarity)
devign,id_11877_label_True_FFmpeg.c_202,1,memset,1,2,id_11581_label_True_FFmpeg.c_1412,1,,3,0.0984,0.5951,0.2474,0.0,0.3333,1.0,0.4,Uncorrelated / Low Similarity
devign,id_11877_label_True_FFmpeg.c_202,1,memset,1,3,id_13108_label_False_FFmpeg.c_2766,0,,1,0.0581,0.3433,0.1437,0.0,1.0,0.6667,0.5,Case D (Missed Security Similarity)
devign,id_11877_label_True_FFmpeg.c_202,1,memset,1,4,id_10047_label_False_FFmpeg.c_43,0,,1,0.1111,0.0081,0.0802,0.0,1.0,1.0,0.6,Case D (Missed Security Similarity)
devign,id_11877_label_True_FFmpeg.c_202,1,memset,1,5,id_10533_label_False_qemu.c_480,0,free,1,0.1077,0.0102,0.0784,0.0,1.0,0.3333,0.4,Uncorrelated / Low Similarity
devign,id_11885_label_True_FFmpeg.c_203,1,,1,1,id_12218_label_True_FFmpeg.c_1966,1,memcpy,2,0.1778,0.5186,0.28,0.0,0.5,1.0,0.45,Uncorrelated / Low Similarity
devign,id_11885_label_True_FFmpeg.c_203,1,,1,2,id_10398_label_False_FFmpeg.c_357,0,memset,2,0.0755,0.4471,0.187,0.0,0.5,1.0,0.45,Uncorrelated / Low Similarity
devign,id_11885_label_True_FFmpeg.c_203,1,,1,3,id_11432_label_True_qemu.c_1281,1,fprintf|strcmp,2,0.0373,0.428,0.1545,0.0,0.5,1.0,0.45,Uncorrelated / Low Similarity
devign,id_11885_label_True_FFmpeg.c_203,1,,1,4,id_11537_label_False_FFmpeg.c_1369,0,,2,0.0699,0.2568,0.126,1.0,0.5,1.0,0.85,Case D (Missed Security Similarity)
devign,id_11885_label_True_FFmpeg.c_203,1,,1,5,id_12008_label_False_FFmpeg.c_1787,0,,1,0.1531,0.0121,0.1108,1.0,1.0,1.0,1.0,Case D (Missed Security Similarity)
devign,id_11911_label_False_qemu.c_204,0,,1,1,id_11994_label_True_qemu.c_1774,1,,0,0.08,0.3023,0.1467,1.0,0.0,0.6667,0.6,Case D (Missed Security Similarity)
devign,id_11911_label_False_qemu.c_204,0,,1,2,id_12736_label_False_qemu.c_2433,0,,3,0.055,0.2183,0.104,1.0,0.3333,1.0,0.8,Case D (Missed Security Similarity)
devign,id_11911_label_False_qemu.c_204,0,,1,3,id_12578_label_True_qemu.c_2291,1,,2,0.0538,0.2201,0.1037,1.0,0.5,1.0,0.85,Case D (Missed Security Similarity)
devign,id_11911_label_False_qemu.c_204,0,,1,4,id_11443_label_False_FFmpeg.c_1291,0,memset,1,0.0303,0.2273,0.0894,0.0,1.0,1.0,0.6,Case D (Missed Security Similarity)
devign,id_11911_label_False_qemu.c_204,0,,1,5,id_10527_label_False_qemu.c_473,0,,0,0.0769,0.078,0.0772,1.0,0.0,0.6667,0.6,Case D (Missed Security Similarity)
devign,id_11919_label_False_qemu.c_205,0,,1,1,id_10127_label_False_qemu.c_120,0,,1,0.7805,0.9931,0.8443,1.0,1.0,1.0,1.0,Case A (Good)
devign,id_11919_label_False_qemu.c_205,0,,1,2,id_10246_label_False_qemu.c_225,0,,1,0.6744,0.9931,0.77,1.0,1.0,1.0,1.0,Case A (Good)
devign,id_11919_label_False_qemu.c_205,0,,1,3,id_12698_label_False_qemu.c_2398,0,,1,0.6364,0.9941,0.7437,1.0,1.0,1.0,1.0,Case A (Good)
devign,id_11919_label_False_qemu.c_205,0,,1,4,id_10935_label_False_qemu.c_831,0,,1,0.4318,0.0102,0.3053,1.0,0.0,1.0,0.7,Case A (Good)
devign,id_11919_label_False_qemu.c_205,0,,1,5,id_10168_label_True_qemu.c_157,1,,1,0.4091,0.0104,0.2895,1.0,0.0,1.0,0.7,Case C (Dangerous - Label Mismatch)
devign,id_11933_label_True_qemu.c_206,1,,1,1,id_12061_label_True_qemu.c_1836,1,,1,0.5102,0.9977,0.6565,1.0,1.0,1.0,1.0,Case A (Good)
devign,id_11933_label_True_qemu.c_206,1,,1,2,id_12811_label_True_qemu.c_2494,1,,1,0.4423,0.9932,0.6076,1.0,1.0,1.0,1.0,Case A (Good)
devign,id_11933_label_True_qemu.c_206,1,,1,3,id_105_label_False_qemu.c_539,0,,1,0.3036,0.9955,0.5111,1.0,1.0,1.0,1.0,Case C (Dangerous - Label Mismatch)
devign,id_11933_label_True_qemu.c_206,1,,1,4,id_12229_label_True_qemu.c_1977,1,,1,0.1912,0.991,0.4311,1.0,1.0,1.0,1.0,Case D (Missed Security Similarity)
devign,id_11933_label_True_qemu.c_206,1,,1,5,id_10500_label_True_qemu.c_450,1,,1,0.3111,0.0113,0.2212,1.0,1.0,1.0,1.0,Case A (Good)
devign,id_11936_label_True_qemu.c_207,1,,1,1,id_12248_label_True_qemu.c_1995,1,,1,0.1127,0.406,0.2007,1.0,1.0,1.0,1.0,Case D (Missed Security Similarity)
devign,id_11936_label_True_qemu.c_207,1,,1,2,id_11909_label_False_qemu.c_1709,0,,2,0.0556,0.461,0.1772,1.0,0.5,1.0,0.85,Case D (Missed Security Similarity)
devign,id_11936_label_True_qemu.c_207,1,,1,3,id_10536_label_False_qemu.c_483,0,,1,0.0862,0.1294,0.0992,1.0,1.0,1.0,1.0,Case D (Missed Security Similarity)
devign,id_11936_label_True_qemu.c_207,1,,1,4,id_10542_label_False_qemu.c_489,0,,1,0.0625,0.154,0.09,1.0,1.0,1.0,1.0,Case D (Missed Security Similarity)
devign,id_11936_label_True_qemu.c_207,1,,1,5,id_10949_label_False_qemu.c_844,0,,2,0.0545,0.0136,0.0422,1.0,0.5,1.0,0.85,Case D (Missed Security Similarity)
devign,id_1194_label_False_qemu.c_208,0,,0,1,id_12448_label_False_qemu.c_2165,0,,1,0.3636,0.6285,0.4431,1.0,0.0,1.0,0.7,Case A (Good)
devign,id_1194_label_False_qemu.c_208,0,,0,2,id_1329_label_True_qemu.c_2939,1,,0,0.25,0.227,0.2431,1.0,1.0,1.0,1.0,Case C (Dangerous - Label Mismatch)
devign,id_1194_label_False_qemu.c_208,0,,0,3,id_12832_label_False_qemu.c_2511,0,,0,0.3,0.0172,0.2152,1.0,1.0,0.6667,0.9,Case A (Good)
devign,id_1194_label_False_qemu.c_208,0,,0,4,id_11903_label_False_qemu.c_1703,0,,1,0.1667,0.1688,0.1673,1.0,0.0,0.6667,0.6,Case D (Missed Security Similarity)
devign,id_1194_label_False_qemu.c_208,0,,0,5,id_12057_label_True_qemu.c_1831,1,printf,1,0.129,0.2396,0.1622,0.0,0.0,0.6667,0.2,Uncorrelated / Low Similarity
devign,id_11957_label_False_qemu.c_209,0,,2,1,id_1037_label_True_qemu.c_342,1,read|write,4,0.096,0.4181,0.1926,0.0,0.5,1.0,0.45,Uncorrelated / Low Similarity
devign,id_11957_label_False_qemu.c_209,0,,2,2,id_12025_label_False_qemu.c_1805,0,,2,0.0615,0.4402,0.1751,1.0,1.0,1.0,1.0,Case D (Missed Security Similarity)
devign,id_11957_label_False_qemu.c_209,0,,2,3,id_10373_label_False_qemu.c_337,0,,2,0.0732,0.3531,0.1571,1.0,0.3333,1.0,0.8,Case D (Missed Security Similarity)
devign,id_11957_label_False_qemu.c_209,0,,2,4,id_13325_label_True_qemu.c_2962,1,,1,0.0283,0.2801,0.1038,1.0,0.5,0.6667,0.75,Case D (Missed Security Similarity)
devign,id_11957_label_False_qemu.c_209,0,,2,5,id_11408_label_False_qemu.c_1258,0,,1,0.0291,0.2736,0.1025,1.0,0.5,0.6667,0.75,Case D (Missed Security Similarity)
devign,id_11958_label_False_qemu.c_210,0,,3,1,id_10219_label_False_qemu.c_203,0,memset|snprintf,3,0.2821,0.476,0.3402,0.0,1.0,1.0,0.6,Case A (Good)
devign,id_11958_label_False_qemu.c_210,0,,3,2,id_11567_label_True_qemu.c_1397,1,,1,0.2069,0.5108,0.2981,1.0,0.3333,0.6667,0.7,Case D (Missed Security Similarity)
devign,id_11958_label_False_qemu.c_210,0,,3,3,id_10001_label_False_qemu.c_1,0,,1,0.1404,0.3711,0.2096,1.0,0.3333,0.6667,0.7,Case D (Missed Security Similarity)
devign,id_11958_label_False_qemu.c_210,0,,3,4,id_1196_label_False_qemu.c_1756,0,,1,0.1129,0.3831,0.194,1.0,0.3333,0.6667,0.7,Case D (Missed Security Similarity)
devign,id_11958_label_False_qemu.c_210,0,,3,5,id_10704_label_False_qemu.c_632,0,strcmp,3,0.0847,0.3254,0.1569,0.0,0.5,0.6667,0.35,Uncorrelated / Low Similarity
devign,id_11969_label_False_qemu.c_211,0,,1,1,id_10138_label_False_qemu.c_128,0,,1,0.0649,0.2387,0.1171,1.0,1.0,1.0,1.0,Case D (Missed Security Similarity)
devign,id_11969_label_False_qemu.c_211,0,,1,2,id_12481_label_False_qemu.c_2198,0,,1,0.0519,0.25,0.1114,1.0,1.0,1.0,1.0,Case D (Missed Security Similarity)
devign,id_11969_label_False_qemu.c_211,0,,1,3,id_1284_label_False_qemu.c_2529,0,,0,0.0423,0.2154,0.0942,1.0,0.0,0.6667,0.6,Case D (Missed Security Similarity)
devign,id_11969_label_False_qemu.c_211,0,,1,4,id_10368_label_False_qemu.c_333,0,,0,0.1026,0.0107,0.075,1.0,0.0,1.0,0.7,Case D (Missed Security Similarity)
devign,id_11969_label_False_qemu.c_211,0,,1,5,id_10261_label_False_qemu.c_241,0,,1,0.0649,0.0092,0.0482,1.0,1.0,1.0,1.0,Case D (Missed Security Similarity)
devign,id_11975_label_False_qemu.c_212,0,,2,1,id_11013_label_False_qemu.c_901,0,,3,0.1288,0.5668,0.2602,1.0,0.6667,1.0,0.9,Case D (Missed Security Similarity)
devign,id_11975_label_False_qemu.c_212,0,,2,2,id_12277_label_True_qemu.c_2022,1,,2,0.1325,0.5226,0.2495,1.0,1.0,1.0,1.0,Case D (Missed Security Similarity)
devign,id_11975_label_False_qemu.c_212,0,,2,3,id_10747_label_True_FFmpeg.c_666,1,memset,2,0.1369,0.4741,0.2381,0.0,1.0,1.0,0.6,Case D (Missed Security Similarity)
devign,id_11975_label_False_qemu.c_212,0,,2,4,id_11344_label_True_FFmpeg.c_1203,1,close|fclose,2,0.12,0.3704,0.1951,0.0,0.3333,1.0,0.4,Uncorrelated / Low Similarity
devign,id_11975_label_False_qemu.c_212,0,,2,5,id_11436_label_True_FFmpeg.c_1284,1,,1,0.0979,0.3824,0.1833,1.0,0.5,1.0,0.85,Case D (Missed Security Similarity)
devign,id_11978_label_True_qemu.c_213,1,fprintf,1,1,id_11467_label_True_qemu.c_1308,1,fprintf|write,2,0.1102,0.56,0.2451,0.5,0.5,0.6667,0.55,Case D (Missed Security Similarity)
devign,id_11978_label_True_qemu.c_213,1,fprintf,1,2,id_13245_label_True_qemu.c_2889,1,fprintf|recv|send,2,0.115,0.3906,0.1977,0.3333,0.5,0.6667,0.4833,Uncorrelated / Low Similarity
devign,id_11978_label_True_qemu.c_213,1,fprintf,1,3,id_120_label_True_qemu.c_1868,1,fprintf|send,3,0.0909,0.1744,0.116,0.5,0.3333,1.0,0.6,Case D (Missed Security Similarity)
devign,id_11978_label_True_qemu.c_213,1,fprintf,1,4,id_11994_label_True_qemu.c_1774,1,,0,0.013,0.2153,0.0737,0.0,0.0,0.6667,0.2,Uncorrelated / Low Similarity
devign,id_11978_label_True_qemu.c_213,1,fprintf,1,5,id_10527_label_False_qemu.c_473,0,,0,0.0195,0.0862,0.0395,0.0,0.0,0.6667,0.2,Uncorrelated / Low Similarity
devign,id_11979_label_True_FFmpeg.c_214,1,strcmp|snprintf,3,1,id_10553_label_False_FFmpeg.c_500,0,,1,0.1214,0.6438,0.2781,0.0,0.3333,1.0,0.4,Uncorrelated / Low Similarity
devign,id_11979_label_True_FFmpeg.c_214,1,strcmp|snprintf,3,2,id_10754_label_False_FFmpeg.c_672,0,memset,4,0.0312,0.8452,0.2754,0.0,0.75,1.0,0.525,Case D (Missed Security Similarity)
devign,id_11979_label_True_FFmpeg.c_214,1,strcmp|snprintf,3,3,id_1116_label_False_FFmpeg.c_1040,0,memcpy,3,0.0721,0.6852,0.256,0.0,1.0,1.0,0.6,Case D (Missed Security Similarity)
devign,id_11979_label_True_FFmpeg.c_214,1,strcmp|snprintf,3,4,id_11737_label_True_FFmpeg.c_1550,1,,1,0.084,0.3344,0.1591,0.0,0.3333,0.6667,0.3,Uncorrelated / Low Similarity
devign,id_11979_label_True_FFmpeg.c_214,1,strcmp|snprintf,3,5,id_12456_label_False_FFmpeg.c_2172,0,memset,3,0.0125,0.2984,0.0983,0.0,1.0,1.0,0.6,Case D (Missed Security Similarity)
devign,id_11980_label_True_qemu.c_215,1,,1,1,id_12468_label_False_qemu.c_2185,0,,1,0.1714,0.3897,0.2369,1.0,1.0,1.0,1.0,Case D (Missed Security Similarity)
devign,id_11980_label_True_qemu.c_215,1,,1,2,id_12693_label_True_qemu.c_2393,1,,1,0.1212,0.3329,0.1847,1.0,1.0,1.0,1.0,Case D (Missed Security Similarity)
devign,id_11980_label_True_qemu.c_215,1,,1,3,id_11378_label_True_qemu.c_1232,1,,1,0.1212,0.3329,0.1847,1.0,1.0,1.0,1.0,Case D (Missed Security Similarity)
devign,id_11980_label_True_qemu.c_215,1,,1,4,id_13330_label_True_qemu.c_2968,1,,0,0.1,0.1561,0.1168,1.0,0.0,1.0,0.7,Case D (Missed Security Similarity)
devign,id_11980_label_True_qemu.c_215,1,,1,5,id_12042_label_False_qemu.c_1819,0,,1,0.1042,0.0114,0.0763,1.0,1.0,0.6667,0.9,Case D (Missed Security Similarity)
devign,id_11983_label_False_FFmpeg.c_216,0,,1,1,id_10759_label_True_FFmpeg.c_677,1,memcpy,3,0.0938,0.7111,0.279,0.0,0.3333,1.0,0.4,Uncorrelated / Low Similarity
devign,id_11983_label_False_FFmpeg.c_216,0,,1,2,id_12863_label_False_FFmpeg.c_2541,0,memcpy|open,3,0.0798,0.6558,0.2526,0.0,0.3333,0.6667,0.3,Uncorrelated / Low Similarity
devign,id_11983_label_False_FFmpeg.c_216,0,,1,3,id_11310_label_False_FFmpeg.c_1175,0,memcpy,1,0.0896,0.4486,0.1973,0.0,1.0,1.0,0.6,Case D (Missed Security Similarity)
devign,id_11983_label_False_FFmpeg.c_216,0,,1,4,id_11183_label_False_FFmpeg.c_1055,0,,2,0.0783,0.3062,0.1467,1.0,0.5,1.0,0.85,Case D (Missed Security Similarity)
devign,id_11983_label_False_FFmpeg.c_216,0,,1,5,id_12193_label_False_FFmpeg.c_1948,0,,1,0.0556,0.1896,0.0958,1.0,1.0,0.6667,0.9,Case D (Missed Security Similarity)
devign,id_11985_label_True_FFmpeg.c_217,1,memset,1,1,id_11435_label_True_FFmpeg.c_1283,1,,1,0.1589,0.702,0.3218,0.0,1.0,0.6667,0.5,Case D (Missed Security Similarity)
devign,id_11985_label_True_FFmpeg.c_217,1,memset,1,2,id_12464_label_False_FFmpeg.c_2181,0,,2,0.1101,0.7066,0.289,0.0,0.5,1.0,0.45,Uncorrelated / Low Similarity
devign,id_11985_label_True_FFmpeg.c_217,1,memset,1,3,id_11755_label_True_FFmpeg.c_1566,1,,1,0.0769,0.3067,0.1459,0.0,1.0,0.3333,0.4,Uncorrelated / Low Similarity
devign,id_11985_label_True_FFmpeg.c_217,1,memset,1,4,id_12706_label_False_qemu.c_2405,0,,1,0.0442,0.3214,0.1274,0.0,1.0,0.6667,0.5,Case D (Missed Security Similarity)
devign,id_11985_label_True_FFmpeg.c_217,1,memset,1,5,id_10062_label_False_qemu.c_56,0,,0,0.0696,0.1272,0.0869,0.0,0.0,0.3333,0.1,Uncorrelated / Low Similarity
devign,id_11988_label_True_qemu.c_218,1,,1,1,id_12430_label_True_qemu.c_2149,1,,1,0.1852,0.3582,0.2371,1.0,1.0,1.0,1.0,Case D (Missed Security Similarity)
devign,id_11988_label_True_qemu.c_218,1,,1,2,id_11962_label_False_qemu.c_1752,0,,3,0.14,0.3818,0.2126,1.0,0.3333,1.0,0.8,Case D (Missed Security Similarity)
devign,id_11988_label_True_qemu.c_218,1,,1,3,id_10109_label_True_qemu.c_103,1,,2,0.0833,0.4476,0.1926,1.0,0.5,1.0,0.85,Case D (Missed Security Similarity)
devign,id_11988_label_True_qemu.c_218,1,,1,4,id_10065_label_False_qemu.c_58,0,,2,0.0833,0.42,0.1843,1.0,0.5,1.0,0.85,Case D (Missed Security Similarity)
devign,id_11988_label_True_qemu.c_218,1,,1,5,id_12156_label_True_qemu.c_1912,1,,2,0.1333,0.0099,0.0963,1.0,0.5,1.0,0.85,Case D (Missed Security Similarity)
devign,id_11998_label_True_qemu.c_219,1,,1,1,id_10796_label_True_qemu.c_709,1,,0,0.2308,0.4104,0.2847,1.0,0.0,0.6667,0.6,Case D (Missed Security Similarity)
devign,id_11998_label_True_qemu.c_219,1,,1,2,id_10430_label_True_qemu.c_383,1,,1,0.15,0.5253,0.2626,1.0,1.0,0.6667,0.9,Case D (Missed Security Similarity)
devign,id_11998_label_True_qemu.c_219,1,,1,3,id_11220_label_True_qemu.c_1091,1,,1,0.1818,0.34,0.2293,1.0,1.0,0.6667,0.9,Case D (Missed Security Similarity)
devign,id_11998_label_True_qemu.c_219,1,,1,4,id_12781_label_True_qemu.c_2472,1,,1,0.1,0.3242,0.1673,1.0,1.0,1.0,1.0,Case D (Missed Security Similarity)
devign,id_11998_label_True_qemu.c_219,1,,1,5,id_1316_label_True_FFmpeg.c_2818,1,,1,0.0507,0.4334,0.1655,1.0,1.0,1.0,1.0,Case D (Missed Security Similarity)
devign,id_12023_label_False_qemu.c_220,0,,2,1,id_10949_label_False_qemu.c_844,0,,2,0.0725,0.5024,0.2014,1.0,0.3333,1.0,0.8,Case D (Missed Security Similarity)
devign,id_12023_label_False_qemu.c_220,0,,2,2,id_11909_label_False_qemu.c_1709,0,,2,0.0735,0.4621,0.1901,1.0,0.3333,1.0,0.8,Case D (Missed Security Similarity)
devign,id_12023_label_False_qemu.c_220,0,,2,3,id_11531_label_True_qemu.c_1364,1,,2,0.0879,0.3564,0.1684,1.0,1.0,0.6667,0.9,Case D (Missed Security Similarity)
devign,id_12023_label_False_qemu.c_220,0,,2,4,id_10536_label_False_qemu.c_483,0,,1,0.0676,0.1976,0.1066,1.0,0.5,1.0,0.85,Case D (Missed Security Similarity)
devign,id_12023_label_False_qemu.c_220,0,,2,5,id_11994_label_True_qemu.c_1774,1,,0,0.0364,0.2305,0.0946,1.0,0.0,1.0,0.7,Case D (Missed Security Similarity)
devign,id_12026_label_False_qemu.c_221,0,,1,1,id_10947_label_False_qemu.c_842,0,fprintf,1,0.0667,0.3057,0.1384,0.0,1.0,1.0,0.6,Case D (Missed Security Similarity)
devign,id_12026_label_False_qemu.c_221,0,,1,2,id_11661_label_True_qemu.c_1484,1,strcmp,3,0.069,0.277,0.1314,0.0,0.3333,0.6667,0.3,Uncorrelated / Low Similarity
devign,id_12026_label_False_qemu.c_221,0,,1,3,id_13207_label_True_FFmpeg.c_2852,1,,0,0.0374,0.2059,0.0879,1.0,0.0,0.6667,0.6,Case D (Missed Security Similarity)
devign,id_12026_label_False_qemu.c_221,0,,1,4,id_11994_label_True_qemu.c_1774,1,,0,0.0196,0.1488,0.0584,1.0,0.0,1.0,0.7,Case D (Missed Security Similarity)
devign,id_12026_label_False_qemu.c_221,0,,1,5,id_10527_label_False_qemu.c_473,0,,0,0.0294,0.075,0.0431,1.0,0.0,1.0,0.7,Case D (Missed Security Similarity)
devign,id_12036_label_False_qemu.c_222,0,,1,1,id_12705_label_False_qemu.c_2404,0,write,1,0.0828,0.3851,0.1735,0.0,1.0,0.6667,0.5,Case D (Missed Security Similarity)
devign,id_12036_label_False_qemu.c_222,0,,1,2,id_10890_label_False_qemu.c_791,0,,1,0.0984,0.3441,0.1721,1.0,1.0,0.6667,0.9,Case D (Missed Security Similarity)
devign,id_12036_label_False_qemu.c_222,0,,1,3,id_11774_label_False_qemu.c_1587,0,,1,0.1158,0.2392,0.1528,1.0,1.0,1.0,1.0,Case D (Missed Security Similarity)
devign,id_12036_label_False_qemu.c_222,0,,1,4,id_12291_label_True_FFmpeg.c_2035,1,,1,0.0686,0.3391,0.1498,1.0,1.0,1.0,1.0,Case D (Missed Security Similarity)
devign,id_12036_label_False_qemu.c_222,0,,1,5,id_13015_label_False_qemu.c_2686,0,,1,0.0913,0.1441,0.1072,1.0,1.0,0.6667,0.9,Case D (Missed Security Similarity)
devign,id_12038_label_False_qemu.c_223,0,fprintf,1,1,id_12714_label_False_qemu.c_2413,0,,1,0.1053,0.4191,0.1994,0.0,1.0,0.6667,0.5,Case D (Missed Security Similarity)
devign,id_12038_label_False_qemu.c_223,0,fprintf,1,2,id_12371_label_False_qemu.c_2103,0,,1,0.1111,0.4037,0.1989,0.0,1.0,0.6667,0.5,Case D (Missed Security Similarity)
devign,id_12038_label_False_qemu.c_223,0,fprintf,1,3,id_12774_label_False_qemu.c_2469,0,,1,0.08,0.4341,0.1862,0.0,1.0,0.6667,0.5,Case D (Missed Security Similarity)
devign,id_12038_label_False_qemu.c_223,0,fprintf,1,4,id_1057_label_True_qemu.c_523,1,memset,1,0.0862,0.3815,0.1748,0.0,0.0,0.3333,0.1,Uncorrelated / Low Similarity
devign,id_12038_label_False_qemu.c_223,0,fprintf,1,5,id_12836_label_False_qemu.c_2515,0,,2,0.0625,0.25,0.1187,0.0,0.5,0.6667,0.35,Uncorrelated / Low Similarity
devign,id_12075_label_True_qemu.c_224,1,,0,1,id_1079_label_False_qemu.c_713,0,,1,0.2917,0.3877,0.3205,1.0,0.0,1.0,0.7,Case C (Dangerous - Label Mismatch)
devign,id_12075_label_True_qemu.c_224,1,,0,2,id_11786_label_True_qemu.c_1599,1,,1,0.2222,0.3974,0.2748,1.0,0.0,1.0,0.7,Case D (Missed Security Similarity)
devign,id_12075_label_True_qemu.c_224,1,,0,3,id_11260_label_False_qemu.c_1130,0,,2,0.0577,0.52,0.1964,1.0,0.0,1.0,0.7,Case D (Missed Security Similarity)
devign,id_12075_label_True_qemu.c_224,1,,0,4,id_10693_label_True_qemu.c_620,1,,2,0.0484,0.52,0.1899,1.0,0.0,1.0,0.7,Case D (Missed Security Similarity)
devign,id_12075_label_True_qemu.c_224,1,,0,5,id_123_label_True_FFmpeg.c_2122,1,memcpy|open,2,0.0225,0.5422,0.1784,0.0,0.0,0.6667,0.2,Uncorrelated / Low Similarity
devign,id_12079_label_True_qemu.c_225,1,memcpy|strcmp,3,1,id_11590_label_False_FFmpeg.c_1422,0,strncmp|strcmp|snprintf,3,0.0714,0.6751,0.2525,0.25,1.0,1.0,0.7,Case D (Missed Security Similarity)
devign,id_12079_label_True_qemu.c_225,1,memcpy|strcmp,3,2,id_12119_label_False_qemu.c_1883,0,strcmp|sscanf,2,0.107,0.502,0.2255,0.3333,0.6667,1.0,0.6333,Case D (Missed Security Similarity)
devign,id_12079_label_True_qemu.c_225,1,memcpy|strcmp,3,3,id_10101_label_True_qemu.c_96,1,,1,0.1034,0.3926,0.1902,0.0,0.3333,0.6667,0.3,Uncorrelated / Low Similarity
devign,id_12079_label_True_qemu.c_225,1,memcpy|strcmp,3,4,id_13328_label_True_FFmpeg.c_2965,1,memset,2,0.0642,0.4251,0.1725,0.0,0.6667,1.0,0.5,Case D (Missed Security Similarity)
devign,id_12079_label_True_qemu.c_225,1,memcpy|strcmp,3,5,id_12264_label_True_qemu.c_2010,1,,1,0.0719,0.0103,0.0534,0.0,0.3333,0.6667,0.3,Uncorrelated / Low Similarity
devign,id_12083_label_True_qemu.c_226,1,,2,1,id_11821_label_True_qemu.c_1633,1,,2,0.4098,0.9447,0.5703,1.0,1.0,1.0,1.0,Case A (Good)
devign,id_12083_label_True_qemu.c_226,1,,2,2,id_1024_label_True_qemu.c_229,1,sscanf,2,0.3529,0.9868,0.5431,0.0,1.0,0.6667,0.5,Case A (Good)
devign,id_12083_label_True_qemu.c_226,1,,2,3,id_13335_label_True_qemu.c_2972,1,,2,0.3516,0.9314,0.5256,1.0,1.0,1.0,1.0,Case A (Good)
devign,id_12083_label_True_qemu.c_226,1,,2,4,id_12875_label_False_qemu.c_2552,0,,2,0.4247,0.4516,0.4327,1.0,1.0,1.0,1.0,Case C (Dangerous - Label Mismatch)
devign,id_12083_label_True_qemu.c_226,1,,2,5,id_10892_label_False_qemu.c_793,0,,3,0.1463,0.6041,0.2837,1.0,0.6667,1.0,0.9,Case D (Missed Security Similarity)
devign,id_12086_label_True_qemu.c_227,1,,1,1,id_1025_label_True_qemu.c_239,1,,0,0.6429,0.9555,0.7366,1.0,0.0,1.0,0.7,Case A (Good)
devign,id_12086_label_True_qemu.c_227,1,,1,2,id_12776_label_False_qemu.c_2470,0,,1,0.3889,0.6333,0.4622,1.0,0.0,1.0,0.7,Case C (Dangerous - Label Mismatch)
devign,id_12086_label_True_qemu.c_227,1,,1,3,id_12971_label_True_qemu.c_2643,1,,2,0.3333,0.5802,0.4074,1.0,0.5,1.0,0.85,Case A (Good)
devign,id_12086_label_True_qemu.c_227,1,,1,4,id_13165_label_False_qemu.c_2814,0,,2,0.2727,0.5809,0.3652,1.0,0.5,1.0,0.85,Case C (Dangerous - Label Mismatch)
devign,id_12086_label_True_qemu.c_227,1,,1,5,id_11928_label_True_qemu.c_1725,1,,1,0.2963,0.4911,0.3548,1.0,0.0,1.0,0.7,Case A (Good)
devign,id_12095_label_True_FFmpeg.c_228,1,,1,1,id_13116_label_True_FFmpeg.c_2773,1,memset,1,0.1135,0.6063,0.2614,0.0,1.0,1.0,0.6,Case D (Missed Security Similarity)
devign,id_12095_label_True_FFmpeg.c_228,1,,1,2,id_12338_label_True_FFmpeg.c_2074,1,,1,0.1339,0.4517,0.2293,1.0,1.0,1.0,1.0,Case D (Missed Security Similarity)
devign,id_12095_label_True_FFmpeg.c_228,1,,1,3,id_11252_label_True_qemu.c_1122,1,,3,0.0465,0.559,0.2002,1.0,0.3333,0.6667,0.7,Case D (Missed Security Similarity)
devign,id_12095_label_True_FFmpeg.c_228,1,,1,4,id_11507_label_True_qemu.c_1345,1,,1,0.0339,0.4654,0.1633,1.0,1.0,1.0,1.0,Case D (Missed Security Similarity)
devign,id_12095_label_True_FFmpeg.c_228,1,,1,5,id_12128_label_False_FFmpeg.c_1890,0,memset,2,0.0517,0.4071,0.1583,0.0,0.5,1.0,0.45,Uncorrelated / Low Similarity
devign,id_12099_label_False_FFmpeg.c_229,0,,1,1,id_10016_label_False_FFmpeg.c_14,0,,1,0.2212,0.9893,0.4516,1.0,1.0,1.0,1.0,Case D (Missed Security Similarity)
devign,id_12099_label_False_FFmpeg.c_229,0,,1,2,id_12239_label_True_FFmpeg.c_1987,1,,1,0.2114,0.9915,0.4454,1.0,1.0,0.6667,0.9,Case D (Missed Security Similarity)
devign,id_12099_label_False_FFmpeg.c_229,0,,1,3,id_10519_label_True_FFmpeg.c_466,1,,2,0.1917,0.9893,0.431,1.0,0.5,0.6667,0.75,Case D (Missed Security Similarity)
devign,id_12099_label_False_FFmpeg.c_229,0,,1,4,id_1330_label_True_FFmpeg.c_2948,1,memcpy,1,0.1287,0.9893,0.3869,0.0,1.0,1.0,0.6,Case D (Missed Security Similarity)
devign,id_12099_label_False_FFmpeg.c_229,0,,1,5,id_1009_label_False_FFmpeg.c_93,0,,1,0.1753,0.8661,0.3826,1.0,1.0,1.0,1.0,Case D (Missed Security Similarity)
devign,id_12106_label_False_FFmpeg.c_230,0,,1,1,id_12790_label_True_FFmpeg.c_2477,1,,1,0.0831,0.7695,0.289,1.0,1.0,1.0,1.0,Case D (Missed Security Similarity)
devign,id_12106_label_False_FFmpeg.c_230,0,,1,2,id_11211_label_True_FFmpeg.c_1082,1,memset,1,0.0424,0.6966,0.2387,0.0,1.0,1.0,0.6,Case D (Missed Security Similarity)
devign,id_12106_label_False_FFmpeg.c_230,0,,1,3,id_10181_label_True_FFmpeg.c_170,1,printf,2,0.0506,0.3355,0.1361,0.0,0.5,1.0,0.45,Uncorrelated / Low Similarity
devign,id_12106_label_False_FFmpeg.c_230,0,,1,4,id_10468_label_True_FFmpeg.c_421,1,memset|memcpy|free,3,0.0451,0.3443,0.1348,0.0,0.3333,0.6667,0.3,Uncorrelated / Low Similarity
devign,id_12106_label_False_FFmpeg.c_230,0,,1,5,id_11081_label_False_FFmpeg.c_962,0,memset|memcpy|free,3,0.0451,0.3423,0.1343,0.0,0.3333,0.6667,0.3,Uncorrelated / Low Similarity
devign,id_12111_label_False_qemu.c_231,0,,0,1,id_12574_label_True_FFmpeg.c_2287,1,,0,0.3214,0.6452,0.4185,1.0,1.0,1.0,1.0,Case C (Dangerous - Label Mismatch)
devign,id_12111_label_False_qemu.c_231,0,,0,2,id_1176_label_False_qemu.c_1582,0,,1,0.3,0.5831,0.3849,1.0,0.0,1.0,0.7,Case A (Good)
devign,id_12111_label_False_qemu.c_231,0,,0,3,id_10379_label_False_qemu.c_341,0,,1,0.2571,0.4262,0.3079,1.0,0.0,0.6667,0.6,Case A (Good)
devign,id_12111_label_False_qemu.c_231,0,,0,4,id_12088_label_True_qemu.c_1859,1,memcpy|free|malloc,2,0.1216,0.3996,0.205,0.0,0.0,0.6667,0.2,Uncorrelated / Low Similarity
devign,id_12111_label_False_qemu.c_231,0,,0,5,id_12100_label_False_FFmpeg.c_1869,0,memcpy,3,0.0879,0.4237,0.1887,0.0,0.0,1.0,0.3,Uncorrelated / Low Similarity
devign,id_12130_label_False_qemu.c_232,0,,1,1,id_12276_label_True_qemu.c_2021,1,,1,0.0128,0.5506,0.1741,1.0,1.0,0.6667,0.9,Case D (Missed Security Similarity)
devign,id_12130_label_False_qemu.c_232,0,,1,2,id_12002_label_True_qemu.c_1783,1,,0,0.0392,0.3807,0.1417,1.0,0.0,0.6667,0.6,Case D (Missed Security Similarity)
devign,id_12130_label_False_qemu.c_232,0,,1,3,id_11144_label_False_qemu.c_1017,0,,1,0.0116,0.3776,0.1214,1.0,1.0,0.6667,0.9,Case D (Missed Security Similarity)
devign,id_12130_label_False_qemu.c_232,0,,1,4,id_11973_label_False_qemu.c_1760,0,fprintf|printf,1,0.024,0.3447,0.1203,0.0,1.0,0.6667,0.5,Case D (Missed Security Similarity)
devign,id_12130_label_False_qemu.c_232,0,,1,5,id_11485_label_True_FFmpeg.c_1326,1,calloc|sscanf,2,0.0833,0.1194,0.0942,0.0,0.5,0.6667,0.35,Uncorrelated / Low Similarity
devign,id_12133_label_False_qemu.c_233,0,,1,1,id_11477_label_True_qemu.c_1317,1,,1,0.1667,0.6652,0.3162,1.0,1.0,0.6667,0.9,Case D (Missed Security Similarity)
devign,id_12133_label_False_qemu.c_233,0,,1,2,id_11523_label_True_qemu.c_1359,1,,0,0.186,0.5514,0.2956,1.0,0.0,0.6667,0.6,Case D (Missed Security Similarity)
devign,id_12133_label_False_qemu.c_233,0,,1,3,id_11669_label_False_qemu.c_1490,0,,1,0.1591,0.5965,0.2903,1.0,1.0,0.6667,0.9,Case D (Missed Security Similarity)
devign,id_12133_label_False_qemu.c_233,0,,1,4,id_12590_label_True_qemu.c_2303,1,,1,0.127,0.5451,0.2524,1.0,1.0,0.6667,0.9,Case D (Missed Security Similarity)
devign,id_12133_label_False_qemu.c_233,0,,1,5,id_10257_label_False_qemu.c_236,0,,1,0.0513,0.4295,0.1648,1.0,1.0,0.6667,0.9,Case D (Missed Security Similarity)
devign,id_12134_label_False_qemu.c_234,0,printf,1,1,id_1203_label_False_qemu.c_1817,0,,1,0.2973,0.6432,0.4011,0.0,1.0,0.6667,0.5,Case A (Good)
devign,id_12134_label_False_qemu.c_234,0,printf,1,2,id_10955_label_False_qemu.c_850,0,,0,0.2203,0.3406,0.2564,0.0,0.0,0.6667,0.2,Uncorrelated / Low Similarity
devign,id_12134_label_False_qemu.c_234,0,printf,1,3,id_12771_label_False_qemu.c_2466,0,,1,0.2,0.3836,0.2551,0.0,1.0,0.6667,0.5,Case D (Missed Security Similarity)
devign,id_12134_label_False_qemu.c_234,0,printf,1,4,id_11134_label_False_qemu.c_1010,0,read,2,0.0822,0.4732,0.1995,0.0,0.5,1.0,0.45,Uncorrelated / Low Similarity
devign,id_12134_label_False_qemu.c_234,0,printf,1,5,id_10261_label_False_qemu.c_241,0,,1,0.0536,0.0099,0.0405,0.0,1.0,0.6667,0.5,Case D (Missed Security Similarity)
devign,id_12142_label_False_qemu.c_235,0,,1,1,id_12532_label_False_qemu.c_2248,0,snprintf,3,0.1491,0.8499,0.3594,0.0,0.3333,1.0,0.4,Uncorrelated / Low Similarity
devign,id_12142_label_False_qemu.c_235,0,,1,2,id_10272_label_False_qemu.c_249,0,strcmp,2,0.1304,0.6251,0.2788,0.0,0.5,1.0,0.45,Uncorrelated / Low Similarity
devign,id_12142_label_False_qemu.c_235,0,,1,3,id_12872_label_False_qemu.c_2549,0,,1,0.1522,0.4857,0.2522,1.0,1.0,0.6667,0.9,Case D (Missed Security Similarity)
devign,id_12142_label_False_qemu.c_235,0,,1,4,id_12127_label_False_qemu.c_1889,0,,1,0.0761,0.4433,0.1862,1.0,1.0,0.6667,0.9,Case D (Missed Security Similarity)
devign,id_12142_label_False_qemu.c_235,0,,1,5,id_10214_label_True_qemu.c_199,1,,0,0.075,0.3387,0.1541,1.0,0.0,0.3333,0.5,Case D (Missed Security Similarity)
devign,id_12145_label_False_qemu.c_236,0,fprintf,1,1,id_1245_label_False_qemu.c_2176,0,fprintf,2,0.2091,0.288,0.2328,1.0,0.5,1.0,0.85,Case D (Missed Security Similarity)
devign,id_12145_label_False_qemu.c_236,0,fprintf,1,2,id_13067_label_False_qemu.c_2729,0,,1,0.0763,0.4066,0.1754,0.0,1.0,0.6667,0.5,Case D (Missed Security Similarity)
devign,id_12145_label_False_qemu.c_236,0,fprintf,1,3,id_13207_label_True_FFmpeg.c_2852,1,,0,0.0722,0.2792,0.1343,0.0,0.0,0.6667,0.2,Uncorrelated / Low Similarity
devign,id_12145_label_False_qemu.c_236,0,fprintf,1,4,id_10821_label_True_qemu.c_733,1,,1,0.0698,0.0112,0.0522,0.0,1.0,1.0,0.6,Case D (Missed Security Similarity)
devign,id_12145_label_False_qemu.c_236,0,fprintf,1,5,id_11944_label_True_qemu.c_1738,1,,1,0.04,0.0092,0.0308,0.0,1.0,1.0,0.6,Case D (Missed Security Similarity)
devign,id_1215_label_False_qemu.c_237,0,,2,1,id_12782_label_True_qemu.c_2473,1,,2,0.0909,0.6608,0.2619,1.0,1.0,0.6667,0.9,Case D (Missed Security Similarity)
devign,id_1215_label_False_qemu.c_237,0,,2,2,id_11259_label_False_qemu.c_1128,0,,2,0.0758,0.3995,0.1729,1.0,1.0,0.6667,0.9,Case D (Missed Security Similarity)
devign,id_1215_label_False_qemu.c_237,0,,2,3,id_13134_label_True_qemu.c_2790,1,memset|memcpy,2,0.0449,0.3175,0.1267,0.0,1.0,1.0,0.6,Case D (Missed Security Similarity)
devign,id_1215_label_False_qemu.c_237,0,,2,4,id_11479_label_True_FFmpeg.c_1319,1,memset|memcpy,2,0.0263,0.2508,0.0937,0.0,1.0,1.0,0.6,Case D (Missed Security Similarity)
devign,id_1215_label_False_qemu.c_237,0,,2,5,id_13336_label_True_qemu.c_2973,1,,3,0.0779,0.0107,0.0578,1.0,0.6667,0.6667,0.8,Case D (Missed Security Similarity)
devign,id_12182_label_True_qemu.c_238,1,,1,1,id_10537_label_False_qemu.c_484,0,strcmp,0,0.3333,0.5812,0.4077,0.0,0.0,1.0,0.3,Case C (Dangerous - Label Mismatch)
devign,id_12182_label_True_qemu.c_238,1,,1,2,id_1294_label_False_qemu.c_2623,0,,2,0.2353,0.5491,0.3294,1.0,0.5,1.0,0.85,Case D (Missed Security Similarity)
devign,id_12182_label_True_qemu.c_238,1,,1,3,id_11363_label_True_qemu.c_1219,1,,1,0.125,0.2342,0.1578,1.0,0.0,1.0,0.7,Case D (Missed Security Similarity)
devign,id_12182_label_True_qemu.c_238,1,,1,4,id_1013_label_False_FFmpeg.c_130,0,strcmp,2,0.1064,0.2517,0.15,0.0,0.5,1.0,0.45,Uncorrelated / Low Similarity
devign,id_12182_label_True_qemu.c_238,1,,1,5,id_13281_label_True_FFmpeg.c_2922,1,strcmp,3,0.1111,0.1803,0.1319,0.0,0.3333,1.0,0.4,Uncorrelated / Low Similarity
devign,id_12190_label_False_FFmpeg.c_239,0,,3,1,id_12793_label_False_FFmpeg.c_2480,0,,3,0.3739,0.9938,0.5599,1.0,1.0,1.0,1.0,Case A (Good)
devign,id_12190_label_False_FFmpeg.c_239,0,,3,2,id_11031_label_False_FFmpeg.c_915,0,,1,0.0464,0.6667,0.2325,1.0,0.3333,0.6667,0.7,Case D (Missed Security Similarity)
devign,id_12190_label_False_FFmpeg.c_239,0,,3,3,id_13216_label_True_FFmpeg.c_2861,1,,1,0.0323,0.3275,0.1208,1.0,0.3333,1.0,0.8,Case D (Missed Security Similarity)
devign,id_12190_label_False_FFmpeg.c_239,0,,3,4,id_10514_label_False_FFmpeg.c_461,0,,2,0.0753,0.1232,0.0896,1.0,0.6667,1.0,0.9,Case D (Missed Security Similarity)
devign,id_12190_label_False_FFmpeg.c_239,0,,3,5,id_10324_label_False_FFmpeg.c_295,0,,1,0.0665,0.1256,0.0842,1.0,0.3333,1.0,0.8,Case D (Missed Security Similarity)
devign,id_12192_label_False_FFmpeg.c_240,0,,1,1,id_12498_label_True_FFmpeg.c_2214,1,memcpy,2,0.1477,0.6103,0.2865,0.0,0.5,1.0,0.45,Uncorrelated / Low Similarity
devign,id_12192_label_False_FFmpeg.c_240,0,,1,2,id_12474_label_False_qemu.c_2191,0,,1,0.0764,0.5783,0.227,1.0,1.0,0.6667,0.9,Case D (Missed Security Similarity)
devign,id_12192_label_False_FFmpeg.c_240,0,,1,3,id_10472_label_False_FFmpeg.c_423,0,,1,0.0551,0.6065,0.2205,1.0,1.0,0.6667,0.9,Case D (Missed Security Similarity)
devign,id_12192_label_False_FFmpeg.c_240,0,,1,4,id_10311_label_False_FFmpeg.c_284,0,,3,0.1,0.3959,0.1888,1.0,0.3333,1.0,0.8,Case D (Missed Security Similarity)
devign,id_12192_label_False_FFmpeg.c_240,0,,1,5,id_12947_label_True_FFmpeg.c_2621,1,,1,0.1053,0.3222,0.1703,1.0,1.0,0.6667,0.9,Case D (Missed Security Similarity)
devign,id_121_label_True_FFmpeg.c_241,1,,1,1,id_11487_label_True_qemu.c_1328,1,,1,0.0896,0.2863,0.1486,1.0,1.0,0.6667,0.9,Case D (Missed Security Similarity)
devign,id_121_label_True_FFmpeg.c_241,1,,1,2,id_11291_label_True_qemu.c_1158,1,,1,0.087,0.2719,0.1424,1.0,1.0,0.6667,0.9,Case D (Missed Security Similarity)
devign,id_121_label_True_FFmpeg.c_241,1,,1,3,id_11547_label_True_qemu.c_1378,1,,1,0.0758,0.2974,0.1423,1.0,1.0,0.6667,0.9,Case D (Missed Security Similarity)
devign,id_121_label_True_FFmpeg.c_241,1,,1,4,id_13201_label_True_qemu.c_2848,1,,1,0.0833,0.2341,0.1286,1.0,1.0,0.6667,0.9,Case D (Missed Security Similarity)
devign,id_121_label_True_FFmpeg.c_241,1,,1,5,id_12508_label_True_qemu.c_2224,1,,1,0.0658,0.0087,0.0487,1.0,1.0,0.6667,0.9,Case D (Missed Security Similarity)
devign,id_12200_label_True_qemu.c_242,1,,1,1,id_12888_label_False_qemu.c_2565,0,,2,0.1212,0.7471,0.309,1.0,0.5,1.0,0.85,Case D (Missed Security Similarity)
devign,id_12200_label_True_qemu.c_242,1,,1,2,id_11464_label_True_qemu.c_1305,1,,1,0.1176,0.6335,0.2724,1.0,1.0,1.0,1.0,Case D (Missed Security Similarity)
devign,id_12200_label_True_qemu.c_242,1,,1,3,id_11922_label_False_qemu.c_1720,0,,1,0.0397,0.6435,0.2208,1.0,1.0,0.6667,0.9,Case D (Missed Security Similarity)
devign,id_12200_label_True_qemu.c_242,1,,1,4,id_12467_label_False_qemu.c_2184,0,memset,2,0.0787,0.3956,0.1737,0.0,0.5,1.0,0.45,Uncorrelated / Low Similarity
devign,id_12200_label_True_qemu.c_242,1,,1,5,id_12256_label_True_qemu.c_2003,1,fprintf,2,0.0575,0.3972,0.1594,0.0,0.5,0.6667,0.35,Uncorrelated / Low Similarity
devign,id_12205_label_True_qemu.c_243,1,,1,1,id_11009_label_False_qemu.c_896,0,,1,0.2647,0.6142,0.3695,1.0,1.0,1.0,1.0,Case C (Dangerous - Label Mismatch)
devign,id_12205_label_True_qemu.c_243,1,,1,2,id_10874_label_True_qemu.c_777,1,,2,0.169,0.4692,0.2591,1.0,0.5,0.6667,0.75,Case D (Missed Security Similarity)
devign,id_12205_label_True_qemu.c_243,1,,1,3,id_10718_label_False_FFmpeg.c_647,0,,1,0.1522,0.3666,0.2165,1.0,1.0,0.6667,0.9,Case D (Missed Security Similarity)
devign,id_12205_label_True_qemu.c_243,1,,1,4,id_12705_label_False_qemu.c_2404,0,write,1,0.0709,0.3499,0.1546,0.0,1.0,0.6667,0.5,Case D (Missed Security Similarity)
devign,id_12205_label_True_qemu.c_243,1,,1,5,id_13015_label_False_qemu.c_2686,0,,1,0.0432,0.2925,0.118,1.0,1.0,0.6667,0.9,Case D (Missed Security Similarity)
devign,id_12215_label_True_qemu.c_244,1,,1,1,id_11377_label_True_qemu.c_1231,1,,0,0.2222,0.2665,0.2355,1.0,0.0,1.0,0.7,Case D (Missed Security Similarity)
devign,id_12215_label_True_qemu.c_244,1,,1,2,id_1027_label_True_qemu.c_255,1,,0,0.2222,0.2665,0.2355,1.0,0.0,1.0,0.7,Case D (Missed Security Similarity)
devign,id_12215_label_True_qemu.c_244,1,,1,3,id_11817_label_True_qemu.c_1628,1,,0,0.2222,0.2665,0.2355,1.0,0.0,1.0,0.7,Case D (Missed Security Similarity)
devign,id_12215_label_True_qemu.c_244,1,,1,4,id_10794_label_True_qemu.c_707,1,,0,0.2,0.245,0.2135,1.0,0.0,1.0,0.7,Case D (Missed Security Similarity)
devign,id_12215_label_True_qemu.c_244,1,,1,5,id_10466_label_True_qemu.c_419,1,,1,0.2,0.0097,0.1429,1.0,1.0,1.0,1.0,Case D (Missed Security Similarity)
devign,id_12216_label_True_FFmpeg.c_245,1,memset|memcpy,1,1,id_12591_label_True_FFmpeg.c_2304,1,memcpy,2,0.313,0.5584,0.3866,0.5,0.5,1.0,0.65,Case A (Good)
devign,id_12216_label_True_FFmpeg.c_245,1,memset|memcpy,1,2,id_11275_label_False_qemu.c_1141,0,memcpy,1,0.1959,0.4697,0.278,0.5,1.0,0.6667,0.7,Case D (Missed Security Similarity)
devign,id_12216_label_True_FFmpeg.c_245,1,memset|memcpy,1,3,id_11952_label_False_qemu.c_1744,0,,2,0.1327,0.3957,0.2116,0.0,0.5,1.0,0.45,Uncorrelated / Low Similarity
devign,id_12216_label_True_FFmpeg.c_245,1,memset|memcpy,1,4,id_10401_label_True_FFmpeg.c_361,1,strcmp|printf,1,0.1567,0.3387,0.2113,0.0,1.0,1.0,0.6,Case D (Missed Security Similarity)
devign,id_12216_label_True_FFmpeg.c_245,1,memset|memcpy,1,5,id_13306_label_True_FFmpeg.c_2945,1,,1,0.0804,0.3536,0.1623,0.0,1.0,1.0,0.6,Case D (Missed Security Similarity)
devign,id_12243_label_True_qemu.c_246,1,,1,1,id_12733_label_False_qemu.c_2430,0,,2,0.1324,0.6608,0.2909,1.0,0.5,1.0,0.85,Case D (Missed Security Similarity)
devign,id_12243_label_True_qemu.c_246,1,,1,2,id_10704_label_False_qemu.c_632,0,strcmp,3,0.125,0.4172,0.2126,0.0,0.3333,1.0,0.4,Uncorrelated / Low Similarity
devign,id_12243_label_True_qemu.c_246,1,,1,3,id_10001_label_False_qemu.c_1,0,,1,0.1034,0.3946,0.1908,1.0,0.0,1.0,0.7,Case D (Missed Security Similarity)
devign,id_12243_label_True_qemu.c_246,1,,1,4,id_10225_label_False_qemu.c_207,0,,3,0.0702,0.2805,0.1333,1.0,0.3333,1.0,0.8,Case D (Missed Security Similarity)
devign,id_12243_label_True_qemu.c_246,1,,1,5,id_10781_label_True_qemu.c_694,1,,1,0.0385,0.2073,0.0891,1.0,0.0,1.0,0.7,Case D (Missed Security Similarity)
devign,id_12245_label_True_qemu.c_247,1,,3,1,id_10870_label_True_qemu.c_773,1,memcpy|send,3,0.2837,0.8373,0.4498,0.0,1.0,1.0,0.6,Case A (Good)
devign,id_12245_label_True_qemu.c_247,1,,3,2,id_12873_label_False_qemu.c_2550,0,,0,0.0374,0.2468,0.1002,1.0,0.0,0.3333,0.5,Case D (Missed Security Similarity)
devign,id_12245_label_True_qemu.c_247,1,,3,3,id_13189_label_True_qemu.c_2834,1,,1,0.0374,0.2309,0.0955,1.0,0.3333,0.6667,0.7,Case D (Missed Security Similarity)
devign,id_12245_label_True_qemu.c_247,1,,3,4,id_10315_label_False_qemu.c_288,0,,1,0.055,0.1196,0.0744,1.0,0.3333,0.6667,0.7,Case D (Missed Security Similarity)
devign,id_12245_label_True_qemu.c_247,1,,3,5,id_10527_label_False_qemu.c_473,0,,0,0.0288,0.0824,0.0449,1.0,0.0,0.6667,0.6,Case D (Missed Security Similarity)
devign,id_12255_label_True_FFmpeg.c_248,1,memset,2,1,id_10863_label_True_FFmpeg.c_768,1,memcpy,1,0.0871,0.5619,0.2295,0.0,0.5,1.0,0.45,Uncorrelated / Low Similarity
devign,id_12255_label_True_FFmpeg.c_248,1,memset,2,2,id_10703_label_False_qemu.c_631,0,snprintf,2,0.0493,0.5949,0.213,0.0,1.0,1.0,0.6,Case D (Missed Security Similarity)
devign,id_12255_label_True_FFmpeg.c_248,1,memset,2,3,id_12263_label_True_FFmpeg.c_2009,1,memset|free|printf,4,0.081,0.2934,0.1447,0.3333,0.5,0.6667,0.4833,Uncorrelated / Low Similarity
devign,id_12255_label_True_FFmpeg.c_248,1,memset,2,4,id_11350_label_True_qemu.c_1209,1,,2,0.0647,0.3159,0.14,0.0,0.3333,1.0,0.4,Uncorrelated / Low Similarity
devign,id_12255_label_True_FFmpeg.c_248,1,memset,2,5,id_11234_label_True_FFmpeg.c_1105,1,memset|memcpy|read|free,3,0.074,0.2902,0.1388,0.25,0.6667,0.6667,0.5,Case D (Missed Security Similarity)
devign,id_12257_label_True_qemu.c_249,1,,2,1,id_11004_label_False_qemu.c_892,0,,2,0.7541,0.4854,0.6735,1.0,1.0,1.0,1.0,Case C (Dangerous - Label Mismatch)
devign,id_12257_label_True_qemu.c_249,1,,2,2,id_10612_label_True_qemu.c_548,1,,2,0.3194,0.3513,0.329,1.0,1.0,1.0,1.0,Case A (Good)
devign,id_12257_label_True_qemu.c_249,1,,2,3,id_1261_label_False_qemu.c_2331,0,write,1,0.1918,0.5978,0.3136,0.0,0.5,1.0,0.45,Uncorrelated / Low Similarity
devign,id_12257_label_True_qemu.c_249,1,,2,4,id_1176_label_False_qemu.c_1582,0,,1,0.2593,0.3365,0.2824,1.0,0.5,1.0,0.85,Case C (Dangerous - Label Mismatch)
devign,id_12257_label_True_qemu.c_249,1,,2,5,id_12088_label_True_qemu.c_1859,1,memcpy|free|malloc,2,0.1313,0.6108,0.2752,0.0,0.3333,0.6667,0.3,Uncorrelated / Low Similarity
devign,id_12273_label_True_FFmpeg.c_250,1,,2,1,id_12982_label_True_FFmpeg.c_2655,1,memset,2,0.0976,0.6479,0.2627,0.0,0.3333,1.0,0.4,Uncorrelated / Low Similarity
devign,id_12273_label_True_FFmpeg.c_250,1,,2,2,id_1155_label_False_FFmpeg.c_1390,0,,1,0.1314,0.5128,0.2458,1.0,0.5,1.0,0.85,Case D (Missed Security Similarity)
devign,id_12273_label_True_FFmpeg.c_250,1,,2,3,id_10595_label_True_FFmpeg.c_536,1,,1,0.0286,0.1566,0.067,1.0,0.5,1.0,0.85,Case D (Missed Security Similarity)
devign,id_12273_label_True_FFmpeg.c_250,1,,2,4,id_10691_label_True_FFmpeg.c_619,1,free,1,0.0336,0.121,0.0598,0.0,0.5,0.6667,0.35,Uncorrelated / Low Similarity
devign,id_12273_label_True_FFmpeg.c_250,1,,2,5,id_11776_label_False_qemu.c_1589,0,memset,1,0.0588,0.0109,0.0444,0.0,0.5,0.3333,0.25,Uncorrelated / Low Similarity
devign,id_12278_label_True_FFmpeg.c_251,1,memcpy,2,1,id_10474_label_False_FFmpeg.c_425,0,memcpy,2,0.9787,1.0,0.9851,1.0,1.0,1.0,1.0,Case C (Dangerous - Label Mismatch)
devign,id_12278_label_True_FFmpeg.c_251,1,memcpy,2,2,id_11412_label_False_qemu.c_1263,0,,0,0.0123,0.1629,0.0575,0.0,0.0,0.6667,0.2,Uncorrelated / Low Similarity
devign,id_12278_label_True_FFmpeg.c_251,1,memcpy,2,3,id_11727_label_False_FFmpeg.c_1542,0,,2,0.0429,0.0733,0.052,0.0,0.3333,0.6667,0.3,Uncorrelated / Low Similarity
devign,id_12278_label_True_FFmpeg.c_251,1,memcpy,2,4,id_130_label_False_FFmpeg.c_2758,0,,1,0.0483,0.0505,0.049,0.0,0.5,1.0,0.45,Uncorrelated / Low Similarity
devign,id_12278_label_True_FFmpeg.c_251,1,memcpy,2,5,id_11579_label_False_FFmpeg.c_1409,0,,1,0.0407,0.0493,0.0433,0.0,0.5,1.0,0.45,Uncorrelated / Low Similarity
devign,id_1227_label_False_qemu.c_252,0,,2,1,id_10083_label_False_qemu.c_75,0,,2,0.3659,0.7489,0.4808,1.0,1.0,1.0,1.0,Case A (Good)
devign,id_1227_label_False_qemu.c_252,0,,2,2,id_11721_label_True_qemu.c_1537,1,,3,0.1208,0.7018,0.2951,1.0,0.6667,1.0,0.9,Case D (Missed Security Similarity)
devign,id_1227_label_False_qemu.c_252,0,,2,3,id_10603_label_True_qemu.c_543,1,,2,0.1405,0.633,0.2883,1.0,1.0,1.0,1.0,Case D (Missed Security Similarity)
devign,id_1227_label_False_qemu.c_252,0,,2,4,id_10704_label_False_qemu.c_632,0,strcmp,3,0.0986,0.331,0.1683,0.0,0.6667,1.0,0.5,Case D (Missed Security Similarity)
devign,id_1227_label_False_qemu.c_252,0,,2,5,id_10285_label_False_qemu.c_259,0,,1,0.119,0.1219,0.1199,1.0,0.5,1.0,0.85,Case D (Missed Security Similarity)
devign,id_12281_label_True_qemu.c_253,1,,2,1,id_10160_label_False_FFmpeg.c_150,0,strcmp,1,0.0679,0.4761,0.1904,0.0,0.5,0.6667,0.35,Uncorrelated / Low Similarity
devign,id_12281_label_True_qemu.c_253,1,,2,2,id_11144_label_False_qemu.c_1017,0,,1,0.0346,0.5473,0.1884,1.0,0.5,0.6667,0.75,Case D (Missed Security Similarity)
devign,id_12281_label_True_qemu.c_253,1,,2,3,id_13246_label_True_qemu.c_2890,1,,1,0.0417,0.3533,0.1351,1.0,0.5,0.6667,0.75,Case D (Missed Security Similarity)
devign,id_12281_label_True_qemu.c_253,1,,2,4,id_11973_label_False_qemu.c_1760,0,fprintf|printf,1,0.0717,0.2752,0.1327,0.0,0.5,0.6667,0.35,Uncorrelated / Low Similarity
devign,id_12281_label_True_qemu.c_253,1,,2,5,id_12276_label_True_qemu.c_2021,1,,1,0.0321,0.2579,0.0998,1.0,0.5,0.6667,0.75,Case D (Missed Security Similarity)
devign,id_122_label_True_qemu.c_254,1,fprintf|strcmp|sscanf,3,1,id_13062_label_False_qemu.c_2724,0,read,3,0.1034,0.6409,0.2647,0.0,0.5,0.6667,0.35,Uncorrelated / Low Similarity
devign,id_122_label_True_qemu.c_254,1,fprintf|strcmp|sscanf,3,2,id_12644_label_False_qemu.c_2354,0,,2,0.1009,0.5178,0.226,0.0,0.25,0.6667,0.275,Uncorrelated / Low Similarity
devign,id_122_label_True_qemu.c_254,1,fprintf|strcmp|sscanf,3,3,id_11004_label_False_qemu.c_892,0,,2,0.0919,0.5016,0.2148,0.0,0.6667,0.6667,0.4,Uncorrelated / Low Similarity
devign,id_122_label_True_qemu.c_254,1,fprintf|strcmp|sscanf,3,4,id_11950_label_False_qemu.c_1742,0,,1,0.0989,0.4472,0.2034,0.0,0.3333,0.6667,0.3,Uncorrelated / Low Similarity
devign,id_122_label_True_qemu.c_254,1,fprintf|strcmp|sscanf,3,5,id_12234_label_True_qemu.c_1982,1,,2,0.0377,0.0084,0.0289,0.0,0.25,0.6667,0.275,Uncorrelated / Low Similarity
devign,id_12305_label_False_FFmpeg.c_255,0,,2,1,id_11757_label_False_FFmpeg.c_1568,0,,2,0.3355,0.7528,0.4607,1.0,1.0,1.0,1.0,Case A (Good)
devign,id_12305_label_False_FFmpeg.c_255,0,,2,2,id_12464_label_False_FFmpeg.c_2181,0,,2,0.3185,0.7515,0.4484,1.0,1.0,1.0,1.0,Case A (Good)
devign,id_12305_label_False_FFmpeg.c_255,0,,2,3,id_11867_label_False_FFmpeg.c_1669,0,memset,2,0.2692,0.7578,0.4158,0.0,1.0,1.0,0.6,Case A (Good)
devign,id_12305_label_False_FFmpeg.c_255,0,,2,4,id_10731_label_True_FFmpeg.c_655,1,printf,2,0.0939,0.763,0.2946,0.0,0.3333,1.0,0.4,Uncorrelated / Low Similarity
devign,id_12305_label_False_FFmpeg.c_255,0,,2,5,id_12290_label_True_FFmpeg.c_2034,1,,1,0.1325,0.5934,0.2708,1.0,0.5,1.0,0.85,Case D (Missed Security Similarity)
devign,id_12307_label_False_qemu.c_256,0,,1,1,id_10994_label_False_qemu.c_881,0,send,1,0.2472,0.7766,0.406,0.0,1.0,1.0,0.6,Case D (Missed Security Similarity)
devign,id_12307_label_False_qemu.c_256,0,,1,2,id_10228_label_False_qemu.c_210,0,send,1,0.1442,0.5473,0.2651,0.0,1.0,0.6667,0.5,Case D (Missed Security Similarity)
devign,id_12307_label_False_qemu.c_256,0,,1,3,id_12260_label_True_qemu.c_2006,1,,1,0.1967,0.4109,0.261,1.0,1.0,0.6667,0.9,Case D (Missed Security Similarity)
devign,id_12307_label_False_qemu.c_256,0,,1,4,id_13074_label_True_qemu.c_2736,1,memcpy,2,0.101,0.3626,0.1795,0.0,0.5,0.6667,0.35,Uncorrelated / Low Similarity
devign,id_12307_label_False_qemu.c_256,0,,1,5,id_12195_label_True_FFmpeg.c_1949,1,,1,0.1667,0.0104,0.1198,1.0,1.0,1.0,1.0,Case D (Missed Security Similarity)
devign,id_12314_label_False_qemu.c_257,0,fprintf,1,1,id_1245_label_False_qemu.c_2176,0,fprintf,2,0.3333,0.2921,0.321,1.0,0.5,1.0,0.85,Case A (Good)
devign,id_12314_label_False_qemu.c_257,0,fprintf,1,2,id_12768_label_False_qemu.c_2462,0,,2,0.2368,0.3491,0.2705,0.0,0.5,1.0,0.45,Uncorrelated / Low Similarity
devign,id_12314_label_False_qemu.c_257,0,fprintf,1,3,id_10821_label_True_qemu.c_733,1,,1,0.1829,0.2674,0.2083,0.0,1.0,1.0,0.6,Case D (Missed Security Similarity)
devign,id_12314_label_False_qemu.c_257,0,fprintf,1,4,id_13289_label_False_FFmpeg.c_2929,0,,1,0.0329,0.3823,0.1377,0.0,1.0,0.6667,0.5,Case D (Missed Security Similarity)
devign,id_12314_label_False_qemu.c_257,0,fprintf,1,5,id_13299_label_False_FFmpeg.c_2938,0,,0,0.0247,0.2289,0.0859,0.0,0.0,0.3333,0.1,Uncorrelated / Low Similarity
devign,id_12320_label_False_qemu.c_258,0,,1,1,id_10372_label_False_qemu.c_336,0,,1,0.2162,0.5338,0.3115,1.0,1.0,1.0,1.0,Case D (Missed Security Similarity)
devign,id_12320_label_False_qemu.c_258,0,,1,2,id_11054_label_True_qemu.c_939,1,,1,0.1852,0.4164,0.2545,1.0,1.0,0.6667,0.9,Case D (Missed Security Similarity)
devign,id_12320_label_False_qemu.c_258,0,,1,3,id_12631_label_False_qemu.c_2342,0,,0,0.122,0.4279,0.2137,1.0,0.0,1.0,0.7,Case D (Missed Security Similarity)
devign,id_12320_label_False_qemu.c_258,0,,1,4,id_12844_label_False_qemu.c_2524,0,,1,0.1471,0.283,0.1878,1.0,1.0,0.6667,0.9,Case D (Missed Security Similarity)
devign,id_12320_label_False_qemu.c_258,0,,1,5,id_10920_label_False_qemu.c_817,0,open,1,0.0588,0.2082,0.1036,0.0,1.0,1.0,0.6,Case D (Missed Security Similarity)
devign,id_12326_label_False_qemu.c_259,0,memset,1,1,id_11493_label_True_qemu.c_1333,1,memset,1,0.8364,0.9909,0.8827,1.0,1.0,1.0,1.0,Case C (Dangerous - Label Mismatch)
devign,id_12326_label_False_qemu.c_259,0,memset,1,2,id_10085_label_False_qemu.c_77,0,fprintf|read|write,3,0.0861,0.718,0.2757,0.0,0.3333,1.0,0.4,Uncorrelated / Low Similarity
devign,id_12326_label_False_qemu.c_259,0,memset,1,3,id_11090_label_False_FFmpeg.c_969,0,,1,0.0735,0.3036,0.1426,0.0,1.0,1.0,0.6,Case D (Missed Security Similarity)
devign,id_12326_label_False_qemu.c_259,0,memset,1,4,id_10143_label_False_FFmpeg.c_134,0,,1,0.0506,0.2302,0.1045,0.0,1.0,1.0,0.6,Case D (Missed Security Similarity)
devign,id_12326_label_False_qemu.c_259,0,memset,1,5,id_13032_label_True_qemu.c_2700,1,,3,0.0317,0.0119,0.0258,0.0,0.3333,0.6667,0.3,Uncorrelated / Low Similarity
devign,id_12329_label_False_qemu.c_260,0,fprintf|printf,3,1,id_13013_label_False_qemu.c_2684,0,,2,0.07,0.7447,0.2724,0.0,0.6667,1.0,0.5,Case D (Missed Security Similarity)
devign,id_12329_label_False_qemu.c_260,0,fprintf|printf,3,2,id_1221_label_False_qemu.c_1968,0,free,1,0.1047,0.4476,0.2076,0.0,0.3333,0.3333,0.2,Uncorrelated / Low Similarity
devign,id_12329_label_False_qemu.c_260,0,fprintf|printf,3,3,id_12956_label_True_FFmpeg.c_2629,1,,2,0.0791,0.3749,0.1678,0.0,0.6667,1.0,0.5,Case D (Missed Security Similarity)
devign,id_12329_label_False_qemu.c_260,0,fprintf|printf,3,4,id_10930_label_False_qemu.c_827,0,,1,0.071,0.3892,0.1665,0.0,0.3333,1.0,0.4,Uncorrelated / Low Similarity
devign,id_12329_label_False_qemu.c_260,0,fprintf|printf,3,5,id_1310_label_True_FFmpeg.c_2768,1,,1,0.0819,0.3506,0.1625,0.0,0.3333,1.0,0.4,Uncorrelated / Low Similarity
devign,id_12347_label_True_qemu.c_261,1,fprintf,0,1,id_12773_label_False_qemu.c_2468,0,,0,0.1429,0.4211,0.2263,0.0,1.0,1.0,0.6,Case D (Missed Security Similarity)
devign,id_12347_label_True_qemu.c_261,1,fprintf,0,2,id_11346_label_True_qemu.c_1205,1,fprintf|strcmp|read|free,3,0.0265,0.3482,0.1231,0.25,0.0,0.3333,0.2,Uncorrelated / Low Similarity
devign,id_12347_label_True_qemu.c_261,1,fprintf,0,3,id_10021_label_False_qemu.c_18,0,fprintf,1,0.0566,0.1787,0.0932,1.0,0.0,0.6667,0.6,Case D (Missed Security Similarity)
devign,id_12347_label_True_qemu.c_261,1,fprintf,0,4,id_11273_label_False_qemu.c_1139,0,fprintf,1,0.055,0.1787,0.0922,1.0,0.0,0.6667,0.6,Case D (Missed Security Similarity)
devign,id_12347_label_True_qemu.c_261,1,fprintf,0,5,id_10366_label_False_qemu.c_331,0,fprintf,1,0.0471,0.0153,0.0375,1.0,0.0,0.6667,0.6,Case D (Missed Security Similarity)
devign,id_12353_label_False_FFmpeg.c_262,0,,1,1,id_124_label_True_FFmpeg.c_2215,1,,1,0.0598,0.53,0.2009,1.0,0.0,1.0,0.7,Case D (Missed Security Similarity)
devign,id_12353_label_False_FFmpeg.c_262,0,,1,2,id_13041_label_True_FFmpeg.c_2705,1,,3,0.0938,0.4327,0.1954,1.0,0.3333,1.0,0.8,Case D (Missed Security Similarity)
devign,id_12353_label_False_FFmpeg.c_262,0,,1,3,id_12183_label_True_FFmpeg.c_1939,1,,1,0.0674,0.4129,0.171,1.0,1.0,0.6667,0.9,Case D (Missed Security Similarity)
devign,id_12353_label_False_FFmpeg.c_262,0,,1,4,id_11090_label_False_FFmpeg.c_969,0,,1,0.0707,0.3288,0.1481,1.0,1.0,1.0,1.0,Case D (Missed Security Similarity)
devign,id_12353_label_False_FFmpeg.c_262,0,,1,5,id_13032_label_True_qemu.c_2700,1,,3,0.055,0.234,0.1087,1.0,0.3333,0.6667,0.7,Case D (Missed Security Similarity)
devign,id_12357_label_False_FFmpeg.c_263,0,,1,1,id_11104_label_False_FFmpeg.c_984,0,,1,0.1156,0.7338,0.3011,1.0,1.0,1.0,1.0,Case D (Missed Security Similarity)
devign,id_12357_label_False_FFmpeg.c_263,0,,1,2,id_11472_label_False_FFmpeg.c_1312,0,,1,0.129,0.4804,0.2344,1.0,1.0,1.0,1.0,Case D (Missed Security Similarity)
devign,id_12357_label_False_FFmpeg.c_263,0,,1,3,id_10737_label_False_FFmpeg.c_659,0,,1,0.1594,0.3889,0.2283,1.0,1.0,1.0,1.0,Case D (Missed Security Similarity)
devign,id_12357_label_False_FFmpeg.c_263,0,,1,4,id_13089_label_True_FFmpeg.c_2748,1,,1,0.0599,0.5619,0.2105,1.0,1.0,0.6667,0.9,Case D (Missed Security Similarity)
devign,id_12357_label_False_FFmpeg.c_263,0,,1,5,id_12827_label_True_FFmpeg.c_2508,1,,1,0.05,0.5215,0.1914,1.0,1.0,0.6667,0.9,Case D (Missed Security Similarity)
devign,id_12362_label_False_FFmpeg.c_264,0,,1,1,id_10047_label_False_FFmpeg.c_43,0,,1,0.5636,0.0083,0.397,1.0,1.0,1.0,1.0,Case A (Good)
devign,id_12362_label_False_FFmpeg.c_264,0,,1,2,id_11076_label_True_qemu.c_958,1,,2,0.3111,0.4574,0.355,1.0,0.5,1.0,0.85,Case C (Dangerous - Label Mismatch)
devign,id_12362_label_False_FFmpeg.c_264,0,,1,3,id_10930_label_False_qemu.c_827,0,,1,0.2241,0.5026,0.3077,1.0,1.0,1.0,1.0,Case D (Missed Security Similarity)
devign,id_12362_label_False_FFmpeg.c_264,0,,1,4,id_11766_label_False_qemu.c_1578,0,,1,0.2241,0.5021,0.3075,1.0,1.0,1.0,1.0,Case D (Missed Security Similarity)
devign,id_12362_label_False_FFmpeg.c_264,0,,1,5,id_1177_label_False_qemu.c_1593,0,memset,2,0.1882,0.3638,0.2409,0.0,0.5,1.0,0.45,Uncorrelated / Low Similarity
devign,id_12365_label_False_qemu.c_265,0,,2,1,id_12000_label_True_qemu.c_1781,1,memset|fprintf,3,0.0932,0.3893,0.182,0.0,0.6667,1.0,0.5,Case D (Missed Security Similarity)
devign,id_12365_label_False_qemu.c_265,0,,2,2,id_11804_label_True_qemu.c_1618,1,,1,0.0986,0.2587,0.1466,1.0,0.5,1.0,0.85,Case D (Missed Security Similarity)
devign,id_12365_label_False_qemu.c_265,0,,2,3,id_12115_label_False_qemu.c_1880,0,free,3,0.0956,0.2515,0.1424,0.0,0.6667,0.3333,0.3,Uncorrelated / Low Similarity
devign,id_12365_label_False_qemu.c_265,0,,2,4,id_12711_label_False_qemu.c_2410,0,,2,0.1067,0.0143,0.079,1.0,0.3333,1.0,0.8,Case D (Missed Security Similarity)
devign,id_12365_label_False_qemu.c_265,0,,2,5,id_12495_label_True_qemu.c_2211,1,memset,3,0.0776,0.0123,0.058,0.0,0.6667,1.0,0.5,Case D (Missed Security Similarity)
devign,id_12367_label_False_qemu.c_266,0,,1,1,id_12233_label_True_qemu.c_1981,1,,1,0.1077,0.4192,0.2011,1.0,1.0,0.6667,0.9,Case D (Missed Security Similarity)
devign,id_12367_label_False_qemu.c_266,0,,1,2,id_12860_label_False_FFmpeg.c_2539,0,,1,0.0474,0.5063,0.1851,1.0,1.0,1.0,1.0,Case D (Missed Security Similarity)
devign,id_12367_label_False_qemu.c_266,0,,1,3,id_11195_label_True_qemu.c_1066,1,strcmp|snprintf,3,0.0763,0.3926,0.1712,0.0,0.3333,0.6667,0.3,Uncorrelated / Low Similarity
devign,id_12367_label_False_qemu.c_266,0,,1,4,id_13153_label_False_qemu.c_2805,0,,3,0.0678,0.4004,0.1676,1.0,0.3333,1.0,0.8,Case D (Missed Security Similarity)
devign,id_12367_label_False_qemu.c_266,0,,1,5,id_10921_label_False_qemu.c_818,0,,0,0.1053,0.0147,0.0781,1.0,0.0,0.6667,0.6,Case D (Missed Security Similarity)
devign,id_12376_label_False_qemu.c_267,0,,0,1,id_1272_label_False_FFmpeg.c_2427,0,free,1,0.2857,0.4296,0.3289,0.0,0.0,0.3333,0.1,Case B (Superficially Similar)
devign,id_12376_label_False_qemu.c_267,0,,0,2,id_13160_label_False_qemu.c_2810,0,,1,0.1739,0.5606,0.2899,1.0,0.0,0.6667,0.6,Case D (Missed Security Similarity)
devign,id_12376_label_False_qemu.c_267,0,,0,3,id_11203_label_True_qemu.c_1073,1,,1,0.1176,0.4288,0.211,1.0,0.0,0.6667,0.6,Case D (Missed Security Similarity)
devign,id_12376_label_False_qemu.c_267,0,,0,4,id_1053_label_True_qemu.c_486,1,,1,0.2,0.0101,0.143,1.0,0.0,0.3333,0.5,Case D (Missed Security Similarity)
devign,id_12376_label_False_qemu.c_267,0,,0,5,id_12197_label_True_qemu.c_1951,1,,1,0.2,0.0101,0.143,1.0,0.0,0.3333,0.5,Case D (Missed Security Similarity)
devign,id_12377_label_False_qemu.c_268,0,,1,1,id_11903_label_False_qemu.c_1703,0,,1,0.1042,0.1727,0.1247,1.0,1.0,0.6667,0.9,Case D (Missed Security Similarity)
devign,id_12377_label_False_qemu.c_268,0,,1,2,id_1329_label_True_qemu.c_2939,1,,0,0.0833,0.1594,0.1062,1.0,0.0,1.0,0.7,Case D (Missed Security Similarity)
devign,id_12377_label_False_qemu.c_268,0,,1,3,id_12715_label_False_qemu.c_2414,0,,1,0.0654,0.199,0.1055,1.0,1.0,0.6667,0.9,Case D (Missed Security Similarity)
devign,id_12377_label_False_qemu.c_268,0,,1,4,id_11785_label_True_qemu.c_1598,1,printf,1,0.0727,0.1761,0.1037,0.0,1.0,0.6667,0.5,Case D (Missed Security Similarity)
devign,id_12377_label_False_qemu.c_268,0,,1,5,id_12057_label_True_qemu.c_1831,1,printf,1,0.0635,0.1761,0.0973,0.0,1.0,0.6667,0.5,Case D (Missed Security Similarity)
devign,id_12378_label_False_qemu.c_269,0,fprintf,3,1,id_12892_label_False_qemu.c_2570,0,fprintf|memcpy|snprintf|printf,3,0.1208,0.8233,0.3315,0.25,1.0,1.0,0.7,Case D (Missed Security Similarity)
devign,id_12378_label_False_qemu.c_269,0,fprintf,3,2,id_12779_label_True_qemu.c_2471,1,fprintf|strcmp,3,0.1036,0.8191,0.3183,0.5,1.0,1.0,0.8,Case D (Missed Security Similarity)
devign,id_12378_label_False_qemu.c_269,0,fprintf,3,3,id_11099_label_True_qemu.c_977,1,fprintf,2,0.1458,0.5199,0.258,1.0,0.6667,1.0,0.9,Case D (Missed Security Similarity)
devign,id_12378_label_False_qemu.c_269,0,fprintf,3,4,id_12692_label_False_qemu.c_2392,0,fprintf,1,0.056,0.6652,0.2388,1.0,0.3333,1.0,0.8,Case D (Missed Security Similarity)
devign,id_12378_label_False_qemu.c_269,0,fprintf,3,5,id_10569_label_False_qemu.c_514,0,fprintf,2,0.1515,0.3745,0.2184,1.0,0.6667,1.0,0.9,Case D (Missed Security Similarity)
devign,id_12383_label_False_qemu.c_270,0,,1,1,id_1195_label_False_qemu.c_1749,0,,1,0.125,0.3556,0.1942,1.0,1.0,0.6667,0.9,Case D (Missed Security Similarity)
devign,id_12383_label_False_qemu.c_270,0,,1,2,id_13301_label_True_qemu.c_2942,1,,1,0.099,0.1825,0.1241,1.0,1.0,1.0,1.0,Case D (Missed Security Similarity)
devign,id_12383_label_False_qemu.c_270,0,,1,3,id_13232_label_True_qemu.c_2876,1,,1,0.0891,0.1825,0.1171,1.0,1.0,1.0,1.0,Case D (Missed Security Similarity)
devign,id_12383_label_False_qemu.c_270,0,,1,4,id_10303_label_False_qemu.c_276,0,,1,0.053,0.2561,0.1139,1.0,1.0,0.6667,0.9,Case D (Missed Security Similarity)
devign,id_12383_label_False_qemu.c_270,0,,1,5,id_10584_label_False_qemu.c_527,0,,1,0.1136,0.0124,0.0833,1.0,1.0,1.0,1.0,Case D (Missed Security Similarity)
devign,id_12384_label_False_qemu.c_271,0,,2,1,id_12534_label_False_qemu.c_2250,0,,2,0.241,0.6783,0.3722,1.0,1.0,1.0,1.0,Case D (Missed Security Similarity)
devign,id_12384_label_False_qemu.c_271,0,,2,2,id_12219_label_False_FFmpeg.c_1967,0,,2,0.093,0.5948,0.2435,1.0,1.0,0.6667,0.9,Case D (Missed Security Similarity)
devign,id_12384_label_False_qemu.c_271,0,,2,3,id_10719_label_False_qemu.c_648,0,,1,0.1053,0.4342,0.204,1.0,0.5,1.0,0.85,Case D (Missed Security Similarity)
devign,id_12384_label_False_qemu.c_271,0,,2,4,id_10191_label_False_FFmpeg.c_178,0,open|snprintf,3,0.0523,0.3853,0.1522,0.0,0.6667,0.6667,0.4,Uncorrelated / Low Similarity
devign,id_12384_label_False_qemu.c_271,0,,2,5,id_1289_label_False_qemu.c_2577,0,,1,0.0896,0.2671,0.1428,1.0,0.5,1.0,0.85,Case D (Missed Security Similarity)
devign,id_12395_label_False_FFmpeg.c_272,0,,3,1,id_12793_label_False_FFmpeg.c_2480,0,,3,0.1606,0.7732,0.3444,1.0,1.0,1.0,1.0,Case D (Missed Security Similarity)
devign,id_12395_label_False_FFmpeg.c_272,0,,3,2,id_126_label_False_FFmpeg.c_2401,0,,3,0.0667,0.6555,0.2433,1.0,1.0,0.6667,0.9,Case D (Missed Security Similarity)
devign,id_12395_label_False_FFmpeg.c_272,0,,3,3,id_11031_label_False_FFmpeg.c_915,0,,1,0.0811,0.5569,0.2238,1.0,0.3333,0.6667,0.7,Case D (Missed Security Similarity)
devign,id_12395_label_False_FFmpeg.c_272,0,,3,4,id_10324_label_False_FFmpeg.c_295,0,,1,0.1725,0.1199,0.1568,1.0,0.3333,1.0,0.8,Case D (Missed Security Similarity)
devign,id_12395_label_False_FFmpeg.c_272,0,,3,5,id_10514_label_False_FFmpeg.c_461,0,,2,0.1678,0.1223,0.1542,1.0,0.6667,1.0,0.9,Case D (Missed Security Similarity)
devign,id_12402_label_False_FFmpeg.c_273,0,memset|memcpy,1,1,id_12905_label_True_FFmpeg.c_2584,1,free,1,0.1004,0.6347,0.2607,0.0,1.0,0.6667,0.5,Case D (Missed Security Similarity)
devign,id_12402_label_False_FFmpeg.c_273,0,memset|memcpy,1,2,id_11353_label_False_FFmpeg.c_1212,0,,2,0.102,0.4853,0.217,0.0,0.5,1.0,0.45,Uncorrelated / Low Similarity
devign,id_12402_label_False_FFmpeg.c_273,0,memset|memcpy,1,3,id_11283_label_True_FFmpeg.c_1150,1,,1,0.0996,0.444,0.2029,0.0,1.0,1.0,0.6,Case D (Missed Security Similarity)
devign,id_12402_label_False_FFmpeg.c_273,0,memset|memcpy,1,4,id_10442_label_False_FFmpeg.c_395,0,,2,0.0323,0.4435,0.1556,0.0,0.5,0.6667,0.35,Uncorrelated / Low Similarity
devign,id_12402_label_False_FFmpeg.c_273,0,memset|memcpy,1,5,id_12282_label_True_FFmpeg.c_2025,1,,2,0.0605,0.3186,0.1379,0.0,0.5,0.6667,0.35,Uncorrelated / Low Similarity
devign,id_12409_label_True_qemu.c_274,1,,1,1,id_10822_label_True_qemu.c_734,1,,1,0.1068,0.6257,0.2625,1.0,1.0,1.0,1.0,Case D (Missed Security Similarity)
devign,id_12409_label_True_qemu.c_274,1,,1,2,id_12977_label_True_FFmpeg.c_2649,1,,1,0.0544,0.3073,0.1303,1.0,1.0,1.0,1.0,Case D (Missed Security Similarity)
devign,id_12409_label_True_qemu.c_274,1,,1,3,id_11850_label_False_qemu.c_1657,0,,1,0.0531,0.3079,0.1296,1.0,1.0,0.6667,0.9,Case D (Missed Security Similarity)
devign,id_12409_label_True_qemu.c_274,1,,1,4,id_11699_label_True_qemu.c_1513,1,,1,0.0773,0.2012,0.1144,1.0,1.0,1.0,1.0,Case D (Missed Security Similarity)
devign,id_12409_label_True_qemu.c_274,1,,1,5,id_13178_label_False_qemu.c_2825,0,,1,0.0352,0.209,0.0874,1.0,1.0,0.3333,0.8,Case D (Missed Security Similarity)
devign,id_12412_label_False_FFmpeg.c_275,0,,1,1,id_12896_label_False_FFmpeg.c_2573,0,printf,1,0.1667,0.3054,0.2083,0.0,1.0,0.6667,0.5,Case D (Missed Security Similarity)
devign,id_12412_label_False_FFmpeg.c_275,0,,1,2,id_11078_label_True_qemu.c_960,1,,2,0.1364,0.3392,0.1972,1.0,0.5,1.0,0.85,Case D (Missed Security Similarity)
devign,id_12412_label_False_FFmpeg.c_275,0,,1,3,id_11502_label_True_FFmpeg.c_1341,1,memcpy|write,2,0.0435,0.3724,0.1422,0.0,0.5,0.6667,0.35,Uncorrelated / Low Similarity
devign,id_12412_label_False_FFmpeg.c_275,0,,1,4,id_10880_label_False_FFmpeg.c_782,0,memcpy,3,0.0323,0.3583,0.1301,0.0,0.3333,0.6667,0.3,Uncorrelated / Low Similarity
devign,id_12412_label_False_FFmpeg.c_275,0,,1,5,id_10706_label_False_qemu.c_634,0,,2,0.1667,0.0136,0.1207,1.0,0.0,1.0,0.7,Case D (Missed Security Similarity)
devign,id_12429_label_True_FFmpeg.c_276,1,,1,1,id_12338_label_True_FFmpeg.c_2074,1,,1,0.2258,0.5361,0.3189,1.0,1.0,0.6667,0.9,Case D (Missed Security Similarity)
devign,id_12429_label_True_FFmpeg.c_276,1,,1,2,id_13108_label_False_FFmpeg.c_2766,0,,1,0.2,0.3785,0.2535,1.0,1.0,1.0,1.0,Case D (Missed Security Similarity)
devign,id_12429_label_True_FFmpeg.c_276,1,,1,3,id_13272_label_True_qemu.c_2914,1,,1,0.1094,0.4579,0.2139,1.0,1.0,1.0,1.0,Case D (Missed Security Similarity)
devign,id_12429_label_True_FFmpeg.c_276,1,,1,4,id_11507_label_True_qemu.c_1345,1,,1,0.0597,0.5673,0.212,1.0,1.0,0.6667,0.9,Case D (Missed Security Similarity)
devign,id_12429_label_True_FFmpeg.c_276,1,,1,5,id_11152_label_False_qemu.c_1025,0,,1,0.0759,0.1478,0.0975,1.0,1.0,1.0,1.0,Case D (Missed Security Similarity)
devign,id_12434_label_False_qemu.c_277,0,,1,1,id_11079_label_True_qemu.c_961,1,,1,0.7751,0.99,0.8396,1.0,1.0,1.0,1.0,Case C (Dangerous - Label Mismatch)
devign,id_12434_label_False_qemu.c_277,0,,1,2,id_1222_label_False_qemu.c_1978,0,strcmp|sscanf|memset|snprintf|read|strncat,3,0.1085,0.6709,0.2772,0.0,0.3333,1.0,0.4,Uncorrelated / Low Similarity
devign,id_12434_label_False_qemu.c_277,0,,1,3,id_12275_label_True_qemu.c_2020,1,memset|read,2,0.0968,0.4525,0.2035,0.0,0.5,0.6667,0.35,Uncorrelated / Low Similarity
devign,id_12434_label_False_qemu.c_277,0,,1,4,id_10854_label_True_qemu.c_761,1,,2,0.115,0.3232,0.1774,1.0,0.5,1.0,0.85,Case D (Missed Security Similarity)
devign,id_12434_label_False_qemu.c_277,0,,1,5,id_11754_label_True_qemu.c_1565,1,,2,0.0968,0.3219,0.1643,1.0,0.5,1.0,0.85,Case D (Missed Security Similarity)
devign,id_12451_label_False_qemu.c_278,0,gets,2,1,id_11878_label_True_qemu.c_1679,1,fprintf|gets,2,0.5734,0.3865,0.5173,0.5,1.0,1.0,0.8,Case C (Dangerous - Label Mismatch)
devign,id_12451_label_False_qemu.c_278,0,gets,2,2,id_11917_label_False_qemu.c_1715,0,,1,0.0448,0.5101,0.1844,0.0,0.5,1.0,0.45,Uncorrelated / Low Similarity
devign,id_12451_label_False_qemu.c_278,0,gets,2,3,id_10258_label_False_qemu.c_237,0,memset,1,0.0573,0.1888,0.0967,0.0,0.5,0.6667,0.35,Uncorrelated / Low Similarity
devign,id_12451_label_False_qemu.c_278,0,gets,2,4,id_12059_label_True_qemu.c_1833,1,,0,0.0137,0.1744,0.0619,0.0,0.0,0.6667,0.2,Uncorrelated / Low Similarity
devign,id_12451_label_False_qemu.c_278,0,gets,2,5,id_1140_label_True_qemu.c_1260,1,,1,0.0187,0.0109,0.0164,0.0,0.5,0.6667,0.35,Uncorrelated / Low Similarity
devign,id_12452_label_False_qemu.c_279,0,write,1,1,id_13038_label_True_qemu.c_2703,1,write,1,0.7403,0.9883,0.8147,1.0,1.0,1.0,1.0,Case C (Dangerous - Label Mismatch)
devign,id_12452_label_False_qemu.c_279,0,write,1,2,id_11845_label_False_qemu.c_1652,0,write,1,0.1254,0.4737,0.2299,1.0,1.0,1.0,1.0,Case D (Missed Security Similarity)
devign,id_12452_label_False_qemu.c_279,0,write,1,3,id_11411_label_False_qemu.c_1262,0,,1,0.1116,0.3705,0.1892,0.0,1.0,1.0,0.6,Case D (Missed Security Similarity)
devign,id_12452_label_False_qemu.c_279,0,write,1,4,id_13193_label_True_qemu.c_2838,1,,1,0.0696,0.3636,0.1578,0.0,1.0,1.0,0.6,Case D (Missed Security Similarity)
devign,id_12452_label_False_qemu.c_279,0,write,1,5,id_11394_label_True_qemu.c_1244,1,,0,0.0291,0.206,0.0822,0.0,0.0,0.6667,0.2,Uncorrelated / Low Similarity
devign,id_12470_label_False_qemu.c_280,0,write,1,1,id_1005_label_True_qemu.c_54,1,read|write,1,0.0896,0.6243,0.25,0.5,1.0,1.0,0.8,Case D (Missed Security Similarity)
devign,id_12470_label_False_qemu.c_280,0,write,1,2,id_11460_label_True_qemu.c_1301,1,fprintf,2,0.1031,0.528,0.2305,0.0,0.5,1.0,0.45,Uncorrelated / Low Similarity
devign,id_12470_label_False_qemu.c_280,0,write,1,3,id_12798_label_True_qemu.c_2484,1,strcmp,1,0.1,0.521,0.2263,0.0,0.0,0.6667,0.2,Uncorrelated / Low Similarity
devign,id_12470_label_False_qemu.c_280,0,write,1,4,id_11651_label_True_qemu.c_1474,1,,1,0.055,0.5789,0.2122,0.0,0.0,1.0,0.3,Uncorrelated / Low Similarity
devign,id_12470_label_False_qemu.c_280,0,write,1,5,id_13053_label_False_qemu.c_2715,0,,2,0.0749,0.0108,0.0557,0.0,0.5,1.0,0.45,Uncorrelated / Low Similarity
devign,id_12477_label_False_qemu.c_281,0,,1,1,id_12649_label_False_qemu.c_2357,0,,2,0.1167,0.7298,0.3006,1.0,0.5,1.0,0.85,Case D (Missed Security Similarity)
devign,id_12477_label_False_qemu.c_281,0,,1,2,id_10065_label_False_qemu.c_58,0,,2,0.1176,0.6189,0.268,1.0,0.5,1.0,0.85,Case D (Missed Security Similarity)
devign,id_12477_label_False_qemu.c_281,0,,1,3,id_11962_label_False_qemu.c_1752,0,,3,0.1029,0.5592,0.2398,1.0,0.3333,1.0,0.8,Case D (Missed Security Similarity)
devign,id_12477_label_False_qemu.c_281,0,,1,4,id_12430_label_True_qemu.c_2149,1,,1,0.087,0.1766,0.1139,1.0,1.0,1.0,1.0,Case D (Missed Security Similarity)
devign,id_12477_label_False_qemu.c_281,0,,1,5,id_10109_label_True_qemu.c_103,1,,2,0.14,0.0114,0.1014,1.0,0.5,1.0,0.85,Case D (Missed Security Similarity)
devign,id_12493_label_True_FFmpeg.c_282,1,,1,1,id_12198_label_True_FFmpeg.c_1952,1,,1,0.6779,0.0763,0.4974,1.0,1.0,1.0,1.0,Case A (Good)
devign,id_12493_label_True_FFmpeg.c_282,1,,1,2,id_13105_label_True_FFmpeg.c_2763,1,,2,0.0515,0.326,0.1338,1.0,0.5,1.0,0.85,Case D (Missed Security Similarity)
devign,id_12493_label_True_FFmpeg.c_282,1,,1,3,id_12403_label_True_FFmpeg.c_2125,1,,1,0.0485,0.0817,0.0584,1.0,1.0,0.6667,0.9,Case D (Missed Security Similarity)
devign,id_12493_label_True_FFmpeg.c_282,1,,1,4,id_12492_label_True_FFmpeg.c_2209,1,,1,0.0763,0.0146,0.0578,1.0,1.0,1.0,1.0,Case D (Missed Security Similarity)
devign,id_12493_label_True_FFmpeg.c_282,1,,1,5,id_11994_label_True_qemu.c_1774,1,,0,0.0144,0.0455,0.0237,1.0,0.0,0.6667,0.6,Case D (Missed Security Similarity)
devign,id_12499_label_True_qemu.c_283,1,,3,1,id_1083_label_False_qemu.c_750,0,,3,0.5844,0.9886,0.7057,1.0,1.0,0.6667,0.9,Case C (Dangerous - Label Mismatch)
devign,id_12499_label_True_qemu.c_283,1,,3,2,id_12583_label_True_qemu.c_2296,1,,3,0.3625,0.9909,0.551,1.0,1.0,0.6667,0.9,Case A (Good)
devign,id_12499_label_True_qemu.c_283,1,,3,3,id_1047_label_True_qemu.c_430,1,,3,0.2841,0.872,0.4605,1.0,1.0,0.6667,0.9,Case A (Good)
devign,id_12499_label_True_qemu.c_283,1,,3,4,id_11541_label_True_qemu.c_1374,1,,1,0.0488,0.487,0.1802,1.0,0.3333,0.6667,0.7,Case D (Missed Security Similarity)
devign,id_12499_label_True_qemu.c_283,1,,3,5,id_10331_label_False_qemu.c_302,0,,2,0.04,0.2658,0.1077,1.0,0.6667,0.6667,0.8,Case D (Missed Security Similarity)
devign,id_12544_label_False_qemu.c_284,0,,2,1,id_12161_label_True_qemu.c_1917,1,,2,0.9357,0.9894,0.9518,1.0,1.0,1.0,1.0,Case C (Dangerous - Label Mismatch)
devign,id_12544_label_False_qemu.c_284,0,,2,2,id_11855_label_False_qemu.c_1659,0,,1,0.0636,0.663,0.2434,1.0,0.5,0.6667,0.75,Case D (Missed Security Similarity)
devign,id_12544_label_False_qemu.c_284,0,,2,3,id_10933_label_False_qemu.c_829,0,,2,0.071,0.6177,0.235,1.0,1.0,0.6667,0.9,Case D (Missed Security Similarity)
devign,id_12544_label_False_qemu.c_284,0,,2,4,id_11432_label_True_qemu.c_1281,1,fprintf|strcmp,2,0.1012,0.3847,0.1862,0.0,1.0,1.0,0.6,Case D (Missed Security Similarity)
devign,id_12544_label_False_qemu.c_284,0,,2,5,id_1073_label_False_qemu.c_660,0,,1,0.0302,0.3043,0.1124,1.0,0.5,1.0,0.85,Case D (Missed Security Similarity)
devign,id_12545_label_False_qemu.c_285,0,,1,1,id_11682_label_False_qemu.c_1503,0,,1,0.4561,0.6016,0.4997,1.0,1.0,0.6667,0.9,Case A (Good)
devign,id_12545_label_False_qemu.c_285,0,,1,2,id_12521_label_True_qemu.c_2237,1,fprintf,1,0.0905,0.4173,0.1886,0.0,1.0,1.0,0.6,Case D (Missed Security Similarity)
devign,id_12545_label_False_qemu.c_285,0,,1,3,id_11130_label_False_qemu.c_1007,0,,1,0.1761,0.1128,0.1571,1.0,1.0,1.0,1.0,Case D (Missed Security Similarity)
devign,id_12545_label_False_qemu.c_285,0,,1,4,id_12831_label_False_qemu.c_2510,0,,1,0.0872,0.2977,0.1504,1.0,1.0,1.0,1.0,Case D (Missed Security Similarity)
devign,id_12545_label_False_qemu.c_285,0,,1,5,id_12303_label_False_qemu.c_2047,0,,1,0.0979,0.2436,0.1416,1.0,1.0,1.0,1.0,Case D (Missed Security Similarity)
devign,id_12548_label_True_qemu.c_286,1,,2,1,id_12380_label_False_qemu.c_2107,0,,2,0.0745,0.4573,0.1893,1.0,1.0,1.0,1.0,Case D (Missed Security Similarity)
devign,id_12548_label_True_qemu.c_286,1,,2,2,id_10703_label_False_qemu.c_631,0,snprintf,2,0.0786,0.4437,0.1881,0.0,1.0,1.0,0.6,Case D (Missed Security Similarity)
devign,id_12548_label_True_qemu.c_286,1,,2,3,id_12263_label_True_FFmpeg.c_2009,1,memset|free|printf,4,0.0447,0.4882,0.1777,0.0,0.5,0.6667,0.35,Uncorrelated / Low Similarity
devign,id_12548_label_True_qemu.c_286,1,,2,4,id_11234_label_True_FFmpeg.c_1105,1,memset|memcpy|read|free,3,0.053,0.3468,0.1411,0.0,0.6667,0.6667,0.4,Uncorrelated / Low Similarity
devign,id_12548_label_True_qemu.c_286,1,,2,5,id_13336_label_True_qemu.c_2973,1,,3,0.05,0.1124,0.0687,1.0,0.6667,0.6667,0.8,Case D (Missed Security Similarity)
devign,id_12556_label_False_FFmpeg.c_287,0,,2,1,id_12601_label_False_FFmpeg.c_2314,0,,1,0.0667,0.6943,0.255,1.0,0.5,0.6667,0.75,Case D (Missed Security Similarity)
devign,id_12556_label_False_FFmpeg.c_287,0,,2,2,id_12228_label_True_FFmpeg.c_1976,1,close|free,3,0.0631,0.5037,0.1953,0.0,0.6667,0.6667,0.4,Uncorrelated / Low Similarity
devign,id_12556_label_False_FFmpeg.c_287,0,,2,3,id_11064_label_False_FFmpeg.c_949,0,,1,0.0638,0.1993,0.1045,1.0,0.5,0.6667,0.75,Case D (Missed Security Similarity)
devign,id_12556_label_False_FFmpeg.c_287,0,,2,4,id_12332_label_False_FFmpeg.c_2068,0,,1,0.0571,0.1993,0.0998,1.0,0.5,0.6667,0.75,Case D (Missed Security Similarity)
devign,id_12556_label_False_FFmpeg.c_287,0,,2,5,id_10657_label_False_FFmpeg.c_592,0,,1,0.0676,0.0131,0.0513,1.0,0.5,0.6667,0.75,Case D (Missed Security Similarity)
devign,id_12558_label_True_qemu.c_288,1,,3,1,id_10234_label_False_qemu.c_215,0,,2,0.9697,0.998,0.9782,1.0,0.6667,1.0,0.9,Case C (Dangerous - Label Mismatch)
devign,id_12558_label_True_qemu.c_288,1,,3,2,id_12726_label_False_qemu.c_2424,0,strncmp,3,0.1392,0.5348,0.2579,0.0,1.0,1.0,0.6,Case D (Missed Security Similarity)
devign,id_12558_label_True_qemu.c_288,1,,3,3,id_13063_label_False_qemu.c_2725,0,memcpy,1,0.0763,0.3988,0.173,0.0,0.3333,1.0,0.4,Uncorrelated / Low Similarity
devign,id_12558_label_True_qemu.c_288,1,,3,4,id_12956_label_True_FFmpeg.c_2629,1,,2,0.1364,0.2474,0.1697,1.0,0.6667,1.0,0.9,Case D (Missed Security Similarity)
devign,id_12558_label_True_qemu.c_288,1,,3,5,id_10613_label_True_qemu.c_549,1,fprintf,2,0.1019,0.3108,0.1646,0.0,0.6667,1.0,0.5,Case D (Missed Security Similarity)
devign,id_12585_label_True_FFmpeg.c_289,1,,0,1,id_10419_label_True_FFmpeg.c_373,1,read,1,0.0781,0.024,0.0619,0.0,0.0,1.0,0.3,Uncorrelated / Low Similarity
devign,id_12585_label_True_FFmpeg.c_289,1,,0,2,id_10432_label_False_FFmpeg.c_385,0,,1,0.0545,0.0722,0.0598,1.0,0.0,1.0,0.7,Case D (Missed Security Similarity)
devign,id_12585_label_True_FFmpeg.c_289,1,,0,3,id_12013_label_False_FFmpeg.c_1793,0,,1,0.0375,0.0419,0.0388,1.0,0.0,1.0,0.7,Case D (Missed Security Similarity)
devign,id_12585_label_True_FFmpeg.c_289,1,,0,4,id_10754_label_False_FFmpeg.c_672,0,memset,4,0.0144,0.0312,0.0195,0.0,0.0,1.0,0.3,Uncorrelated / Low Similarity
devign,id_12585_label_True_FFmpeg.c_289,1,,0,5,id_12456_label_False_FFmpeg.c_2172,0,memset,3,0.0085,0.0168,0.011,0.0,0.0,1.0,0.3,Uncorrelated / Low Similarity
devign,id_12596_label_True_qemu.c_290,1,,1,1,id_12782_label_True_qemu.c_2473,1,,2,0.0962,0.5496,0.2322,1.0,0.5,0.6667,0.75,Case D (Missed Security Similarity)
devign,id_12596_label_True_qemu.c_290,1,,1,2,id_11541_label_True_qemu.c_1374,1,,1,0.1224,0.4267,0.2137,1.0,1.0,0.6667,0.9,Case D (Missed Security Similarity)
devign,id_12596_label_True_qemu.c_290,1,,1,3,id_12631_label_False_qemu.c_2342,0,,0,0.098,0.4579,0.206,1.0,0.0,0.6667,0.6,Case D (Missed Security Similarity)
devign,id_12596_label_True_qemu.c_290,1,,1,4,id_13336_label_True_qemu.c_2973,1,,3,0.0667,0.1117,0.0802,1.0,0.3333,0.6667,0.7,Case D (Missed Security Similarity)
devign,id_12596_label_True_qemu.c_290,1,,1,5,id_10331_label_False_qemu.c_302,0,,2,0.0735,0.0136,0.0556,1.0,0.5,0.6667,0.75,Case D (Missed Security Similarity)
devign,id_12607_label_True_FFmpeg.c_291,1,memcpy|send,2,1,id_11272_label_False_FFmpeg.c_1138,0,memcpy|read|send,1,0.7415,0.3383,0.6205,0.6667,0.5,1.0,0.7167,Case C (Dangerous - Label Mismatch)
devign,id_12607_label_True_FFmpeg.c_291,1,memcpy|send,2,2,id_12742_label_False_FFmpeg.c_2439,0,,2,0.1111,0.3934,0.1958,0.0,0.3333,0.6667,0.3,Uncorrelated / Low Similarity
devign,id_12607_label_True_FFmpeg.c_291,1,memcpy|send,2,3,id_12549_label_True_FFmpeg.c_2262,1,read,1,0.0932,0.41,0.1882,0.0,0.5,0.6667,0.35,Uncorrelated / Low Similarity
devign,id_12607_label_True_FFmpeg.c_291,1,memcpy|send,2,4,id_10140_label_False_FFmpeg.c_131,0,,2,0.0567,0.4678,0.18,0.0,0.3333,0.6667,0.3,Uncorrelated / Low Similarity
devign,id_12607_label_True_FFmpeg.c_291,1,memcpy|send,2,5,id_11666_label_False_FFmpeg.c_1487,0,read,1,0.0978,0.349,0.1732,0.0,0.5,0.6667,0.35,Uncorrelated / Low Similarity
devign,id_12616_label_False_FFmpeg.c_292,0,,1,1,id_12565_label_True_FFmpeg.c_2278,1,fprintf,1,0.1078,0.5544,0.2418,0.0,1.0,1.0,0.6,Case D (Missed Security Similarity)
devign,id_12616_label_False_FFmpeg.c_292,0,,1,2,id_10420_label_True_FFmpeg.c_375,1,,1,0.117,0.5071,0.234,1.0,1.0,1.0,1.0,Case D (Missed Security Similarity)
devign,id_12616_label_False_FFmpeg.c_292,0,,1,3,id_13196_label_False_FFmpeg.c_2841,0,,1,0.0976,0.435,0.1988,1.0,1.0,1.0,1.0,Case D (Missed Security Similarity)
devign,id_12616_label_False_FFmpeg.c_292,0,,1,4,id_11116_label_True_FFmpeg.c_996,1,,1,0.096,0.4219,0.1938,1.0,1.0,1.0,1.0,Case D (Missed Security Similarity)
devign,id_12616_label_False_FFmpeg.c_292,0,,1,5,id_11315_label_False_qemu.c_1178,0,,0,0.0526,0.0099,0.0398,1.0,0.0,0.3333,0.5,Case D (Missed Security Similarity)
devign,id_12624_label_False_qemu.c_293,0,snprintf,3,1,id_12071_label_True_qemu.c_1846,1,,2,0.0614,0.5356,0.2037,0.0,0.6667,0.6667,0.4,Uncorrelated / Low Similarity
devign,id_12624_label_False_qemu.c_293,0,snprintf,3,2,id_11699_label_True_qemu.c_1513,1,,1,0.0545,0.4402,0.1702,0.0,0.3333,1.0,0.4,Uncorrelated / Low Similarity
devign,id_12624_label_False_qemu.c_293,0,snprintf,3,3,id_13246_label_True_qemu.c_2890,1,,1,0.0435,0.392,0.148,0.0,0.3333,1.0,0.4,Uncorrelated / Low Similarity
devign,id_12624_label_False_qemu.c_293,0,snprintf,3,4,id_12608_label_True_qemu.c_2320,1,,2,0.036,0.1242,0.0625,0.0,0.6667,1.0,0.5,Case D (Missed Security Similarity)
devign,id_12624_label_False_qemu.c_293,0,snprintf,3,5,id_11937_label_True_qemu.c_1732,1,,1,0.0645,0.0115,0.0486,0.0,0.3333,0.6667,0.3,Uncorrelated / Low Similarity
devign,id_12635_label_False_qemu.c_294,0,,1,1,id_12771_label_False_qemu.c_2466,0,,1,0.2203,0.3766,0.2672,1.0,1.0,0.6667,0.9,Case D (Missed Security Similarity)
devign,id_12635_label_False_qemu.c_294,0,,1,2,id_11134_label_False_qemu.c_1010,0,read,2,0.1061,0.378,0.1876,0.0,0.5,1.0,0.45,Uncorrelated / Low Similarity
devign,id_12635_label_False_qemu.c_294,0,,1,3,id_12372_label_False_qemu.c_2104,0,,1,0.0781,0.3243,0.152,1.0,1.0,0.6667,0.9,Case D (Missed Security Similarity)
devign,id_12635_label_False_qemu.c_294,0,,1,4,id_13004_label_False_qemu.c_2675,0,,1,0.0781,0.3243,0.152,1.0,1.0,0.6667,0.9,Case D (Missed Security Similarity)
devign,id_12635_label_False_qemu.c_294,0,,1,5,id_11001_label_False_qemu.c_889,0,,0,0.1395,0.1576,0.145,1.0,0.0,0.6667,0.6,Case D (Missed Security Similarity)
devign,id_12642_label_False_qemu.c_295,0,printf|write,1,1,id_11154_label_False_qemu.c_1027,0,,1,0.1789,0.4809,0.2695,0.0,1.0,1.0,0.6,Case D (Missed Security Similarity)
devign,id_12642_label_False_qemu.c_295,0,printf|write,1,2,id_11323_label_False_qemu.c_1185,0,read|write,1,0.1511,0.4442,0.239,0.3333,1.0,1.0,0.7333,Case D (Missed Security Similarity)
devign,id_12642_label_False_qemu.c_295,0,printf|write,1,3,id_10261_label_False_qemu.c_241,0,,1,0.0795,0.3853,0.1713,0.0,1.0,0.6667,0.5,Case D (Missed Security Similarity)
devign,id_12642_label_False_qemu.c_295,0,printf|write,1,4,id_10138_label_False_qemu.c_128,0,,1,0.0795,0.2107,0.1189,0.0,1.0,0.6667,0.5,Case D (Missed Security Similarity)
devign,id_12642_label_False_qemu.c_295,0,printf|write,1,5,id_12481_label_False_qemu.c_2198,0,,1,0.0682,0.1847,0.1031,0.0,1.0,0.6667,0.5,Case D (Missed Security Similarity)
devign,id_12645_label_False_qemu.c_296,0,memset|malloc,3,1,id_11836_label_False_qemu.c_1646,0,memcpy,2,0.1463,0.6459,0.2962,0.0,0.6667,0.6667,0.4,Uncorrelated / Low Similarity
devign,id_12645_label_False_qemu.c_296,0,memset|malloc,3,2,id_10008_label_False_qemu.c_7,0,memset|printf,3,0.1373,0.4459,0.2298,0.3333,1.0,0.6667,0.6333,Case D (Missed Security Similarity)
devign,id_12645_label_False_qemu.c_296,0,memset|malloc,3,3,id_11148_label_False_qemu.c_1021,0,,1,0.1032,0.3308,0.1715,0.0,0.3333,0.6667,0.3,Uncorrelated / Low Similarity
devign,id_12645_label_False_qemu.c_296,0,memset|malloc,3,4,id_10012_label_False_qemu.c_12,0,,1,0.082,0.2602,0.1354,0.0,0.3333,0.3333,0.2,Uncorrelated / Low Similarity
devign,id_12645_label_False_qemu.c_296,0,memset|malloc,3,5,id_1140_label_True_qemu.c_1260,1,,1,0.0563,0.011,0.0427,0.0,0.3333,0.3333,0.2,Uncorrelated / Low Similarity
devign,id_12663_label_False_qemu.c_297,0,,1,1,id_13028_label_True_qemu.c_2696,1,,1,0.069,0.52,0.2043,1.0,1.0,0.6667,0.9,Case D (Missed Security Similarity)
devign,id_12663_label_False_qemu.c_297,0,,1,2,id_10591_label_True_qemu.c_534,1,memset,2,0.0442,0.3964,0.1499,0.0,0.5,0.6667,0.35,Uncorrelated / Low Similarity
devign,id_12663_label_False_qemu.c_297,0,,1,3,id_10695_label_True_FFmpeg.c_622,1,,1,0.08,0.1558,0.1027,1.0,1.0,0.6667,0.9,Case D (Missed Security Similarity)
devign,id_12663_label_False_qemu.c_297,0,,1,4,id_10468_label_True_FFmpeg.c_421,1,memset|memcpy|free,3,0.0157,0.2092,0.0738,0.0,0.3333,0.3333,0.2,Uncorrelated / Low Similarity
devign,id_12663_label_False_qemu.c_297,0,,1,5,id_11081_label_False_FFmpeg.c_962,0,memset|memcpy|free,3,0.0157,0.2092,0.0738,0.0,0.3333,0.3333,0.2,Uncorrelated / Low Similarity
devign,id_12667_label_False_qemu.c_298,0,fprintf|strcmp|snprintf,3,1,id_12526_label_False_qemu.c_2241,0,fprintf|strcmp|snprintf,3,0.5,0.5445,0.5133,1.0,1.0,1.0,1.0,Case A (Good)
devign,id_12667_label_False_qemu.c_298,0,fprintf|strcmp|snprintf,3,2,id_1301_label_False_qemu.c_2689,0,read,1,0.1389,0.5686,0.2678,0.0,0.3333,1.0,0.4,Uncorrelated / Low Similarity
devign,id_12667_label_False_qemu.c_298,0,fprintf|strcmp|snprintf,3,3,id_10816_label_True_qemu.c_728,1,fprintf|vsnprintf,2,0.2083,0.3684,0.2563,0.25,0.6667,1.0,0.6,Case D (Missed Security Similarity)
devign,id_12667_label_False_qemu.c_298,0,fprintf|strcmp|snprintf,3,4,id_11169_label_False_qemu.c_1039,0,,2,0.1028,0.5464,0.2359,0.0,0.25,0.6667,0.275,Uncorrelated / Low Similarity
devign,id_12667_label_False_qemu.c_298,0,fprintf|strcmp|snprintf,3,5,id_10684_label_True_qemu.c_612,1,,2,0.1071,0.0086,0.0776,0.0,0.25,0.6667,0.275,Uncorrelated / Low Similarity
devign,id_12668_label_False_qemu.c_299,0,,0,1,id_11675_label_False_qemu.c_1496,0,,0,0.1,0.0519,0.0856,1.0,1.0,1.0,1.0,Case D (Missed Security Similarity)
devign,id_12668_label_False_qemu.c_299,0,,0,2,id_10695_label_True_FFmpeg.c_622,1,,1,0.0682,0.041,0.06,1.0,0.0,0.6667,0.6,Case D (Missed Security Similarity)
devign,id_12668_label_False_qemu.c_299,0,,0,3,id_11120_label_False_FFmpeg.c_1000,0,,0,0.0429,0.0539,0.0462,1.0,1.0,0.6667,0.9,Case D (Missed Security Similarity)
devign,id_12668_label_False_qemu.c_299,0,,0,4,id_13242_label_True_qemu.c_2886,1,,2,0.0392,0.056,0.0443,1.0,0.0,1.0,0.7,Case D (Missed Security Similarity)
devign,id_12668_label_False_qemu.c_299,0,,0,5,id_12469_label_False_qemu.c_2186,0,,1,0.0366,0.024,0.0328,1.0,0.0,0.6667,0.6,Case D (Missed Security Similarity)
